timeframe,rank,story_similarity,candidate_start,candidate_end,local_index,open_time,level_price,level_type,interaction,repeated_test,post_interaction_expansion,open,high,low,close,volume
1m,1,0.6338297021880186,26225,26244,11,1789388100000,2511.799375,BODY_ZONE+SWING_HIGH,TEST,0,1,2512.13,2513.59,2511.96,2513.59,319.654
1m,1,0.6338297021880186,26225,26244,17,1789388460000,2511.799375,BODY_ZONE+SWING_HIGH,REJECTION,1,1,2512.15,2512.44,2511.68,2512.4,71.7397
1m,2,0.6215627315752257,16913,16932,10,1788829320000,2495.72,SWING_HIGH,HOLD,0,0,2494.71,2495.7,2493.58,2495.7,78.6629
1m,2,0.6215627315752257,16913,16932,12,1788829440000,2494.315,BODY_ZONE+SWING_HIGH,REJECTION,0,1,2495.3,2495.49,2494.44,2495.21,85.0378
1m,2,0.6215627315752257,16913,16932,13,1788829500000,2495.0387499999997,BODY_ZONE+SWING_HIGH,PULLBACK,0,1,2495.22,2496.57,2495.22,2496.57,134.4147
1m,2,0.6215627315752257,16913,16932,18,1788829800000,2495.72,SWING_HIGH,HOLD,1,1,2496.86,2496.86,2495.83,2495.87,55.7713
1m,2,0.6215627315752257,16913,16932,19,1788829860000,2495.0387499999997,BODY_ZONE+SWING_HIGH,PULLBACK,1,0,2495.87,2497.44,2495.27,2496.97,288.7421
1m,3,0.6175762745430039,26558,26577,10,1789408020000,2528.215,BODY_ZONE,REJECTION,0,0,2529.76,2529.99,2528.02,2529.33,267.4383
1m,3,0.6175762745430039,26558,26577,13,1789408200000,2528.215,BODY_ZONE,TEST,1,0,2530.84,2530.85,2528.47,2528.48,123.9458
1m,3,0.6175762745430039,26558,26577,14,1789408260000,2528.215,BODY_ZONE,PULLBACK,1,0,2528.47,2530.0,2528.41,2529.49,114.5519
1m,4,0.6123166692086192,9566,9585,10,1788388500000,2380.94125,BODY_ZONE+SWING_HIGH,REJECTION,0,1,2381.01,2381.18,2380.86,2380.86,64.3339
1m,4,0.6123166692086192,9566,9585,11,1788388560000,2380.94125,BODY_ZONE+SWING_HIGH,TEST,1,0,2380.87,2382.84,2380.87,2382.84,88.4454
1m,5,0.6074323077533311,8093,8112,10,1788300120000,2416.5962499999996,BODY_ZONE,TEST,0,1,2414.41,2416.62,2414.41,2416.41,127.8896
1m,5,0.6074323077533311,8093,8112,11,1788300180000,2415.69,SWING_LOW,HOLD,0,0,2416.41,2418.62,2415.79,2418.35,186.0348
1m,5,0.6074323077533311,8093,8112,14,1788300360000,2414.09,SWING_LOW,REJECTION,0,0,2415.3,2415.3,2413.82,2414.54,171.2925
1m,5,0.6074323077533311,8093,8112,15,1788300420000,2415.69,SWING_LOW,PULLBACK,1,0,2414.53,2415.63,2413.91,2415.24,69.9453
1m,5,0.6074323077533311,8093,8112,16,1788300480000,2416.5962499999996,BODY_ZONE,PULLBACK,1,0,2415.24,2417.16,2415.24,2416.59,99.0879
1m,5,0.6074323077533311,8093,8112,17,1788300540000,2416.5962499999996,BODY_ZONE,PULLBACK,1,0,2416.59,2416.59,2415.76,2416.43,26.3414
1m,5,0.6074323077533311,8093,8112,18,1788300600000,2416.5962499999996,BODY_ZONE,TEST,1,0,2416.42,2416.66,2416.41,2416.66,30.2355
1m,5,0.6074323077533311,8093,8112,19,1788300660000,2416.5962499999996,BODY_ZONE,TEST,1,0,2416.66,2417.39,2416.66,2417.37,30.1053
1m,6,0.6057145148990718,21049,21068,11,1789077540000,2460.16515625,BODY_ZONE+SWING_LOW,HOLD,0,1,2459.14,2460.27,2459.14,2460.27,38.4327
1m,6,0.6057145148990718,21049,21068,12,1789077600000,2460.5299999999997,BODY_ZONE+SWING_HIGH,HOLD,0,1,2460.27,2460.38,2457.95,2457.96,60.4225
1m,6,0.6057145148990718,21049,21068,16,1789077840000,2460.5299999999997,BODY_ZONE+SWING_HIGH,HOLD,1,0,2459.1,2460.35,2459.1,2459.98,20.7562
1m,6,0.6057145148990718,21049,21068,17,1789077900000,2460.16515625,BODY_ZONE+SWING_LOW,PULLBACK,1,0,2459.97,2459.97,2459.03,2459.03,26.1577
1m,7,0.600076152676982,18822,18841,11,1788943920000,2517.3900000000003,BODY_ZONE+SWING_LOW,REJECTION,0,1,2518.42,2518.42,2517.27,2518.39,89.3319
1m,7,0.600076152676982,18822,18841,13,1788944040000,2520.0,SWING_HIGH,PULLBACK,0,0,2521.45,2521.45,2519.84,2520.8,377.7507
1m,7,0.600076152676982,18822,18841,14,1788944100000,2520.0,SWING_HIGH,TEST,1,0,2520.8,2520.8,2520.08,2520.3,47.0608
1m,7,0.600076152676982,18822,18841,19,1788944400000,2518.8670312500003,BODY_ZONE+SWING_HIGH,HOLD,0,0,2519.72,2520.44,2518.25,2518.99,116.084
1m,8,0.5993691827315535,17180,17199,10,1788845340000,2482.30625,BODY_ZONE,REJECTION,0,0,2481.9,2482.69,2481.9,2482.11,100.0058
1m,8,0.5993691827315535,17180,17199,11,1788845400000,2482.30625,BODY_ZONE,TEST,1,1,2482.11,2482.43,2481.45,2481.46,93.303
1m,8,0.5993691827315535,17180,17199,12,1788845460000,2482.30625,BODY_ZONE,PULLBACK,1,1,2481.45,2482.29,2479.74,2482.17,528.8257
1m,8,0.5993691827315535,17180,17199,13,1788845520000,2482.30625,BODY_ZONE,PULLBACK,1,1,2482.17,2482.17,2480.43,2480.43,131.8357
1m,8,0.5993691827315535,17180,17199,14,1788845580000,2480.67,SWING_LOW,TEST,0,0,2480.44,2480.44,2478.65,2478.65,134.8761
1m,9,0.598732676192431,26555,26574,10,1789407840000,2526.165,BODY_ZONE,REJECTION,0,0,2526.94,2527.03,2526.2,2526.57,117.919
1m,9,0.598732676192431,26555,26574,11,1789407900000,2527.26,SWING_HIGH,REJECTION,0,1,2526.57,2527.37,2526.57,2526.67,68.8666
1m,9,0.598732676192431,26555,26574,16,1789408200000,2528.39,SWING_HIGH,HOLD,0,0,2530.84,2530.85,2528.47,2528.48,123.9458
1m,9,0.598732676192431,26555,26574,17,1789408260000,2528.39,SWING_HIGH,PULLBACK,1,0,2528.47,2530.0,2528.41,2529.49,114.5519
1m,10,0.5960917955037365,14016,14035,10,1788655500000,2487.8424999999997,BODY_ZONE,TEST,0,0,2487.55,2487.84,2486.87,2487.84,98.8625
1m,10,0.5960917955037365,14016,14035,11,1788655560000,2487.8424999999997,BODY_ZONE,REJECTION,1,0,2487.84,2488.37,2487.2,2487.83,106.8622
1m,10,0.5960917955037365,14016,14035,12,1788655620000,2487.8424999999997,BODY_ZONE,PULLBACK,1,0,2487.83,2488.47,2487.72,2487.98,121.7545
1m,10,0.5960917955037365,14016,14035,13,1788655680000,2488.79,SWING_HIGH,HOLD,0,0,2487.99,2489.05,2487.99,2488.91,71.818
1m,10,0.5960917955037365,14016,14035,14,1788655740000,2488.79,SWING_HIGH,HOLD,1,0,2488.91,2488.92,2488.61,2488.83,82.7196
1m,10,0.5960917955037365,14016,14035,15,1788655800000,2488.79,SWING_HIGH,HOLD,1,1,2488.83,2488.83,2488.23,2488.45,137.1484
1m,10,0.5960917955037365,14016,14035,19,1788656040000,2487.8424999999997,BODY_ZONE,TEST,1,0,2488.04,2489.38,2488.04,2489.38,89.2862
1m,11,0.5949807542204639,11060,11079,10,1788478140000,2498.80390625,BODY_ZONE+SWING_HIGH,TEST,0,0,2498.95,2502.0,2498.95,2501.99,140.6981
1m,11,0.5949807542204639,11060,11079,12,1788478260000,2498.80390625,BODY_ZONE+SWING_HIGH,HOLD,1,0,2500.05,2500.05,2498.84,2498.85,34.6667
1m,11,0.5949807542204639,11060,11079,14,1788478380000,2498.80390625,BODY_ZONE+SWING_HIGH,PULLBACK,1,0,2499.37,2501.18,2498.6,2501.17,54.3144
1m,12,0.5909564313559912,9293,9312,11,1788372180000,2393.15,BODY_ZONE,TEST,0,0,2394.84,2394.85,2393.06,2393.4,192.9653
1m,12,0.5909564313559912,9293,9312,12,1788372240000,2393.15,BODY_ZONE,REJECTION,1,0,2393.39,2393.39,2392.57,2393.16,107.4112
1m,12,0.5909564313559912,9293,9312,13,1788372300000,2392.47375,BODY_ZONE+SWING_HIGH,REJECTION,0,0,2393.16,2393.93,2392.51,2393.26,108.1939
1m,12,0.5909564313559912,9293,9312,14,1788372360000,2393.15,BODY_ZONE,TEST,1,0,2393.26,2393.26,2392.15,2392.87,69.9901
1m,12,0.5909564313559912,9293,9312,15,1788372420000,2392.47375,BODY_ZONE+SWING_HIGH,HOLD,1,1,2392.85,2393.09,2391.74,2392.42,149.3697
1m,12,0.5909564313559912,9293,9312,16,1788372480000,2393.825,SWING_HIGH,HOLD,0,1,2392.41,2394.55,2392.1,2393.87,341.351
1m,12,0.5909564313559912,9293,9312,17,1788372540000,2393.825,SWING_HIGH,PULLBACK,1,1,2393.88,2396.51,2393.88,2396.11,250.1602
1m,13,0.5900938648873146,5939,5958,11,1788170940000,2444.44,BODY_ZONE+SWING_HIGH,HOLD,0,0,2441.66,2444.29,2440.82,2444.04,342.3471
1m,13,0.5900938648873146,5939,5958,12,1788171000000,2442.41,BODY_ZONE+SWING_LOW,REJECTION,0,0,2444.04,2444.67,2442.54,2444.67,260.0942
1m,13,0.5900938648873146,5939,5958,13,1788171060000,2444.44,BODY_ZONE+SWING_HIGH,TEST,1,0,2444.67,2446.76,2444.63,2446.29,62.2714
1m,13,0.5900938648873146,5939,5958,14,1788171120000,2445.8599999999997,BODY_ZONE,TEST,0,0,2446.29,2448.59,2446.11,2447.67,102.7858
1m,14,0.5898610648744161,14021,14040,10,1788655800000,2488.45,BODY_ZONE,TEST,0,1,2488.83,2488.83,2488.23,2488.45,137.1484
1m,14,0.5898610648744161,14021,14040,13,1788655980000,2487.885,BODY_ZONE,PULLBACK,0,0,2491.26,2491.27,2488.03,2488.03,124.9717
1m,14,0.5898610648744161,14021,14040,14,1788656040000,2487.885,BODY_ZONE,TEST,1,0,2488.04,2489.38,2488.04,2489.38,89.2862
1m,14,0.5898610648744161,14021,14040,15,1788656100000,2490.0,SWING_HIGH,HOLD,0,0,2489.38,2489.94,2489.37,2489.79,115.6793
1m,14,0.5898610648744161,14021,14040,16,1788656160000,2490.0,SWING_HIGH,TEST,1,0,2489.8,2491.24,2489.8,2491.24,186.5974
1m,14,0.5898610648744161,14021,14040,18,1788656280000,2490.0,SWING_HIGH,HOLD,1,0,2491.26,2492.6,2490.06,2490.07,476.8801
1m,14,0.5898610648744161,14021,14040,19,1788656340000,2490.0,SWING_HIGH,TEST,1,0,2490.07,2490.77,2489.95,2490.2,135.4347
1m,15,0.5840704849168079,29990,30009,11,1789614000000,2430.92,BODY_ZONE,TEST,0,0,2429.08,2430.83,2429.08,2430.79,142.6599
1m,15,0.5840704849168079,29990,30009,12,1789614060000,2430.92,BODY_ZONE,REJECTION,1,1,2430.79,2431.39,2430.71,2430.71,149.9867
1m,15,0.5840704849168079,29990,30009,13,1789614120000,2430.92,BODY_ZONE,REJECTION,1,1,2430.71,2431.01,2430.05,2430.98,106.4963
1m,15,0.5840704849168079,29990,30009,14,1789614180000,2430.92,BODY_ZONE,TEST,1,1,2430.98,2432.8,2430.98,2432.74,169.7669
1m,15,0.5840704849168079,29990,30009,15,1789614240000,2432.63,SWING_HIGH,TEST,0,1,2432.73,2434.0,2432.61,2433.57,117.8843
1m,16,0.5830682871791988,7072,7091,10,1788238860000,2468.72,SWING_LOW,REJECTION,0,0,2469.92,2470.32,2468.73,2470.31,48.3811
1m,16,0.5830682871791988,7072,7091,11,1788238920000,2470.535,BODY_ZONE,TEST,0,0,2470.32,2472.17,2470.31,2472.16,64.7773
1m,17,0.5820054491600376,20845,20864,11,1789065300000,2457.755,BODY_ZONE,REJECTION,0,1,2458.34,2458.35,2457.1,2457.86,145.1169
1m,17,0.5820054491600376,20845,20864,12,1789065360000,2457.755,BODY_ZONE,PULLBACK,1,0,2457.87,2461.22,2457.87,2460.9,87.9827
1m,17,0.5820054491600376,20845,20864,13,1789065420000,2460.39,SWING_LOW,HOLD,0,1,2460.9,2461.98,2460.32,2461.98,212.5941
1m,17,0.5820054491600376,20845,20864,14,1789065480000,2461.4175,BODY_ZONE+SWING_HIGH,TEST,0,0,2461.99,2463.68,2461.21,2463.67,248.898
1m,17,0.5820054491600376,20845,20864,15,1789065540000,2462.69,SWING_HIGH,PULLBACK,0,0,2463.68,2464.7,2462.64,2463.12,376.7615
1m,17,0.5820054491600376,20845,20864,16,1789065600000,2462.69,SWING_HIGH,HOLD,1,0,2463.11,2463.12,2461.79,2462.71,99.0363
1m,17,0.5820054491600376,20845,20864,17,1789065660000,2462.69,SWING_HIGH,PULLBACK,1,0,2462.7,2463.67,2462.7,2463.67,107.1024
1m,17,0.5820054491600376,20845,20864,18,1789065720000,2462.69,SWING_HIGH,HOLD,1,0,2463.66,2463.67,2462.42,2462.43,108.177
1m,18,0.5797140719583355,10196,10215,11,1788426360000,2403.49,SWING_HIGH,HOLD,0,0,2401.59,2403.52,2401.33,2402.97,176.6153
1m,18,0.5797140719583355,10196,10215,12,1788426420000,2402.07,SWING_LOW,REJECTION,0,0,2402.97,2403.71,2402.11,2403.71,59.1917
1m,18,0.5797140719583355,10196,10215,13,1788426480000,2403.49,SWING_HIGH,TEST,1,0,2403.71,2405.25,2403.62,2405.2,38.18
1m,18,0.5797140719583355,10196,10215,15,1788426600000,2404.46,SWING_HIGH,PULLBACK,0,1,2404.99,2404.99,2404.41,2404.78,44.9547
1m,18,0.5797140719583355,10196,10215,18,1788426780000,2404.46,SWING_HIGH,HOLD,1,1,2407.25,2407.25,2404.31,2404.4,292.1495
1m,19,0.5778613792873228,4793,4812,11,1788102180000,2477.2200000000003,BODY_ZONE+SWING_LOW,REJECTION,0,0,2476.52,2477.28,2476.44,2476.67,149.5222
1m,19,0.5778613792873228,4793,4812,14,1788102360000,2478.1425,BODY_ZONE+SWING_HIGH,HOLD,0,0,2475.76,2477.95,2475.76,2477.82,251.3839
1m,19,0.5778613792873228,4793,4812,16,1788102480000,2478.1425,BODY_ZONE+SWING_HIGH,TEST,1,1,2478.47,2479.62,2478.14,2479.47,313.9467
1m,19,0.5778613792873228,4793,4812,17,1788102540000,2477.2200000000003,BODY_ZONE+SWING_LOW,HOLD,1,0,2479.47,2482.2,2477.45,2477.46,803.4845
1m,19,0.5778613792873228,4793,4812,18,1788102600000,2478.1425,BODY_ZONE+SWING_HIGH,HOLD,1,1,2477.45,2478.04,2476.48,2478.04,134.0077
1m,19,0.5778613792873228,4793,4812,19,1788102660000,2476.06,SWING_LOW,HOLD,0,0,2478.04,2478.04,2476.06,2476.06,254.5875
1m,20,0.5769487410512448,11059,11078,10,1788478080000,2498.591640625,BODY_ZONE+SWING_HIGH+SWING_LOW,REJECTION,0,1,2499.0,2499.01,2498.42,2498.94,48.3351
1m,20,0.5769487410512448,11059,11078,13,1788478260000,2498.591640625,BODY_ZONE+SWING_HIGH+SWING_LOW,HOLD,1,0,2500.05,2500.05,2498.84,2498.85,34.6667
1m,20,0.5769487410512448,11059,11078,15,1788478380000,2498.591640625,BODY_ZONE+SWING_HIGH+SWING_LOW,HOLD,1,0,2499.37,2501.18,2498.6,2501.17,54.3144
1m,21,0.5726515866520574,14020,14039,10,1788655740000,2489.0,SWING_HIGH,HOLD,0,1,2488.91,2488.92,2488.61,2488.83,82.7196
1m,21,0.5726515866520574,14020,14039,11,1788655800000,2488.45,BODY_ZONE,PULLBACK,0,1,2488.83,2488.83,2488.23,2488.45,137.1484
1m,21,0.5726515866520574,14020,14039,14,1788655980000,2487.885,BODY_ZONE,PULLBACK,0,1,2491.26,2491.27,2488.03,2488.03,124.9717
1m,21,0.5726515866520574,14020,14039,15,1788656040000,2487.885,BODY_ZONE,TEST,1,0,2488.04,2489.38,2488.04,2489.38,89.2862
1m,21,0.5726515866520574,14020,14039,16,1788656100000,2490.0,SWING_HIGH,HOLD,0,0,2489.38,2489.94,2489.37,2489.79,115.6793
1m,21,0.5726515866520574,14020,14039,17,1788656160000,2490.0,SWING_HIGH,TEST,1,0,2489.8,2491.24,2489.8,2491.24,186.5974
1m,21,0.5726515866520574,14020,14039,19,1788656280000,2490.0,SWING_HIGH,HOLD,1,0,2491.26,2492.6,2490.06,2490.07,476.8801
1m,22,0.5726212435322787,20750,20769,11,1789059600000,2447.59,BODY_ZONE+SWING_HIGH,REJECTION,0,1,2448.79,2448.92,2447.69,2448.92,73.7147
1m,22,0.5726212435322787,20750,20769,12,1789059660000,2447.59,BODY_ZONE+SWING_HIGH,HOLD,1,1,2448.91,2449.71,2447.38,2447.69,110.028
1m,22,0.5726212435322787,20750,20769,13,1789059720000,2447.59,BODY_ZONE+SWING_HIGH,TEST,1,0,2447.7,2450.14,2447.7,2449.08,393.2539
1m,22,0.5726212435322787,20750,20769,14,1789059780000,2447.59,BODY_ZONE+SWING_HIGH,HOLD,1,0,2449.09,2449.09,2447.1,2447.39,265.3799
1m,22,0.5726212435322787,20750,20769,15,1789059840000,2447.59,BODY_ZONE+SWING_HIGH,PULLBACK,1,0,2447.39,2448.35,2447.39,2448.35,112.7697
1m,23,0.5724303907418781,26556,26575,10,1789407900000,2527.24,SWING_HIGH,REJECTION,0,1,2526.57,2527.37,2526.57,2526.67,68.8666
1m,24,0.5720508531944897,4664,4683,10,1788094380000,2464.6496875000003,BODY_ZONE+SWING_HIGH,REJECTION,0,1,2465.03,2465.03,2464.54,2464.83,94.3503
1m,24,0.5720508531944897,4664,4683,11,1788094440000,2465.79,SWING_HIGH,REJECTION,0,1,2464.83,2465.65,2464.83,2464.85,83.2683
1m,24,0.5720508531944897,4664,4683,12,1788094500000,2464.6496875000003,BODY_ZONE+SWING_HIGH,TEST,1,1,2464.85,2466.81,2464.57,2466.36,182.7801
1m,25,0.5711537039443252,7459,7478,10,1788262080000,2455.1499999999996,BODY_ZONE,TEST,0,0,2455.32,2457.02,2455.32,2456.71,50.711
1m,25,0.5711537039443252,7459,7478,11,1788262140000,2456.319375,BODY_ZONE+SWING_HIGH,HOLD,0,1,2456.7,2456.71,2456.37,2456.43,22.6346
1m,25,0.5711537039443252,7459,7478,12,1788262200000,2456.319375,BODY_ZONE+SWING_HIGH,HOLD,1,1,2456.44,2456.44,2454.61,2455.93,78.6536
3m,1,0.6483120086824199,11732,11751,10,1786327380000,1923.73625,BODY_ZONE+SWING_LOW,REJECTION,0,1,1922.3,1923.49,1921.71,1922.66,385.3471
3m,1,0.6483120086824199,11732,11751,11,1786327560000,1923.73625,BODY_ZONE+SWING_LOW,REJECTION,1,0,1922.66,1923.7,1920.75,1921.0,299.6623
3m,1,0.6483120086824199,11732,11751,14,1786328100000,1917.295,BODY_ZONE,TEST,0,0,1921.61,1921.73,1916.84,1916.9,495.0054
3m,1,0.6483120086824199,11732,11751,15,1786328280000,1917.295,BODY_ZONE,TEST,1,0,1916.9,1916.9,1914.12,1914.6,667.3191
3m,1,0.6483120086824199,11732,11751,16,1786328460000,1915.59,SWING_HIGH,HOLD,0,0,1914.59,1916.56,1913.75,1915.91,433.4133
3m,1,0.6483120086824199,11732,11751,17,1786328640000,1912.6,SWING_LOW,REJECTION,0,0,1915.91,1915.91,1912.86,1914.82,296.5175
3m,1,0.6483120086824199,11732,11751,18,1786328820000,1915.59,SWING_HIGH,HOLD,1,0,1914.82,1916.19,1913.67,1915.48,212.9857
3m,1,0.6483120086824199,11732,11751,19,1786329000000,1915.59,SWING_HIGH,TEST,1,0,1915.48,1917.0,1915.47,1916.98,363.0737
3m,2,0.6197495306220532,26520,26539,10,1788989220000,2469.97,SWING_HIGH,TEST,0,1,2470.79,2470.99,2469.85,2470.96,211.8657
3m,2,0.6197495306220532,26520,26539,13,1788989760000,2463.93,SWING_LOW,REJECTION,0,0,2465.51,2466.55,2463.75,2465.61,581.9312
3m,2,0.6197495306220532,26520,26539,15,1788990120000,2467.604375,BODY_ZONE+SWING_LOW,REJECTION,0,0,2466.23,2467.39,2464.7,2464.7,287.3435
3m,2,0.6197495306220532,26520,26539,16,1788990300000,2463.93,SWING_LOW,HOLD,1,1,2464.7,2465.12,2463.45,2463.45,365.3603
3m,2,0.6197495306220532,26520,26539,17,1788990480000,2463.93,SWING_LOW,TEST,1,0,2463.45,2463.45,2456.57,2457.14,1118.1302
3m,3,0.6069667086572251,26519,26538,11,1788989220000,2469.97,SWING_HIGH,TEST,0,0,2470.79,2470.99,2469.85,2470.96,211.8657
3m,3,0.6069667086572251,26519,26538,14,1788989760000,2463.93,SWING_LOW,REJECTION,0,0,2465.51,2466.55,2463.75,2465.61,581.9312
3m,3,0.6069667086572251,26519,26538,16,1788990120000,2467.7309374999995,BODY_ZONE+SWING_LOW,REJECTION,0,0,2466.23,2467.39,2464.7,2464.7,287.3435
3m,3,0.6069667086572251,26519,26538,17,1788990300000,2463.93,SWING_LOW,HOLD,1,1,2464.7,2465.12,2463.45,2463.45,365.3603
3m,3,0.6069667086572251,26519,26538,18,1788990480000,2463.93,SWING_LOW,TEST,1,0,2463.45,2463.45,2456.57,2457.14,1118.1302
3m,4,0.6027507885703745,17641,17660,10,1787391000000,2425.07125,BODY_ZONE+SWING_LOW,HOLD,0,0,2425.29,2425.99,2423.47,2425.0,680.6349
3m,4,0.6027507885703745,17641,17660,12,1787391360000,2425.07125,BODY_ZONE+SWING_LOW,REJECTION,1,0,2424.03,2425.49,2421.76,2421.76,594.4347
3m,4,0.6027507885703745,17641,17660,14,1787391720000,2425.07125,BODY_ZONE+SWING_LOW,REJECTION,1,1,2422.57,2424.52,2421.4,2423.1,390.4013
3m,5,0.6006593348705335,5059,5078,11,1785126420000,1951.8031250000001,BODY_ZONE+SWING_HIGH,REJECTION,0,0,1954.0,1955.09,1951.96,1954.23,412.7411
3m,5,0.6006593348705335,5059,5078,14,1785126960000,1956.8274999999999,BODY_ZONE+SWING_HIGH,REJECTION,0,0,1952.81,1957.21,1952.72,1955.36,492.3718
3m,5,0.6006593348705335,5059,5078,15,1785127140000,1956.8274999999999,BODY_ZONE+SWING_HIGH,HOLD,1,0,1955.35,1957.7,1954.71,1957.54,352.0864
3m,5,0.6006593348705335,5059,5078,16,1785127320000,1956.8274999999999,BODY_ZONE+SWING_HIGH,TEST,1,0,1957.54,1959.09,1957.19,1957.94,624.0299
3m,6,0.5976194542241954,26186,26205,10,1788929100000,2505.48,BODY_ZONE,REJECTION,0,0,2512.12,2513.87,2505.48,2509.11,1457.3707
3m,6,0.5976194542241954,26186,26205,17,1788930360000,2505.48,BODY_ZONE,REJECTION,1,0,2504.28,2505.96,2503.4,2504.9,853.5048
3m,6,0.5976194542241954,26186,26205,18,1788930540000,2505.48,BODY_ZONE,PULLBACK,1,1,2504.9,2505.6,2504.15,2505.17,329.3959
3m,7,0.5966732670608285,26188,26207,10,1788929460000,2510.615,BODY_ZONE,TEST,0,0,2508.25,2512.01,2507.78,2510.99,1405.6237
3m,7,0.5966732670608285,26188,26207,13,1788930000000,2510.615,BODY_ZONE,PULLBACK,1,0,2509.65,2510.27,2504.35,2504.84,996.273
3m,7,0.5966732670608285,26188,26207,15,1788930360000,2505.48,BODY_ZONE,REJECTION,0,0,2504.28,2505.96,2503.4,2504.9,853.5048
3m,7,0.5966732670608285,26188,26207,16,1788930540000,2505.48,BODY_ZONE,PULLBACK,1,1,2504.9,2505.6,2504.15,2505.17,329.3959
3m,8,0.5957561784946426,20092,20111,10,1787832180000,2503.225,BODY_ZONE+SWING_HIGH,HOLD,0,1,2502.59,2503.14,2500.9,2502.19,498.6224
3m,8,0.5957561784946426,20092,20111,11,1787832360000,2503.225,BODY_ZONE+SWING_HIGH,HOLD,1,1,2502.18,2503.03,2500.0,2500.0,418.1299
3m,8,0.5957561784946426,20092,20111,12,1787832540000,2499.6256249999997,BODY_ZONE+SWING_LOW,HOLD,0,0,2500.0,2506.8,2500.0,2505.24,433.3511
3m,8,0.5957561784946426,20092,20111,13,1787832720000,2503.225,BODY_ZONE+SWING_HIGH,REJECTION,1,1,2505.25,2506.13,2503.14,2505.36,346.5022
3m,8,0.5957561784946426,20092,20111,14,1787832900000,2503.225,BODY_ZONE+SWING_HIGH,HOLD,1,0,2505.36,2507.18,2503.15,2503.73,389.5829
3m,8,0.5957561784946426,20092,20111,15,1787833080000,2503.225,BODY_ZONE+SWING_HIGH,REJECTION,1,0,2503.73,2504.41,2502.74,2504.29,215.7395
3m,8,0.5957561784946426,20092,20111,16,1787833260000,2503.225,BODY_ZONE+SWING_HIGH,REJECTION,1,1,2504.3,2505.52,2502.99,2504.32,341.0379
3m,8,0.5957561784946426,20092,20111,17,1787833440000,2503.225,BODY_ZONE+SWING_HIGH,TEST,1,0,2504.33,2507.55,2503.81,2507.29,388.8727
3m,9,0.5935660687276259,19214,19233,10,1787674140000,2478.9275,BODY_ZONE+SWING_HIGH+SWING_LOW,HOLD,0,0,2478.33,2478.33,2475.49,2475.72,426.7325
3m,9,0.5935660687276259,19214,19233,11,1787674320000,2472.53,SWING_LOW,REJECTION,0,0,2475.72,2475.73,2472.45,2473.91,683.7322
3m,9,0.5935660687276259,19214,19233,12,1787674500000,2472.53,SWING_LOW,REJECTION,1,0,2473.9,2475.58,2472.83,2474.18,260.1979
3m,9,0.5935660687276259,19214,19233,13,1787674680000,2476.505,BODY_ZONE,REJECTION,0,1,2474.18,2476.98,2474.18,2474.68,241.8823
3m,9,0.5935660687276259,19214,19233,16,1787675220000,2472.53,SWING_LOW,HOLD,1,1,2469.7,2472.64,2469.7,2472.03,238.5815
3m,9,0.5935660687276259,19214,19233,17,1787675400000,2476.505,BODY_ZONE,PULLBACK,1,0,2472.02,2478.0,2471.51,2476.39,526.0014
3m,9,0.5935660687276259,19214,19233,19,1787675760000,2476.505,BODY_ZONE,TEST,1,0,2473.9,2476.04,2473.26,2475.68,280.5306
3m,10,0.5896063192703214,26189,26208,11,1788929820000,2510.1175,BODY_ZONE,PULLBACK,0,1,2511.88,2511.88,2508.69,2509.65,416.7368
3m,10,0.5896063192703214,26189,26208,12,1788930000000,2510.1175,BODY_ZONE,PULLBACK,1,0,2509.65,2510.27,2504.35,2504.84,996.273
3m,10,0.5896063192703214,26189,26208,14,1788930360000,2505.48,BODY_ZONE,REJECTION,0,0,2504.28,2505.96,2503.4,2504.9,853.5048
3m,10,0.5896063192703214,26189,26208,15,1788930540000,2505.48,BODY_ZONE,PULLBACK,1,1,2504.9,2505.6,2504.15,2505.17,329.3959
3m,10,0.5896063192703214,26189,26208,19,1788931260000,2505.48,BODY_ZONE,PULLBACK,1,0,2508.35,2508.35,2504.9,2505.12,345.3018
3m,11,0.5858127008282403,18492,18511,10,1787544180000,2438.19,SWING_HIGH,HOLD,0,0,2436.52,2439.13,2435.4,2438.25,401.2009
3m,11,0.5858127008282403,18492,18511,12,1787544540000,2435.95375,BODY_ZONE+SWING_LOW,REJECTION,0,0,2437.4,2438.91,2435.5,2435.82,561.4491
3m,11,0.5858127008282403,18492,18511,13,1787544720000,2435.95375,BODY_ZONE+SWING_LOW,HOLD,1,1,2435.83,2438.98,2435.73,2438.97,482.9968
3m,11,0.5858127008282403,18492,18511,17,1787545440000,2441.31,SWING_HIGH,PULLBACK,0,0,2443.18,2443.87,2441.6,2442.64,713.4164
3m,12,0.5834991373551615,28535,28554,10,1789351920000,2499.96,BODY_ZONE,TEST,0,0,2502.06,2506.0,2500.63,2504.35,1850.5627
3m,12,0.5834991373551615,28535,28554,11,1789352100000,2499.96,BODY_ZONE,PULLBACK,1,0,2504.36,2504.36,2500.23,2500.23,537.6733
3m,12,0.5834991373551615,28535,28554,12,1789352280000,2499.96,BODY_ZONE,REJECTION,1,0,2500.24,2501.0,2499.15,2500.54,499.4514
3m,12,0.5834991373551615,28535,28554,13,1789352460000,2499.96,BODY_ZONE,TEST,1,1,2500.53,2505.1,2500.36,2504.15,505.605
3m,12,0.5834991373551615,28535,28554,18,1789353360000,2499.96,BODY_ZONE,TEST,1,0,2504.4,2504.4,2500.32,2501.0,606.1823
3m,12,0.5834991373551615,28535,28554,19,1789353540000,2499.96,BODY_ZONE,PULLBACK,1,0,2501.0,2502.17,2500.43,2501.76,237.7862
3m,13,0.5796481034144012,23902,23921,10,1788517980000,2522.6087500000003,BODY_ZONE+SWING_HIGH,REJECTION,0,1,2524.17,2525.6,2522.35,2524.04,445.1759
3m,13,0.5796481034144012,23902,23921,11,1788518160000,2522.6087500000003,BODY_ZONE+SWING_HIGH,TEST,1,0,2524.05,2527.45,2523.2,2525.86,797.8029
3m,13,0.5796481034144012,23902,23921,16,1788519060000,2522.6087500000003,BODY_ZONE+SWING_HIGH,REJECTION,1,0,2523.51,2523.89,2522.84,2523.33,406.1812
3m,13,0.5796481034144012,23902,23921,19,1788519600000,2522.6087500000003,BODY_ZONE+SWING_HIGH,HOLD,1,0,2526.52,2526.52,2522.12,2522.12,462.8324
3m,14,0.5780678780254058,26187,26206,11,1788929460000,2510.615,BODY_ZONE,PULLBACK,0,0,2508.25,2512.01,2507.78,2510.99,1405.6237
3m,14,0.5780678780254058,26187,26206,14,1788930000000,2510.615,BODY_ZONE,PULLBACK,1,0,2509.65,2510.27,2504.35,2504.84,996.273
3m,14,0.5780678780254058,26187,26206,16,1788930360000,2505.48,BODY_ZONE,REJECTION,0,0,2504.28,2505.96,2503.4,2504.9,853.5048
3m,14,0.5780678780254058,26187,26206,17,1788930540000,2505.48,BODY_ZONE,PULLBACK,1,1,2504.9,2505.6,2504.15,2505.17,329.3959
3m,15,0.575787517624855,17057,17076,10,1787285880000,2350.205,SWING_HIGH,REJECTION,0,0,2346.98,2350.36,2346.98,2348.28,627.3907
3m,15,0.575787517624855,17057,17076,11,1787286060000,2350.205,SWING_HIGH,REJECTION,1,1,2348.28,2350.0,2348.14,2348.89,376.6085
3m,15,0.575787517624855,17057,17076,12,1787286240000,2345.7112500000003,BODY_ZONE+SWING_LOW,REJECTION,0,0,2348.89,2349.23,2345.84,2347.53,521.6753
3m,15,0.575787517624855,17057,17076,14,1787286600000,2350.205,SWING_HIGH,HOLD,1,0,2344.72,2350.0,2343.62,2349.75,322.6792
3m,15,0.575787517624855,17057,17076,16,1787286960000,2350.205,SWING_HIGH,HOLD,1,0,2349.23,2349.92,2347.78,2349.08,265.9451
3m,15,0.575787517624855,17057,17076,18,1787287320000,2345.7112500000003,BODY_ZONE+SWING_LOW,HOLD,1,1,2347.07,2351.0,2345.72,2350.38,552.4183
3m,16,0.5715685440622565,3819,3838,10,1784903040000,1854.8400000000001,BODY_ZONE+SWING_LOW,HOLD,0,1,1854.29,1855.51,1852.49,1854.57,731.849
3m,16,0.5715685440622565,3819,3838,11,1784903220000,1854.8400000000001,BODY_ZONE+SWING_LOW,HOLD,1,0,1854.57,1858.5,1854.53,1857.79,581.6919
3m,16,0.5715685440622565,3819,3838,12,1784903400000,1854.8400000000001,BODY_ZONE+SWING_LOW,HOLD,1,0,1857.79,1858.16,1854.65,1855.14,439.9615
3m,16,0.5715685440622565,3819,3838,13,1784903580000,1854.8400000000001,BODY_ZONE+SWING_LOW,REJECTION,1,0,1855.13,1856.51,1854.28,1855.68,694.6854
3m,16,0.5715685440622565,3819,3838,14,1784903760000,1854.8400000000001,BODY_ZONE+SWING_LOW,REJECTION,1,1,1855.67,1857.45,1854.64,1856.43,659.3836
3m,16,0.5715685440622565,3819,3838,15,1784903940000,1854.8400000000001,BODY_ZONE+SWING_LOW,HOLD,1,0,1856.44,1856.98,1852.55,1854.5,1461.4425
3m,16,0.5715685440622565,3819,3838,16,1784904120000,1854.8400000000001,BODY_ZONE+SWING_LOW,PULLBACK,1,1,1854.5,1854.5,1852.04,1852.31,569.6216
3m,17,0.5706228296248433,22664,22683,10,1788295140000,2418.6925,BODY_ZONE+SWING_LOW,REJECTION,0,0,2420.79,2422.15,2418.58,2418.58,241.6336
3m,17,0.5706228296248433,22664,22683,11,1788295320000,2418.6925,BODY_ZONE+SWING_LOW,HOLD,1,0,2418.59,2420.39,2418.5,2419.36,203.8489
3m,17,0.5706228296248433,22664,22683,13,1788295680000,2418.6925,BODY_ZONE+SWING_LOW,REJECTION,1,0,2417.08,2418.77,2417.07,2417.61,398.2188
3m,18,0.5698379218958822,23249,23268,10,1788400440000,2390.98,BODY_ZONE,REJECTION,0,0,2389.86,2390.98,2388.3,2389.46,369.8706
3m,18,0.5698379218958822,23249,23268,12,1788400800000,2387.475,BODY_ZONE+SWING_LOW,TEST,0,1,2386.8,2387.38,2384.81,2384.96,227.8697
3m,18,0.5698379218958822,23249,23268,13,1788400980000,2384.69,SWING_LOW,REJECTION,0,1,2384.96,2386.29,2382.9,2385.11,414.8533
3m,18,0.5698379218958822,23249,23268,14,1788401160000,2387.475,BODY_ZONE+SWING_LOW,REJECTION,1,1,2385.11,2387.47,2383.0,2383.2,578.1907
3m,18,0.5698379218958822,23249,23268,15,1788401340000,2387.475,BODY_ZONE+SWING_LOW,HOLD,1,1,2383.19,2387.32,2382.53,2387.32,288.1881
3m,18,0.5698379218958822,23249,23268,16,1788401520000,2390.98,BODY_ZONE,TEST,1,0,2387.33,2391.6,2386.81,2391.18,321.7782
3m,18,0.5698379218958822,23249,23268,17,1788401700000,2390.98,BODY_ZONE,PULLBACK,1,0,2391.19,2391.19,2389.0,2389.48,165.4188
3m,18,0.5698379218958822,23249,23268,18,1788401880000,2390.98,BODY_ZONE,TEST,1,0,2389.48,2390.84,2389.1,2390.84,104.0998
3m,18,0.5698379218958822,23249,23268,19,1788402060000,2390.98,BODY_ZONE,REJECTION,1,0,2390.84,2392.0,2390.01,2391.33,303.9592
3m,19,0.5671527517662807,17810,17829,10,1787421420000,2427.32,BODY_ZONE,REJECTION,0,1,2426.52,2427.74,2426.05,2426.32,223.096
3m,19,0.5671527517662807,17810,17829,12,1787421780000,2427.32,BODY_ZONE,PULLBACK,1,1,2428.07,2430.95,2427.09,2430.93,364.0279
3m,19,0.5671527517662807,17810,17829,13,1787421960000,2427.32,BODY_ZONE,PULLBACK,1,0,2430.93,2430.98,2427.42,2427.51,217.7122
3m,19,0.5671527517662807,17810,17829,14,1787422140000,2425.305,BODY_ZONE+SWING_HIGH,PULLBACK,0,0,2427.5,2428.42,2425.76,2426.04,155.1042
3m,19,0.5671527517662807,17810,17829,15,1787422320000,2425.305,BODY_ZONE+SWING_HIGH,PULLBACK,1,0,2426.05,2427.41,2425.36,2427.04,175.4484
3m,19,0.5671527517662807,17810,17829,16,1787422500000,2427.32,BODY_ZONE,PULLBACK,1,0,2427.04,2429.35,2426.82,2427.63,246.8535
3m,19,0.5671527517662807,17810,17829,17,1787422680000,2427.32,BODY_ZONE,TEST,1,1,2427.63,2429.99,2427.56,2429.14,304.87
3m,19,0.5671527517662807,17810,17829,19,1787423040000,2431.55,SWING_HIGH,PULLBACK,0,0,2432.48,2434.49,2431.17,2432.36,373.9353
3m,20,0.5630405389476569,18494,18513,10,1787544540000,2438.87,BODY_ZONE,REJECTION,0,0,2437.4,2438.91,2435.5,2435.82,561.4491
3m,20,0.5630405389476569,18494,18513,11,1787544720000,2438.87,BODY_ZONE,PULLBACK,1,1,2435.83,2438.98,2435.73,2438.97,482.9968
3m,20,0.5630405389476569,18494,18513,12,1787544900000,2438.87,BODY_ZONE,PULLBACK,1,0,2438.97,2443.35,2438.96,2443.35,656.2978
3m,20,0.5630405389476569,18494,18513,15,1787545440000,2441.31,SWING_HIGH,PULLBACK,0,0,2443.18,2443.87,2441.6,2442.64,713.4164
3m,20,0.5630405389476569,18494,18513,18,1787545980000,2441.31,SWING_HIGH,HOLD,1,0,2443.59,2444.54,2441.82,2441.9,454.3713
3m,20,0.5630405389476569,18494,18513,19,1787546160000,2441.31,SWING_HIGH,PULLBACK,1,0,2441.9,2443.14,2441.01,2442.73,563.7691
3m,21,0.5621531239365696,3839,3858,10,1784906640000,1862.47,BODY_ZONE+SWING_HIGH,REJECTION,0,0,1863.59,1864.9,1862.35,1863.91,218.8797
3m,21,0.5621531239365696,3839,3858,13,1784907180000,1867.87,SWING_HIGH,HOLD,0,1,1865.71,1867.6,1865.56,1867.35,659.8914
3m,21,0.5621531239365696,3839,3858,14,1784907360000,1867.87,SWING_HIGH,HOLD,1,1,1867.36,1868.38,1865.0,1868.26,662.4947
3m,21,0.5621531239365696,3839,3858,18,1784908080000,1862.47,BODY_ZONE+SWING_HIGH,PULLBACK,1,1,1863.36,1866.34,1862.75,1865.3,1419.7282
3m,21,0.5621531239365696,3839,3858,19,1784908260000,1859.95,SWING_LOW,HOLD,0,0,1865.3,1865.38,1859.49,1861.17,6382.2776
3m,22,0.5618505983352441,26518,26537,10,1788988860000,2467.8012499999995,BODY_ZONE+SWING_LOW,HOLD,0,0,2463.93,2468.44,2463.93,2468.44,300.8915
3m,22,0.5618505983352441,26518,26537,12,1788989220000,2469.97,SWING_HIGH,TEST,0,0,2470.79,2470.99,2469.85,2470.96,211.8657
3m,22,0.5618505983352441,26518,26537,17,1788990120000,2467.8012499999995,BODY_ZONE+SWING_LOW,REJECTION,1,0,2466.23,2467.39,2464.7,2464.7,287.3435
3m,23,0.5618382873563789,9577,9596,11,1785939660000,1873.835,BODY_ZONE+SWING_LOW,HOLD,0,0,1877.5,1878.34,1872.99,1873.33,2761.4067
3m,23,0.5618382873563789,9577,9596,14,1785940200000,1873.835,BODY_ZONE+SWING_LOW,REJECTION,1,0,1871.85,1874.24,1869.24,1874.06,621.2534
3m,23,0.5618382873563789,9577,9596,16,1785940560000,1873.835,BODY_ZONE+SWING_LOW,REJECTION,1,0,1872.42,1874.06,1871.24,1872.11,616.0431
3m,23,0.5618382873563789,9577,9596,17,1785940740000,1873.835,BODY_ZONE+SWING_LOW,REJECTION,1,0,1872.1,1873.63,1870.23,1871.96,936.3653
3m,24,0.5587300257651577,15832,15851,10,1787065380000,1913.13625,BODY_ZONE+SWING_LOW,REJECTION,0,1,1914.53,1915.92,1912.99,1914.38,1953.4326
3m,24,0.5587300257651577,15832,15851,11,1787065560000,1915.5900000000001,SWING_HIGH,HOLD,0,0,1914.51,1915.84,1911.46,1911.69,659.0191
3m,24,0.5587300257651577,15832,15851,13,1787065920000,1913.13625,BODY_ZONE+SWING_LOW,REJECTION,1,0,1912.43,1913.33,1911.81,1912.66,303.7351
3m,24,0.5587300257651577,15832,15851,15,1787066280000,1915.5900000000001,SWING_HIGH,HOLD,1,0,1914.49,1915.25,1913.87,1915.25,381.6942
3m,24,0.5587300257651577,15832,15851,16,1787066460000,1913.13625,BODY_ZONE+SWING_LOW,HOLD,1,1,1915.25,1915.44,1913.23,1913.42,490.4423
3m,24,0.5587300257651577,15832,15851,17,1787066640000,1913.13625,BODY_ZONE+SWING_LOW,HOLD,1,0,1913.42,1916.28,1912.71,1916.28,562.424
3m,24,0.5587300257651577,15832,15851,18,1787066820000,1915.5900000000001,SWING_HIGH,HOLD,1,0,1916.27,1917.0,1916.0,1916.01,488.8429
3m,24,0.5587300257651577,15832,15851,19,1787067000000,1915.5900000000001,SWING_HIGH,HOLD,1,0,1916.01,1917.58,1915.43,1915.62,566.1237
3m,25,0.55644023091693,18493,18512,11,1787544540000,2435.95375,BODY_ZONE+SWING_LOW,REJECTION,0,0,2437.4,2438.91,2435.5,2435.82,561.4491
3m,25,0.55644023091693,18493,18512,12,1787544720000,2435.95375,BODY_ZONE+SWING_LOW,HOLD,1,1,2435.83,2438.98,2435.73,2438.97,482.9968
3m,25,0.55644023091693,18493,18512,16,1787545440000,2441.31,SWING_HIGH,PULLBACK,0,0,2443.18,2443.87,2441.6,2442.64,713.4164
3m,25,0.55644023091693,18493,18512,19,1787545980000,2441.31,SWING_HIGH,HOLD,1,0,2443.59,2444.54,2441.82,2441.9,454.3713
5m,1,0.6712345196863813,934,953,10,1780897200000,1647.11,SWING_LOW,REJECTION,0,0,1649.26,1649.8,1645.0,1647.5,844.917
5m,1,0.6712345196863813,934,953,11,1780897500000,1647.11,SWING_LOW,HOLD,1,0,1647.5,1650.68,1647.02,1648.07,734.8558
5m,1,0.6712345196863813,934,953,12,1780897800000,1647.11,SWING_LOW,HOLD,1,0,1648.08,1652.51,1647.61,1652.51,998.6774
5m,1,0.6712345196863813,934,953,13,1780898100000,1653.754375,BODY_ZONE,TEST,0,1,1652.51,1654.0,1651.4,1653.68,630.6408
5m,1,0.6712345196863813,934,953,14,1780898400000,1653.754375,BODY_ZONE,TEST,1,0,1653.68,1664.11,1652.78,1661.66,3292.3592
5m,1,0.6712345196863813,934,953,15,1780898700000,1658.725,BODY_ZONE+SWING_HIGH,REJECTION,0,0,1661.66,1663.64,1659.23,1663.63,697.7582
5m,2,0.6544726703860088,23821,23840,10,1787763300000,2447.4425,BODY_ZONE+SWING_LOW,TEST,0,0,2446.38,2447.3,2444.5,2444.64,354.0393
5m,2,0.6544726703860088,23821,23840,11,1787763600000,2447.4425,BODY_ZONE+SWING_LOW,REJECTION,1,1,2444.65,2447.18,2444.08,2445.75,470.1402
5m,2,0.6544726703860088,23821,23840,12,1787763900000,2443.515,BODY_ZONE,REJECTION,0,0,2445.74,2448.39,2443.8,2446.46,405.1211
5m,2,0.6544726703860088,23821,23840,13,1787764200000,2447.4425,BODY_ZONE+SWING_LOW,HOLD,1,1,2446.45,2447.36,2444.0,2447.35,439.7916
5m,2,0.6544726703860088,23821,23840,14,1787764500000,2447.4425,BODY_ZONE+SWING_LOW,HOLD,1,1,2447.36,2452.69,2447.36,2451.88,535.9852
5m,3,0.6466059382095453,23822,23841,10,1787763600000,2447.4425,BODY_ZONE+SWING_LOW,REJECTION,0,1,2444.65,2447.18,2444.08,2445.75,470.1402
5m,3,0.6466059382095453,23822,23841,11,1787763900000,2443.515,BODY_ZONE,REJECTION,0,0,2445.74,2448.39,2443.8,2446.46,405.1211
5m,3,0.6466059382095453,23822,23841,12,1787764200000,2447.4425,BODY_ZONE+SWING_LOW,HOLD,1,1,2446.45,2447.36,2444.0,2447.35,439.7916
5m,3,0.6466059382095453,23822,23841,13,1787764500000,2447.4425,BODY_ZONE+SWING_LOW,HOLD,1,1,2447.36,2452.69,2447.36,2451.88,535.9852
5m,4,0.6454668978841488,27054,27073,11,1788733500000,2499.795,BODY_ZONE,TEST,0,1,2496.27,2499.84,2496.27,2498.9,541.8787
5m,4,0.6454668978841488,27054,27073,12,1788733800000,2505.7375,BODY_ZONE+SWING_LOW,HOLD,0,0,2498.89,2505.22,2498.73,2505.22,1112.4755
5m,4,0.6454668978841488,27054,27073,15,1788734700000,2505.7375,BODY_ZONE+SWING_LOW,REJECTION,1,0,2506.7,2508.32,2505.0,2507.08,1203.5166
5m,4,0.6454668978841488,27054,27073,16,1788735000000,2505.7375,BODY_ZONE+SWING_LOW,REJECTION,1,0,2507.09,2508.32,2505.34,2508.23,786.45
5m,4,0.6454668978841488,27054,27073,18,1788735600000,2512.15,SWING_HIGH,REJECTION,0,0,2508.33,2516.52,2506.79,2511.53,1508.2713
5m,4,0.6454668978841488,27054,27073,19,1788735900000,2512.15,SWING_HIGH,HOLD,1,0,2511.53,2512.71,2508.74,2511.07,993.9461
5m,5,0.6382007495879495,26126,26145,11,1788455100000,2497.1625000000004,BODY_ZONE+SWING_HIGH,HOLD,0,0,2494.99,2497.09,2492.08,2495.57,750.0328
5m,5,0.6382007495879495,26126,26145,13,1788455700000,2497.1625000000004,BODY_ZONE+SWING_HIGH,HOLD,1,0,2499.42,2501.4,2497.0,2497.25,1280.0623
5m,5,0.6382007495879495,26126,26145,15,1788456300000,2497.1625000000004,BODY_ZONE+SWING_HIGH,TEST,1,0,2498.62,2503.25,2497.67,2499.61,1137.7766
5m,6,0.637215400055965,16021,16040,11,1785423600000,1919.2603125,BODY_ZONE+SWING_LOW,HOLD,0,0,1917.41,1919.79,1914.67,1918.9,945.7796
5m,6,0.637215400055965,16021,16040,14,1785424500000,1919.2603125,BODY_ZONE+SWING_LOW,HOLD,1,0,1916.92,1919.99,1915.84,1919.78,603.6482
5m,6,0.637215400055965,16021,16040,15,1785424800000,1924.1175,BODY_ZONE+SWING_HIGH,REJECTION,0,0,1919.78,1924.16,1919.78,1920.17,655.5829
5m,6,0.637215400055965,16021,16040,18,1785425700000,1919.2603125,BODY_ZONE+SWING_LOW,REJECTION,1,0,1917.32,1919.57,1916.16,1917.72,493.4409
5m,6,0.637215400055965,16021,16040,19,1785426000000,1919.2603125,BODY_ZONE+SWING_LOW,HOLD,1,0,1917.71,1919.67,1917.0,1918.89,326.4163
5m,7,0.6369816127036367,26125,26144,10,1788454500000,2491.74,BODY_ZONE,REJECTION,0,0,2495.1,2496.0,2492.73,2494.09,654.159
5m,7,0.6369816127036367,26125,26144,11,1788454800000,2491.74,BODY_ZONE,REJECTION,1,1,2494.1,2495.0,2492.08,2495.0,541.7799
5m,7,0.6369816127036367,26125,26144,12,1788455100000,2497.03125,BODY_ZONE+SWING_HIGH,HOLD,0,0,2494.99,2497.09,2492.08,2495.57,750.0328
5m,7,0.6369816127036367,26125,26144,14,1788455700000,2497.03125,BODY_ZONE+SWING_HIGH,HOLD,1,0,2499.42,2501.4,2497.0,2497.25,1280.0623
5m,7,0.6369816127036367,26125,26144,16,1788456300000,2497.03125,BODY_ZONE+SWING_HIGH,TEST,1,0,2498.62,2503.25,2497.67,2499.61,1137.7766
5m,8,0.6312564084637626,29084,29103,10,1789342200000,2480.835,SWING_HIGH,HOLD,0,0,2474.89,2481.37,2474.89,2479.7,1004.7614
5m,8,0.6312564084637626,29084,29103,11,1789342500000,2476.36125,BODY_ZONE,PULLBACK,0,0,2479.69,2481.8,2475.67,2475.67,850.5149
5m,8,0.6312564084637626,29084,29103,12,1789342800000,2476.36125,BODY_ZONE,PULLBACK,1,0,2475.68,2478.48,2474.9,2476.62,479.1365
5m,8,0.6312564084637626,29084,29103,13,1789343100000,2476.36125,BODY_ZONE,REJECTION,1,0,2476.61,2478.27,2475.43,2476.66,576.483
5m,8,0.6312564084637626,29084,29103,14,1789343400000,2476.36125,BODY_ZONE,REJECTION,1,0,2476.67,2477.34,2475.17,2477.05,379.613
5m,8,0.6312564084637626,29084,29103,15,1789343700000,2476.36125,BODY_ZONE,REJECTION,1,0,2477.05,2478.37,2474.0,2477.1,431.3657
5m,8,0.6312564084637626,29084,29103,16,1789344000000,2476.36125,BODY_ZONE,TEST,1,1,2477.1,2479.13,2476.34,2477.81,595.6302
5m,9,0.6268419617362454,19760,19779,10,1786545000000,1889.24,SWING_LOW,REJECTION,0,0,1892.2,1894.06,1887.6,1890.06,2391.3602
5m,9,0.6268419617362454,19760,19779,12,1786545600000,1889.24,SWING_LOW,REJECTION,1,0,1891.26,1893.16,1889.07,1892.18,871.5704
5m,9,0.6268419617362454,19760,19779,14,1786546200000,1889.24,SWING_LOW,HOLD,1,0,1895.11,1895.3,1888.63,1888.63,1175.6681
5m,9,0.6268419617362454,19760,19779,15,1786546500000,1889.24,SWING_LOW,PULLBACK,1,1,1888.62,1889.34,1885.0,1887.79,2000.5423
5m,9,0.6268419617362454,19760,19779,17,1786547100000,1889.24,SWING_LOW,REJECTION,1,0,1890.9,1892.11,1889.82,1890.93,423.1382
5m,10,0.6225553075656295,13718,13737,10,1784732400000,1938.1599999999999,BODY_ZONE,REJECTION,0,0,1933.2,1940.9,1933.0,1937.52,1190.8843
5m,10,0.6225553075656295,13718,13737,11,1784732700000,1938.1599999999999,BODY_ZONE,REJECTION,1,0,1937.52,1939.08,1936.69,1937.62,621.4497
5m,10,0.6225553075656295,13718,13737,12,1784733000000,1938.1599999999999,BODY_ZONE,TEST,1,0,1937.62,1943.37,1937.6,1942.04,778.9253
5m,11,0.6198863098973115,19024,19043,10,1786324200000,1913.4775,BODY_ZONE,TEST,0,1,1913.42,1915.53,1913.19,1914.28,349.6867
5m,11,0.6198863098973115,19024,19043,11,1786324500000,1916.8725,BODY_ZONE+SWING_HIGH,REJECTION,0,0,1914.27,1918.17,1914.27,1916.59,595.054
5m,11,0.6198863098973115,19024,19043,12,1786324800000,1916.8725,BODY_ZONE+SWING_HIGH,HOLD,1,1,1916.6,1917.26,1914.88,1916.81,295.8346
5m,11,0.6198863098973115,19024,19043,14,1786325400000,1916.8725,BODY_ZONE+SWING_HIGH,REJECTION,1,1,1915.17,1916.7,1914.3,1915.61,491.8753
5m,11,0.6198863098973115,19024,19043,16,1786326000000,1913.4775,BODY_ZONE,REJECTION,1,1,1914.98,1915.59,1913.65,1915.33,530.0215
5m,12,0.6171167315359997,8936,8955,10,1783297800000,1780.30875,BODY_ZONE+SWING_LOW,REJECTION,0,0,1777.98,1780.4,1774.35,1780.4,1073.7623
5m,12,0.6171167315359997,8936,8955,11,1783298100000,1784.71,BODY_ZONE+SWING_LOW,HOLD,0,0,1780.39,1784.47,1779.31,1783.57,618.4051
5m,12,0.6171167315359997,8936,8955,12,1783298400000,1789.0575,BODY_ZONE+SWING_HIGH,HOLD,0,0,1783.57,1788.65,1783.43,1788.11,485.6666
5m,12,0.6171167315359997,8936,8955,13,1783298700000,1789.0575,BODY_ZONE+SWING_HIGH,REJECTION,1,0,1788.12,1793.02,1786.68,1788.83,1419.028
5m,12,0.6171167315359997,8936,8955,14,1783299000000,1789.0575,BODY_ZONE+SWING_HIGH,HOLD,1,0,1788.84,1791.87,1788.38,1789.59,554.687
5m,12,0.6171167315359997,8936,8955,15,1783299300000,1789.0575,BODY_ZONE+SWING_HIGH,TEST,1,0,1789.59,1794.13,1789.01,1793.28,498.7482
5m,13,0.6083180360110729,23639,23658,10,1787708700000,2458.05125,BODY_ZONE+SWING_HIGH,HOLD,0,0,2457.64,2457.7,2455.0,2455.66,280.5754
5m,13,0.6083180360110729,23639,23658,13,1787709600000,2458.05125,BODY_ZONE+SWING_HIGH,REJECTION,1,1,2455.98,2459.07,2455.61,2457.4,436.9857
5m,13,0.6083180360110729,23639,23658,14,1787709900000,2458.05125,BODY_ZONE+SWING_HIGH,HOLD,1,0,2457.4,2457.55,2454.05,2454.35,198.6906
5m,13,0.6083180360110729,23639,23658,17,1787710800000,2462.32,SWING_HIGH,HOLD,0,1,2460.69,2462.42,2460.37,2462.0,532.8853
5m,13,0.6083180360110729,23639,23658,18,1787711100000,2462.32,SWING_HIGH,TEST,1,1,2462.01,2468.12,2462.0,2468.08,802.944
5m,14,0.6045927412819924,24420,24439,10,1787943000000,2427.62,BODY_ZONE,TEST,0,0,2418.52,2426.97,2418.36,2426.97,1725.9002
5m,14,0.6045927412819924,24420,24439,12,1787943600000,2432.835,BODY_ZONE,REJECTION,0,1,2428.67,2432.88,2428.62,2429.87,1413.4068
5m,14,0.6045927412819924,24420,24439,13,1787943900000,2430.0,SWING_LOW,HOLD,0,0,2429.87,2436.9,2429.58,2436.57,899.0855
5m,15,0.6034049317630554,27052,27071,10,1788732600000,2499.795,BODY_ZONE,REJECTION,0,1,2496.73,2499.34,2495.29,2497.91,866.4824
5m,15,0.6034049317630554,27052,27071,11,1788732900000,2499.795,BODY_ZONE,TEST,1,0,2497.91,2499.1,2488.8,2492.26,1642.1925
5m,15,0.6034049317630554,27052,27071,13,1788733500000,2499.795,BODY_ZONE,TEST,1,1,2496.27,2499.84,2496.27,2498.9,541.8787
5m,15,0.6034049317630554,27052,27071,14,1788733800000,2505.48125,BODY_ZONE+SWING_LOW,HOLD,0,0,2498.89,2505.22,2498.73,2505.22,1112.4755
5m,15,0.6034049317630554,27052,27071,15,1788734100000,2505.48125,BODY_ZONE+SWING_LOW,REJECTION,1,0,2505.23,2507.49,2503.31,2504.81,1101.8491
5m,15,0.6034049317630554,27052,27071,16,1788734400000,2505.48125,BODY_ZONE+SWING_LOW,HOLD,1,0,2504.81,2507.01,2504.78,2506.7,785.997
5m,15,0.6034049317630554,27052,27071,17,1788734700000,2508.455,BODY_ZONE,REJECTION,0,0,2506.7,2508.32,2505.0,2507.08,1203.5166
5m,15,0.6034049317630554,27052,27071,18,1788735000000,2508.455,BODY_ZONE,TEST,1,0,2507.09,2508.32,2505.34,2508.23,786.45
5m,15,0.6034049317630554,27052,27071,19,1788735300000,2508.455,BODY_ZONE,REJECTION,1,0,2508.23,2510.89,2507.6,2508.32,1288.9292
5m,16,0.6022470684292432,23823,23842,10,1787763900000,2443.515,BODY_ZONE,REJECTION,0,0,2445.74,2448.39,2443.8,2446.46,405.1211
5m,16,0.6022470684292432,23823,23842,11,1787764200000,2447.065,BODY_ZONE+SWING_LOW,REJECTION,0,1,2446.45,2447.36,2444.0,2447.35,439.7916
5m,16,0.6022470684292432,23823,23842,12,1787764500000,2447.065,BODY_ZONE+SWING_LOW,HOLD,1,0,2447.36,2452.69,2447.36,2451.88,535.9852
5m,16,0.6022470684292432,23823,23842,13,1787764800000,2451.01,BODY_ZONE+SWING_HIGH,TEST,0,1,2451.88,2456.85,2451.62,2456.76,954.9938
5m,17,0.6018351733951999,23640,23659,10,1787709000000,2453.7725,BODY_ZONE+SWING_LOW,REJECTION,0,0,2455.65,2456.0,2454.16,2455.05,286.7522
5m,17,0.6018351733951999,23640,23659,11,1787709300000,2453.7725,BODY_ZONE+SWING_LOW,REJECTION,1,1,2455.05,2455.99,2454.01,2455.99,96.3778
5m,17,0.6018351733951999,23640,23659,13,1787709900000,2453.7725,BODY_ZONE+SWING_LOW,HOLD,1,0,2457.4,2457.55,2454.05,2454.35,198.6906
5m,17,0.6018351733951999,23640,23659,14,1787710200000,2453.7725,BODY_ZONE+SWING_LOW,HOLD,1,1,2454.35,2456.93,2454.18,2455.43,163.0594
5m,17,0.6018351733951999,23640,23659,16,1787710800000,2462.32,SWING_HIGH,HOLD,0,1,2460.69,2462.42,2460.37,2462.0,532.8853
5m,17,0.6018351733951999,23640,23659,17,1787711100000,2462.32,SWING_HIGH,TEST,1,1,2462.01,2468.12,2462.0,2468.08,802.944
5m,18,0.601611805562941,3608,3627,11,1781699700000,1754.815,BODY_ZONE,REJECTION,0,0,1749.69,1754.16,1749.68,1751.74,1271.3547
5m,18,0.601611805562941,3608,3627,12,1781700000000,1754.815,BODY_ZONE,TEST,1,0,1751.73,1756.44,1751.16,1755.58,835.1455
5m,18,0.601611805562941,3608,3627,13,1781700300000,1754.815,BODY_ZONE,TEST,1,0,1755.58,1758.71,1754.64,1757.42,976.5871
5m,18,0.601611805562941,3608,3627,18,1781701800000,1761.5749999999998,SWING_LOW,HOLD,0,0,1757.52,1762.59,1756.99,1761.57,837.5971
5m,18,0.601611805562941,3608,3627,19,1781702100000,1761.5749999999998,SWING_LOW,TEST,1,0,1761.56,1761.57,1758.66,1760.15,419.2588
5m,19,0.6012943176731319,29302,29321,10,1789407600000,2524.135,SWING_LOW,REJECTION,0,1,2525.53,2527.22,2524.09,2526.57,675.3433
5m,19,0.6012943176731319,29302,29321,11,1789407900000,2531.090625,BODY_ZONE,TEST,0,0,2526.57,2532.0,2526.57,2530.84,827.5093
5m,19,0.6012943176731319,29302,29321,13,1789408500000,2531.090625,BODY_ZONE,REJECTION,1,0,2533.21,2535.13,2531.22,2533.37,1377.3593
5m,19,0.6012943176731319,29302,29321,14,1789408800000,2535.57,SWING_HIGH,REJECTION,0,0,2533.37,2535.67,2531.62,2534.25,1577.3058
5m,19,0.6012943176731319,29302,29321,15,1789409100000,2535.57,SWING_HIGH,HOLD,1,0,2534.24,2537.0,2531.96,2535.66,1673.3763
5m,19,0.6012943176731319,29302,29321,16,1789409400000,2531.090625,BODY_ZONE,PULLBACK,1,1,2535.66,2536.17,2530.91,2530.97,773.6042
5m,19,0.6012943176731319,29302,29321,17,1789409700000,2535.57,SWING_HIGH,HOLD,1,0,2530.97,2536.5,2529.78,2536.27,1278.4512
5m,19,0.6012943176731319,29302,29321,18,1789410000000,2535.57,SWING_HIGH,TEST,1,0,2536.28,2540.0,2535.04,2537.81,2173.6574
5m,20,0.5999804679575245,12130,12149,11,1784256300000,1844.31,SWING_LOW,REJECTION,0,0,1846.53,1847.7,1843.47,1845.94,1671.8108
5m,20,0.5999804679575245,12130,12149,12,1784256600000,1844.31,SWING_LOW,HOLD,1,0,1845.95,1847.13,1844.0,1844.25,1419.985
5m,20,0.5999804679575245,12130,12149,13,1784256900000,1844.31,SWING_LOW,HOLD,1,0,1844.24,1849.0,1844.24,1848.1,696.3445
5m,20,0.5999804679575245,12130,12149,14,1784257200000,1850.93125,BODY_ZONE+SWING_LOW,HOLD,0,0,1848.09,1851.97,1847.32,1850.52,695.1925
5m,20,0.5999804679575245,12130,12149,15,1784257500000,1855.06,SWING_HIGH,REJECTION,0,0,1850.52,1854.89,1850.25,1853.05,757.3318
5m,20,0.5999804679575245,12130,12149,16,1784257800000,1855.06,SWING_HIGH,HOLD,1,0,1853.05,1854.52,1852.34,1854.08,333.4838
5m,21,0.5980110742427799,23896,23915,10,1787785800000,2490.815,BODY_ZONE+SWING_LOW,REJECTION,0,1,2489.33,2491.4,2488.98,2490.45,516.4179
5m,21,0.5980110742427799,23896,23915,11,1787786100000,2490.815,BODY_ZONE+SWING_LOW,HOLD,1,0,2490.44,2494.4,2489.95,2494.4,724.3963
5m,21,0.5980110742427799,23896,23915,12,1787786400000,2496.5699999999997,BODY_ZONE+SWING_HIGH+SWING_LOW,HOLD,0,1,2494.4,2497.69,2493.51,2497.06,731.26
5m,21,0.5980110742427799,23896,23915,16,1787787600000,2508.625,BODY_ZONE,TEST,0,1,2504.56,2507.76,2502.29,2507.35,896.4099
5m,21,0.5980110742427799,23896,23915,18,1787788200000,2503.31,BODY_ZONE,REJECTION,0,0,2505.61,2506.79,2503.0,2505.41,1286.26
5m,21,0.5980110742427799,23896,23915,19,1787788500000,2508.625,BODY_ZONE,REJECTION,1,0,2505.39,2508.21,2504.48,2506.78,1886.2542
5m,22,0.59630725708263,815,834,11,1780861800000,1611.93,SWING_HIGH,PULLBACK,0,0,1615.32,1617.65,1611.19,1614.67,1389.7179
5m,22,0.59630725708263,815,834,12,1780862100000,1611.93,SWING_HIGH,HOLD,1,0,1614.67,1615.79,1611.72,1613.11,963.8459
5m,22,0.59630725708263,815,834,13,1780862400000,1610.24,BODY_ZONE+SWING_LOW,REJECTION,0,0,1613.1,1617.1,1609.43,1616.97,1002.5405
5m,22,0.59630725708263,815,834,14,1780862700000,1619.0149999999999,BODY_ZONE,PULLBACK,0,0,1616.97,1619.97,1616.29,1619.97,834.1959
5m,22,0.59630725708263,815,834,15,1780863000000,1619.0149999999999,BODY_ZONE,TEST,1,0,1619.96,1623.01,1619.95,1620.96,1317.526
5m,22,0.59630725708263,815,834,16,1780863300000,1619.0149999999999,BODY_ZONE,REJECTION,1,1,1620.96,1622.54,1618.32,1621.63,579.8155
5m,22,0.59630725708263,815,834,17,1780863600000,1627.155,BODY_ZONE,REJECTION,0,0,1621.64,1631.65,1621.63,1626.66,2915.8608
5m,22,0.59630725708263,815,834,19,1780864200000,1627.155,BODY_ZONE,REJECTION,1,0,1624.94,1627.1,1624.36,1625.96,687.7994
5m,23,0.5946844519247123,11165,11184,10,1783966500000,1756.745,BODY_ZONE,TEST,0,0,1757.0,1757.57,1750.2,1753.36,2390.6428
5m,23,0.5946844519247123,11165,11184,12,1783967100000,1756.745,BODY_ZONE,REJECTION,1,0,1759.52,1759.52,1757.33,1758.52,752.2658
5m,23,0.5946844519247123,11165,11184,13,1783967400000,1756.745,BODY_ZONE,TEST,1,0,1758.53,1760.24,1757.14,1757.99,579.5035
5m,23,0.5946844519247123,11165,11184,14,1783967700000,1760.8,SWING_HIGH,HOLD,0,0,1757.99,1761.48,1757.99,1761.16,507.9681
5m,23,0.5946844519247123,11165,11184,15,1783968000000,1760.8,SWING_HIGH,HOLD,1,0,1761.16,1762.59,1760.5,1761.55,446.4411
5m,23,0.5946844519247123,11165,11184,16,1783968300000,1760.8,SWING_HIGH,TEST,1,1,1761.56,1763.59,1761.04,1763.54,530.7034
5m,23,0.5946844519247123,11165,11184,17,1783968600000,1763.085,BODY_ZONE+SWING_LOW,HOLD,0,0,1763.54,1767.39,1763.06,1764.65,683.1715
5m,23,0.5946844519247123,11165,11184,18,1783968900000,1763.085,BODY_ZONE+SWING_LOW,REJECTION,1,0,1764.66,1765.28,1763.83,1764.9,340.3383
5m,24,0.5886826975194024,22869,22888,11,1787478000000,2411.2,BODY_ZONE+SWING_HIGH+SWING_LOW,HOLD,0,1,2409.28,2412.41,2409.28,2411.8,874.7243
5m,24,0.5886826975194024,22869,22888,14,1787478900000,2411.2,BODY_ZONE+SWING_HIGH+SWING_LOW,HOLD,1,0,2413.83,2414.28,2411.2,2411.2,833.7471
5m,24,0.5886826975194024,22869,22888,15,1787479200000,2411.2,BODY_ZONE+SWING_HIGH+SWING_LOW,HOLD,1,0,2411.2,2414.5,2410.84,2413.86,516.2187
5m,24,0.5886826975194024,22869,22888,16,1787479500000,2416.8125,BODY_ZONE+SWING_HIGH,REJECTION,0,0,2413.86,2417.14,2413.86,2414.17,801.6604
5m,24,0.5886826975194024,22869,22888,19,1787480400000,2416.8125,BODY_ZONE+SWING_HIGH,HOLD,1,0,2414.97,2420.89,2414.78,2417.16,1151.1185
5m,25,0.585461605457522,12132,12151,10,1784256600000,1843.755,SWING_LOW,HOLD,0,1,1845.95,1847.13,1844.0,1844.25,1419.985
5m,25,0.585461605457522,12132,12151,11,1784256900000,1843.755,SWING_LOW,HOLD,1,0,1844.24,1849.0,1844.24,1848.1,696.3445
5m,25,0.585461605457522,12132,12151,13,1784257500000,1854.3006249999999,BODY_ZONE+SWING_HIGH,REJECTION,0,0,1850.52,1854.89,1850.25,1853.05,757.3318
5m,25,0.585461605457522,12132,12151,14,1784257800000,1854.3006249999999,BODY_ZONE+SWING_HIGH,HOLD,1,0,1853.05,1854.52,1852.34,1854.08,333.4838
15m,1,0.708640217548323,29979,29998,10,1789604100000,2422.65,SWING_HIGH,REJECTION,0,0,2421.73,2426.45,2420.6,2422.23,1909.6348
15m,1,0.708640217548323,29979,29998,11,1789605000000,2422.65,SWING_HIGH,HOLD,1,0,2422.23,2427.85,2421.24,2424.1,2357.802
15m,1,0.708640217548323,29979,29998,13,1789606800000,2422.65,SWING_HIGH,HOLD,1,1,2418.91,2421.5,2413.56,2418.65,1788.551
15m,1,0.708640217548323,29979,29998,14,1789607700000,2416.29,BODY_ZONE,PULLBACK,0,1,2418.65,2440.54,2417.0,2438.77,5307.1178
15m,1,0.708640217548323,29979,29998,17,1789610400000,2422.65,SWING_HIGH,HOLD,1,0,2427.58,2428.89,2418.16,2422.55,1983.1802
15m,1,0.708640217548323,29979,29998,18,1789611300000,2422.65,SWING_HIGH,HOLD,1,0,2422.55,2423.85,2416.21,2422.69,1800.0731
15m,2,0.6940587668600626,11583,11602,11,1773048600000,2000.0,SWING_HIGH,TEST,0,0,2004.03,2022.0,1999.39,2016.06,11038.7531
15m,2,0.6940587668600626,11583,11602,13,1773050400000,2000.0,SWING_HIGH,PULLBACK,1,0,2004.49,2007.05,1999.94,2002.51,3481.7714
15m,2,0.6940587668600626,11583,11602,14,1773051300000,2000.0,SWING_HIGH,HOLD,1,0,2002.55,2005.98,1999.42,2001.53,6694.6723
15m,2,0.6940587668600626,11583,11602,16,1773053100000,2000.0,SWING_HIGH,HOLD,1,0,1996.75,1998.57,1992.56,1995.41,3354.1463
15m,2,0.6940587668600626,11583,11602,17,1773054000000,2000.0,SWING_HIGH,REJECTION,1,1,1995.41,1999.99,1993.77,1996.87,1420.6373
15m,2,0.6940587668600626,11583,11602,18,1773054900000,1979.6412500000001,BODY_ZONE+SWING_LOW,HOLD,0,1,1996.88,1997.22,1980.93,1984.12,6682.9807
15m,3,0.6492378008532079,15182,15201,10,1776286800000,2353.72,SWING_LOW,HOLD,0,0,2362.95,2363.33,2353.77,2353.78,3478.3131
15m,3,0.6492378008532079,15182,15201,11,1776287700000,2353.72,SWING_LOW,HOLD,1,1,2353.78,2354.27,2348.58,2353.04,2722.3946
15m,3,0.6492378008532079,15182,15201,12,1776288600000,2361.855,BODY_ZONE,PULLBACK,0,0,2353.03,2360.51,2350.14,2358.26,2009.7738
15m,3,0.6492378008532079,15182,15201,13,1776289500000,2361.855,BODY_ZONE,PULLBACK,1,1,2358.26,2363.5,2357.19,2361.3,1409.1666
15m,3,0.6492378008532079,15182,15201,14,1776290400000,2361.855,BODY_ZONE,TEST,1,0,2361.29,2380.45,2360.33,2373.69,7607.7122
15m,3,0.6492378008532079,15182,15201,15,1776291300000,2369.4487500000005,BODY_ZONE+SWING_HIGH,HOLD,0,1,2373.7,2373.7,2364.63,2368.89,3019.6025
15m,3,0.6492378008532079,15182,15201,16,1776292200000,2369.4487500000005,BODY_ZONE+SWING_HIGH,REJECTION,1,0,2368.89,2380.35,2365.33,2369.36,4592.5237
15m,3,0.6492378008532079,15182,15201,17,1776293100000,2361.855,BODY_ZONE,PULLBACK,1,0,2369.35,2373.56,2362.85,2363.45,2732.3959
15m,3,0.6492378008532079,15182,15201,18,1776294000000,2361.855,BODY_ZONE,TEST,1,0,2363.46,2363.46,2355.73,2357.72,2660.8496
15m,4,0.6404857715071823,23164,23183,10,1783470600000,1777.45125,BODY_ZONE+SWING_HIGH+SWING_LOW,HOLD,0,0,1779.71,1785.0,1777.3,1783.05,1785.881
15m,4,0.6404857715071823,23164,23183,11,1783471500000,1780.94,SWING_HIGH,HOLD,0,0,1783.05,1783.35,1779.04,1780.29,2405.0929
15m,4,0.6404857715071823,23164,23183,12,1783472400000,1780.94,SWING_HIGH,HOLD,1,1,1780.29,1780.75,1775.99,1779.75,1956.5767
15m,4,0.6404857715071823,23164,23183,13,1783473300000,1780.94,SWING_HIGH,HOLD,1,1,1779.75,1779.75,1772.93,1772.93,1127.343
15m,5,0.6358327867996568,3706,3725,10,1765958400000,2943.3650000000002,BODY_ZONE+SWING_HIGH,HOLD,0,1,2947.92,2947.92,2940.74,2943.19,2023.2096
15m,5,0.6358327867996568,3706,3725,11,1765959300000,2943.3650000000002,BODY_ZONE+SWING_HIGH,HOLD,1,0,2943.18,2944.04,2927.38,2929.99,1799.3299
15m,5,0.6358327867996568,3706,3725,12,1765960200000,2933.0612499999997,BODY_ZONE+SWING_LOW,TEST,0,0,2929.99,2932.35,2922.99,2927.07,1500.2864
15m,5,0.6358327867996568,3706,3725,15,1765962900000,2933.0612499999997,BODY_ZONE+SWING_LOW,REJECTION,1,0,2927.84,2933.26,2918.63,2922.96,1657.308
15m,6,0.6354535774546215,63,82,10,1762679700000,3425.755,SWING_HIGH,REJECTION,0,0,3427.91,3435.13,3423.39,3424.61,2445.3002
15m,6,0.6354535774546215,63,82,11,1762680600000,3425.755,SWING_HIGH,HOLD,1,1,3424.61,3425.16,3414.04,3414.22,7525.0483
15m,6,0.6354535774546215,63,82,12,1762681500000,3417.365,BODY_ZONE,TEST,0,0,3414.21,3415.5,3399.35,3400.97,8766.3406
15m,6,0.6354535774546215,63,82,17,1762686000000,3425.755,SWING_HIGH,HOLD,1,0,3401.59,3423.8,3401.59,3423.8,7593.1759
15m,6,0.6354535774546215,63,82,18,1762686900000,3425.755,SWING_HIGH,HOLD,1,0,3423.8,3424.6,3418.68,3420.33,3383.2913
15m,7,0.6320508905813697,20205,20224,10,1780807500000,1595.295,SWING_HIGH,TEST,0,1,1596.07,1598.24,1593.99,1597.0,3642.3221
15m,7,0.6320508905813697,20205,20224,11,1780808400000,1600.51,SWING_HIGH,REJECTION,0,1,1597.0,1606.88,1593.25,1600.17,5476.1947
15m,7,0.6320508905813697,20205,20224,13,1780810200000,1600.51,SWING_HIGH,TEST,1,0,1603.64,1608.42,1600.0,1608.06,3085.7274
15m,7,0.6320508905813697,20205,20224,15,1780812000000,1600.51,SWING_HIGH,HOLD,1,1,1604.02,1604.39,1598.54,1600.25,3276.6511
15m,8,0.6271737162299522,29148,29167,11,1788857100000,2476.7325,BODY_ZONE+SWING_HIGH,HOLD,0,0,2481.05,2483.53,2476.41,2477.58,917.0295
15m,8,0.6271737162299522,29148,29167,12,1788858000000,2476.7325,BODY_ZONE+SWING_HIGH,TEST,1,0,2477.58,2481.0,2475.86,2480.58,1418.5047
15m,8,0.6271737162299522,29148,29167,13,1788858900000,2476.7325,BODY_ZONE+SWING_HIGH,REJECTION,1,1,2480.58,2482.1,2476.91,2481.13,1358.1478
15m,8,0.6271737162299522,29148,29167,18,1788863400000,2485.0,SWING_HIGH,HOLD,0,0,2492.24,2492.9,2483.1,2484.3,2021.4767
15m,8,0.6271737162299522,29148,29167,19,1788864300000,2485.0,SWING_HIGH,HOLD,1,0,2484.3,2485.59,2481.24,2481.24,1737.4875
15m,9,0.6260701568898579,29978,29997,10,1789603200000,2416.29,BODY_ZONE,TEST,0,0,2418.26,2424.59,2415.87,2421.74,2692.1251
15m,9,0.6260701568898579,29978,29997,11,1789604100000,2422.65,SWING_HIGH,REJECTION,0,0,2421.73,2426.45,2420.6,2422.23,1909.6348
15m,9,0.6260701568898579,29978,29997,12,1789605000000,2422.65,SWING_HIGH,HOLD,1,0,2422.23,2427.85,2421.24,2424.1,2357.802
15m,9,0.6260701568898579,29978,29997,14,1789606800000,2422.65,SWING_HIGH,HOLD,1,1,2418.91,2421.5,2413.56,2418.65,1788.551
15m,9,0.6260701568898579,29978,29997,15,1789607700000,2416.29,BODY_ZONE,PULLBACK,1,1,2418.65,2440.54,2417.0,2438.77,5307.1178
15m,9,0.6260701568898579,29978,29997,18,1789610400000,2422.65,SWING_HIGH,HOLD,1,0,2427.58,2428.89,2418.16,2422.55,1983.1802
15m,9,0.6260701568898579,29978,29997,19,1789611300000,2422.65,SWING_HIGH,HOLD,1,0,2422.55,2423.85,2416.21,2422.69,1800.0731
15m,10,0.6251672508457125,11061,11080,10,1772577900000,1983.9875,BODY_ZONE+SWING_HIGH,HOLD,0,1,1986.2,1986.61,1980.33,1983.31,877.0311
15m,10,0.6251672508457125,11061,11080,12,1772579700000,1989.35,SWING_HIGH,HOLD,0,0,1994.76,1996.23,1987.12,1988.43,2028.7664
15m,10,0.6251672508457125,11061,11080,13,1772580600000,1983.9875,BODY_ZONE+SWING_HIGH,REJECTION,1,0,1988.44,1991.98,1983.98,1988.0,2228.682
15m,10,0.6251672508457125,11061,11080,14,1772581500000,1989.35,SWING_HIGH,HOLD,1,0,1987.99,1989.6,1981.25,1982.8,2606.8568
15m,10,0.6251672508457125,11061,11080,15,1772582400000,1983.9875,BODY_ZONE+SWING_HIGH,HOLD,1,0,1982.81,1983.24,1977.64,1980.92,1820.0477
15m,10,0.6251672508457125,11061,11080,19,1772586000000,1983.9875,BODY_ZONE+SWING_HIGH,REJECTION,1,0,1976.69,1984.0,1973.96,1977.93,2598.5849
15m,11,0.6194132852346471,20529,20548,10,1781099100000,1651.87,BODY_ZONE,TEST,0,0,1666.61,1667.96,1650.32,1651.81,5673.8002
15m,11,0.6194132852346471,20529,20548,11,1781100000000,1645.46,SWING_HIGH,PULLBACK,0,0,1651.82,1655.64,1646.61,1647.04,5198.5907
15m,11,0.6194132852346471,20529,20548,12,1781100900000,1651.87,BODY_ZONE,REJECTION,1,0,1647.05,1651.46,1642.22,1646.59,3544.5004
15m,11,0.6194132852346471,20529,20548,14,1781102700000,1645.46,SWING_HIGH,HOLD,1,1,1643.05,1646.96,1637.27,1646.72,3483.9412
15m,11,0.6194132852346471,20529,20548,15,1781103600000,1651.87,BODY_ZONE,REJECTION,1,1,1646.72,1653.33,1635.85,1639.46,4506.6148
15m,11,0.6194132852346471,20529,20548,16,1781104500000,1651.87,BODY_ZONE,PULLBACK,1,0,1639.45,1651.34,1636.31,1648.92,4035.7337
15m,11,0.6194132852346471,20529,20548,17,1781105400000,1645.46,SWING_HIGH,TEST,1,1,1648.92,1654.98,1647.18,1654.51,3700.0703
15m,11,0.6194132852346471,20529,20548,19,1781107200000,1651.87,BODY_ZONE,PULLBACK,1,0,1657.98,1658.73,1651.2,1651.51,4529.2363
15m,12,0.6044200529612664,13193,13212,10,1774496700000,2155.56,SWING_HIGH,HOLD,0,1,2152.36,2154.32,2150.15,2153.21,1344.573
15m,12,0.6044200529612664,13193,13212,12,1774498500000,2151.6800000000003,BODY_ZONE,TEST,0,0,2148.7,2153.06,2147.9,2152.73,685.8937
15m,12,0.6044200529612664,13193,13212,13,1774499400000,2151.6800000000003,BODY_ZONE,PULLBACK,1,0,2152.73,2154.04,2151.3,2152.21,1197.2932
15m,12,0.6044200529612664,13193,13212,14,1774500300000,2155.56,SWING_HIGH,REJECTION,1,1,2152.21,2154.58,2148.78,2149.71,1047.1212
15m,12,0.6044200529612664,13193,13212,15,1774501200000,2151.6800000000003,BODY_ZONE,TEST,1,0,2149.71,2150.9,2137.56,2140.83,4953.8515
15m,12,0.6044200529612664,13193,13212,17,1774503000000,2144.3500000000004,SWING_LOW,TEST,0,1,2142.44,2144.78,2126.5,2130.26,5884.4375
15m,13,0.5970209202807819,1866,1885,11,1764303300000,3012.920625,BODY_ZONE+SWING_HIGH,HOLD,0,0,3015.9,3018.0,3013.06,3014.5,1193.6164
15m,13,0.5970209202807819,1866,1885,12,1764304200000,3012.920625,BODY_ZONE+SWING_HIGH,TEST,1,0,3014.5,3019.63,3013.0,3015.13,1431.848
15m,13,0.5970209202807819,1866,1885,13,1764305100000,3012.920625,BODY_ZONE+SWING_HIGH,TEST,1,1,3015.13,3019.0,3013.15,3017.4,1033.668
15m,14,0.5942555085636965,27534,27553,10,1787403600000,2428.46,BODY_ZONE,TEST,0,1,2428.11,2429.21,2424.6,2426.49,3379.9143
15m,14,0.5942555085636965,27534,27553,11,1787404500000,2428.46,BODY_ZONE,REJECTION,1,0,2426.49,2429.98,2422.27,2426.22,2652.5354
15m,14,0.5942555085636965,27534,27553,12,1787405400000,2428.46,BODY_ZONE,TEST,1,1,2426.23,2428.34,2421.71,2425.27,2050.5696
15m,14,0.5942555085636965,27534,27553,13,1787406300000,2428.46,BODY_ZONE,PULLBACK,1,1,2425.27,2433.25,2424.43,2430.09,3060.1905
15m,14,0.5942555085636965,27534,27553,14,1787407200000,2418.9925,BODY_ZONE+SWING_HIGH+SWING_LOW,HOLD,0,0,2430.09,2431.48,2414.4,2418.68,4612.4411
15m,14,0.5942555085636965,27534,27553,16,1787409000000,2411.205,BODY_ZONE,PULLBACK,0,0,2420.99,2424.49,2412.4,2412.41,3632.5577
15m,14,0.5942555085636965,27534,27553,18,1787410800000,2405.4,SWING_LOW,HOLD,0,0,2413.93,2416.71,2406.32,2406.32,3390.9317
15m,14,0.5942555085636965,27534,27553,19,1787411700000,2405.4,SWING_LOW,HOLD,1,0,2406.32,2411.87,2405.62,2410.9,3814.5062
15m,15,0.5931187864274513,28537,28556,10,1788306300000,2418.765,BODY_ZONE+SWING_HIGH,HOLD,0,0,2423.23,2425.59,2418.41,2418.57,2195.705
15m,15,0.5931187864274513,28537,28556,12,1788308100000,2411.5550000000003,BODY_ZONE,PULLBACK,0,1,2420.15,2422.32,2410.86,2412.34,2000.258
15m,15,0.5931187864274513,28537,28556,13,1788309000000,2405.85,SWING_LOW,HOLD,0,0,2412.33,2415.53,2405.87,2409.14,2693.0373
15m,15,0.5931187864274513,28537,28556,14,1788309900000,2411.5550000000003,BODY_ZONE,REJECTION,1,0,2409.14,2411.75,2406.96,2408.85,1327.2067
15m,15,0.5931187864274513,28537,28556,15,1788310800000,2405.85,SWING_LOW,HOLD,1,0,2408.84,2415.0,2407.06,2413.14,2078.5544
15m,15,0.5931187864274513,28537,28556,17,1788312600000,2411.5550000000003,BODY_ZONE,TEST,1,1,2409.21,2411.64,2391.09,2395.15,5405.4491
15m,15,0.5931187864274513,28537,28556,19,1788314400000,2405.85,SWING_LOW,PULLBACK,1,0,2399.32,2406.0,2395.0,2402.06,2844.4605
15m,16,0.5919383034044986,8881,8900,10,1770615900000,2095.52,BODY_ZONE,REJECTION,0,1,2092.79,2096.43,2088.68,2095.82,3191.8282
15m,16,0.5919383034044986,8881,8900,11,1770616800000,2095.52,BODY_ZONE,PULLBACK,1,1,2095.81,2095.82,2084.17,2090.61,8034.9619
15m,16,0.5919383034044986,8881,8900,15,1770620400000,2086.745,BODY_ZONE+SWING_LOW,HOLD,0,0,2081.43,2086.93,2074.53,2085.6,3603.1243
15m,16,0.5919383034044986,8881,8900,16,1770621300000,2086.745,BODY_ZONE+SWING_LOW,PULLBACK,1,1,2085.6,2087.7,2081.0,2081.4,2832.7614
15m,17,0.5910699108811559,15180,15199,11,1776285900000,2361.855,BODY_ZONE,PULLBACK,0,0,2358.07,2364.33,2358.06,2362.95,2001.6324
15m,17,0.5910699108811559,15180,15199,12,1776286800000,2361.855,BODY_ZONE,TEST,1,0,2362.95,2363.33,2353.77,2353.78,3478.3131
15m,17,0.5910699108811559,15180,15199,14,1776288600000,2361.855,BODY_ZONE,PULLBACK,1,0,2353.03,2360.51,2350.14,2358.26,2009.7738
15m,17,0.5910699108811559,15180,15199,15,1776289500000,2361.855,BODY_ZONE,PULLBACK,1,1,2358.26,2363.5,2357.19,2361.3,1409.1666
15m,17,0.5910699108811559,15180,15199,16,1776290400000,2361.855,BODY_ZONE,TEST,1,0,2361.29,2380.45,2360.33,2373.69,7607.7122
15m,17,0.5910699108811559,15180,15199,17,1776291300000,2369.6675000000005,BODY_ZONE+SWING_HIGH,HOLD,0,1,2373.7,2373.7,2364.63,2368.89,3019.6025
15m,17,0.5910699108811559,15180,15199,18,1776292200000,2369.6675000000005,BODY_ZONE+SWING_HIGH,REJECTION,1,0,2368.89,2380.35,2365.33,2369.36,4592.5237
15m,17,0.5910699108811559,15180,15199,19,1776293100000,2361.855,BODY_ZONE,PULLBACK,1,0,2369.35,2373.56,2362.85,2363.45,2732.3959
15m,18,0.5898113710073289,4376,4395,12,1766563200000,2929.1324999999997,BODY_ZONE,REJECTION,0,1,2932.69,2936.55,2930.18,2934.49,2098.8129
15m,18,0.5898113710073289,4376,4395,13,1766564100000,2938.54,SWING_HIGH,REJECTION,0,1,2934.5,2939.84,2926.63,2934.27,5943.8243
15m,18,0.5898113710073289,4376,4395,14,1766565000000,2938.54,SWING_HIGH,HOLD,1,0,2934.27,2936.88,2921.2,2931.01,3279.3898
15m,18,0.5898113710073289,4376,4395,16,1766566800000,2929.1324999999997,BODY_ZONE,PULLBACK,1,0,2922.66,2930.14,2922.66,2930.01,1030.8202
15m,19,0.5897251621737893,5823,5842,11,1767864600000,3114.81,BODY_ZONE,PULLBACK,0,0,3107.01,3114.39,3105.55,3114.23,2335.7054
15m,19,0.5897251621737893,5823,5842,13,1767866400000,3114.81,BODY_ZONE,TEST,1,0,3111.9,3112.84,3096.68,3108.64,5612.9026
15m,19,0.5897251621737893,5823,5842,15,1767868200000,3123.5924999999997,BODY_ZONE,REJECTION,0,1,3117.55,3123.37,3117.31,3118.51,1985.4336
15m,19,0.5897251621737893,5823,5842,16,1767869100000,3134.71,SWING_HIGH,HOLD,0,0,3118.5,3133.03,3118.5,3128.18,6456.3042
15m,19,0.5897251621737893,5823,5842,17,1767870000000,3123.5924999999997,BODY_ZONE,PULLBACK,1,0,3128.19,3131.54,3121.71,3123.53,3494.2097
15m,19,0.5897251621737893,5823,5842,18,1767870900000,3114.81,BODY_ZONE,REJECTION,1,0,3123.53,3126.95,3115.26,3122.44,3468.5217
15m,19,0.5897251621737893,5823,5842,19,1767871800000,3114.81,BODY_ZONE,TEST,1,0,3122.45,3122.8,3112.57,3114.68,2651.5903
15m,20,0.5883644835538546,5825,5844,11,1767866400000,3115.0175,BODY_ZONE,TEST,0,0,3111.9,3112.84,3096.68,3108.64,5612.9026
15m,20,0.5883644835538546,5825,5844,13,1767868200000,3115.0175,BODY_ZONE,PULLBACK,1,1,3117.55,3123.37,3117.31,3118.51,1985.4336
15m,20,0.5883644835538546,5825,5844,14,1767869100000,3134.71,SWING_HIGH,HOLD,0,0,3118.5,3133.03,3118.5,3128.18,6456.3042
15m,20,0.5883644835538546,5825,5844,16,1767870900000,3115.0175,BODY_ZONE,REJECTION,1,0,3123.53,3126.95,3115.26,3122.44,3468.5217
15m,20,0.5883644835538546,5825,5844,17,1767871800000,3115.0175,BODY_ZONE,TEST,1,0,3122.45,3122.8,3112.57,3114.68,2651.5903
15m,20,0.5883644835538546,5825,5844,18,1767872700000,3115.0175,BODY_ZONE,PULLBACK,1,1,3114.67,3121.25,3112.96,3121.24,1924.2781
15m,21,0.5861061621486441,5828,5847,10,1767868200000,3119.69,BODY_ZONE+SWING_HIGH,REJECTION,0,1,3117.55,3123.37,3117.31,3118.51,1985.4336
15m,21,0.5861061621486441,5828,5847,11,1767869100000,3119.69,BODY_ZONE+SWING_HIGH,TEST,1,0,3118.5,3133.03,3118.5,3128.18,6456.3042
15m,21,0.5861061621486441,5828,5847,12,1767870000000,3129.755,BODY_ZONE,PULLBACK,0,0,3128.19,3131.54,3121.71,3123.53,3494.2097
15m,21,0.5861061621486441,5828,5847,14,1767871800000,3112.27,BODY_ZONE+SWING_LOW,HOLD,0,0,3122.45,3122.8,3112.57,3114.68,2651.5903
15m,21,0.5861061621486441,5828,5847,15,1767872700000,3112.27,BODY_ZONE+SWING_LOW,HOLD,1,1,3114.67,3121.25,3112.96,3121.24,1924.2781
15m,21,0.5861061621486441,5828,5847,16,1767873600000,3096.68,SWING_LOW,HOLD,0,0,3121.25,3121.49,3095.23,3103.35,10935.9892
15m,21,0.5861061621486441,5828,5847,19,1767876300000,3096.68,SWING_LOW,HOLD,1,0,3099.27,3104.1,3093.11,3095.76,2235.6775
15m,22,0.5853341140970709,23990,24009,11,1784214900000,1891.615,SWING_HIGH,HOLD,0,0,1873.7,1894.38,1872.45,1891.29,5727.5376
15m,22,0.5853341140970709,23990,24009,12,1784215800000,1891.615,SWING_HIGH,HOLD,1,0,1891.3,1891.31,1881.94,1882.37,2679.7923
15m,22,0.5853341140970709,23990,24009,13,1784216700000,1877.87375,BODY_ZONE+SWING_LOW,REJECTION,0,0,1882.36,1886.02,1878.36,1881.88,2228.1207
15m,22,0.5853341140970709,23990,24009,14,1784217600000,1877.87375,BODY_ZONE+SWING_LOW,HOLD,1,0,1881.89,1882.33,1875.51,1877.06,4664.223
15m,22,0.5853341140970709,23990,24009,17,1784220300000,1877.87375,BODY_ZONE+SWING_LOW,HOLD,1,1,1875.93,1881.05,1874.98,1878.9,1478.424
15m,22,0.5853341140970709,23990,24009,18,1784221200000,1877.87375,BODY_ZONE+SWING_LOW,PULLBACK,1,1,1878.9,1879.25,1868.79,1869.02,2832.1684
15m,23,0.5851198816272334,15189,15208,11,1776294000000,2357.005,BODY_ZONE,TEST,0,0,2363.46,2363.46,2355.73,2357.72,2660.8496
15m,23,0.5851198816272334,15189,15208,12,1776294900000,2357.005,BODY_ZONE,TEST,1,0,2357.72,2357.92,2349.6,2355.84,3584.7378
15m,23,0.5851198816272334,15189,15208,13,1776295800000,2357.005,BODY_ZONE,TEST,1,0,2355.85,2356.92,2349.8,2353.41,3593.711
15m,23,0.5851198816272334,15189,15208,16,1776298500000,2357.005,BODY_ZONE,PULLBACK,1,0,2353.25,2355.88,2349.93,2354.53,1183.6566
15m,23,0.5851198816272334,15189,15208,18,1776300300000,2357.005,BODY_ZONE,REJECTION,1,1,2358.92,2363.03,2355.91,2360.58,842.014
15m,24,0.5823114175674552,27944,27963,11,1787773500000,2469.5625,BODY_ZONE+SWING_HIGH,REJECTION,0,0,2471.26,2473.89,2469.08,2470.79,2539.8341
15m,24,0.5823114175674552,27944,27963,12,1787774400000,2474.88,BODY_ZONE+SWING_HIGH,REJECTION,0,1,2470.79,2474.49,2468.83,2469.15,1884.8126
15m,24,0.5823114175674552,27944,27963,13,1787775300000,2469.5625,BODY_ZONE+SWING_HIGH,HOLD,1,0,2469.16,2470.78,2460.29,2469.1,2533.0415
15m,24,0.5823114175674552,27944,27963,14,1787776200000,2469.5625,BODY_ZONE+SWING_HIGH,HOLD,1,0,2469.1,2469.75,2464.29,2468.76,3235.2337
15m,24,0.5823114175674552,27944,27963,15,1787777100000,2469.5625,BODY_ZONE+SWING_HIGH,PULLBACK,1,1,2468.76,2472.87,2468.41,2472.27,3029.6278
15m,24,0.5823114175674552,27944,27963,16,1787778000000,2469.5625,BODY_ZONE+SWING_HIGH,PULLBACK,1,1,2472.27,2494.68,2470.56,2492.5,5519.296
15m,25,0.5819311507881566,12605,12624,10,1773967500000,2142.869375,BODY_ZONE,REJECTION,0,1,2146.0,2148.25,2142.79,2145.6,2180.4971
15m,25,0.5819311507881566,12605,12624,12,1773969300000,2147.48,SWING_HIGH,PULLBACK,0,1,2152.01,2153.12,2147.25,2149.69,2557.6626
15m,25,0.5819311507881566,12605,12624,16,1773972900000,2147.48,SWING_HIGH,HOLD,1,1,2145.7,2145.73,2137.1,2139.09,2724.5455
15m,25,0.5819311507881566,12605,12624,17,1773973800000,2142.869375,BODY_ZONE,REJECTION,1,0,2139.09,2144.12,2132.69,2143.06,3112.6229
15m,25,0.5819311507881566,12605,12624,18,1773974700000,2142.869375,BODY_ZONE,PULLBACK,1,0,2143.06,2149.5,2139.93,2144.44,4248.184
15m,25,0.5819311507881566,12605,12624,19,1773975600000,2142.869375,BODY_ZONE,TEST,1,0,2144.45,2148.75,2143.61,2145.5,1240.404
30m,1,0.6488262638066213,20474,20493,12,1772488800000,2056.101875,BODY_ZONE+SWING_HIGH,HOLD,0,0,2043.01,2052.89,2041.41,2050.0,6082.1691
30m,1,0.6488262638066213,20474,20493,13,1772490600000,2056.101875,BODY_ZONE+SWING_HIGH,REJECTION,1,1,2050.0,2058.59,2049.32,2053.82,5699.9625
30m,1,0.6488262638066213,20474,20493,14,1772492400000,2056.101875,BODY_ZONE+SWING_HIGH,HOLD,1,0,2053.82,2055.75,2037.18,2037.58,7396.1113
30m,1,0.6488262638066213,20474,20493,15,1772494200000,2022.8375,SWING_LOW,HOLD,0,0,2037.59,2038.16,2024.32,2027.35,29817.2189
30m,1,0.6488262638066213,20474,20493,16,1772496000000,2022.8375,SWING_LOW,REJECTION,1,1,2027.34,2035.33,2021.85,2027.54,13643.2451
30m,1,0.6488262638066213,20474,20493,19,1772501400000,2022.8375,SWING_LOW,HOLD,1,0,2029.21,2034.3,2019.53,2020.01,5684.6019
30m,2,0.6399853982486686,6836,6855,11,1747938600000,2655.2418749999997,BODY_ZONE,PULLBACK,0,0,2664.75,2670.39,2658.04,2658.8,7714.4481
30m,2,0.6399853982486686,6836,6855,12,1747940400000,2655.2418749999997,BODY_ZONE,TEST,1,1,2658.8,2661.5,2649.5,2653.42,6846.2348
30m,2,0.6399853982486686,6836,6855,13,1747942200000,2655.2418749999997,BODY_ZONE,TEST,1,0,2653.43,2655.0,2626.37,2634.51,16160.7082
30m,2,0.6399853982486686,6836,6855,14,1747944000000,2635.28,SWING_LOW,HOLD,0,0,2634.68,2649.08,2632.0,2637.2,12729.8731
30m,2,0.6399853982486686,6836,6855,17,1747949400000,2635.28,SWING_LOW,HOLD,1,0,2631.21,2638.6,2627.85,2635.9,4705.2196
30m,2,0.6399853982486686,6836,6855,18,1747951200000,2635.28,SWING_LOW,HOLD,1,0,2635.9,2652.3,2635.59,2644.62,7157.0441
30m,2,0.6399853982486686,6836,6855,19,1747953000000,2635.28,SWING_LOW,HOLD,1,0,2644.62,2651.31,2633.23,2635.76,7238.2621
30m,3,0.6097175977712985,29979,29998,10,1789594200000,2403.449375,BODY_ZONE+SWING_LOW,REJECTION,0,1,2405.77,2407.89,2400.01,2404.94,3056.0556
30m,3,0.6097175977712985,29979,29998,11,1789596000000,2403.449375,BODY_ZONE+SWING_LOW,TEST,1,0,2404.94,2405.67,2388.55,2394.69,6177.603
30m,3,0.6097175977712985,29979,29998,14,1789601400000,2419.9,SWING_HIGH,REJECTION,0,0,2413.03,2422.65,2412.02,2418.26,6985.0808
30m,3,0.6097175977712985,29979,29998,15,1789603200000,2419.9,SWING_HIGH,HOLD,1,0,2418.26,2426.45,2415.87,2422.23,4601.7599
30m,3,0.6097175977712985,29979,29998,16,1789605000000,2419.9,SWING_HIGH,REJECTION,1,1,2422.23,2427.85,2418.9,2418.9,3354.6654
30m,3,0.6097175977712985,29979,29998,19,1789610400000,2430.64,SWING_HIGH,HOLD,0,0,2427.58,2428.89,2416.21,2422.69,3783.2533
30m,4,0.6084541087433128,11682,11701,10,1756659600000,4485.374374999999,BODY_ZONE+SWING_HIGH,HOLD,0,0,4471.49,4488.05,4469.11,4483.6,3799.7669
30m,4,0.6084541087433128,11682,11701,11,1756661400000,4485.374374999999,BODY_ZONE+SWING_HIGH,REJECTION,1,0,4483.61,4488.1,4477.0,4477.3,2661.6336
30m,4,0.6084541087433128,11682,11701,12,1756663200000,4485.374374999999,BODY_ZONE+SWING_HIGH,REJECTION,1,0,4477.29,4489.01,4473.52,4478.84,4348.1832
30m,4,0.6084541087433128,11682,11701,16,1756670400000,4461.450000000001,BODY_ZONE+SWING_LOW,HOLD,0,0,4456.0,4462.23,4445.42,4458.9,4938.1816
30m,4,0.6084541087433128,11682,11701,17,1756672200000,4461.450000000001,BODY_ZONE+SWING_LOW,TEST,1,0,4458.89,4462.09,4450.01,4455.03,2403.5705
30m,4,0.6084541087433128,11682,11701,18,1756674000000,4461.450000000001,BODY_ZONE+SWING_LOW,HOLD,1,0,4455.03,4465.52,4450.02,4461.7,2235.2745
30m,4,0.6084541087433128,11682,11701,19,1756675800000,4461.450000000001,BODY_ZONE+SWING_LOW,HOLD,1,0,4461.67,4477.1,4460.11,4470.01,3623.7119
30m,5,0.5846994313636226,15153,15172,10,1762907400000,3427.79,BODY_ZONE+SWING_LOW,TEST,0,1,3428.5,3430.68,3416.33,3418.13,6736.5451
30m,5,0.5846994313636226,15153,15172,11,1762909200000,3438.54,SWING_HIGH,REJECTION,0,0,3418.13,3453.06,3411.91,3435.77,17441.1527
30m,5,0.5846994313636226,15153,15172,12,1762911000000,3449.5,SWING_HIGH,HOLD,0,0,3435.78,3450.11,3432.65,3447.45,6671.2213
30m,5,0.5846994313636226,15153,15172,13,1762912800000,3438.54,SWING_HIGH,HOLD,1,0,3447.44,3456.06,3436.06,3438.75,9915.3861
30m,5,0.5846994313636226,15153,15172,14,1762914600000,3438.54,SWING_HIGH,HOLD,1,0,3438.74,3438.74,3417.62,3427.23,9371.9797
30m,5,0.5846994313636226,15153,15172,15,1762916400000,3438.54,SWING_HIGH,HOLD,1,0,3427.23,3442.0,3421.74,3441.08,7526.0219
30m,5,0.5846994313636226,15153,15172,16,1762918200000,3438.54,SWING_HIGH,HOLD,1,0,3441.08,3446.17,3437.95,3439.1,2770.0849
30m,5,0.5846994313636226,15153,15172,18,1762921800000,3449.5,SWING_HIGH,HOLD,1,0,3433.83,3445.9,3432.36,3445.0,7886.3865
30m,5,0.5846994313636226,15153,15172,19,1762923600000,3449.5,SWING_HIGH,REJECTION,1,0,3445.01,3458.07,3444.79,3449.16,34515.8415
30m,6,0.583945163603442,6837,6856,10,1747938600000,2655.2418749999997,BODY_ZONE,TEST,0,0,2664.75,2670.39,2658.04,2658.8,7714.4481
30m,6,0.583945163603442,6837,6856,11,1747940400000,2655.2418749999997,BODY_ZONE,TEST,1,1,2658.8,2661.5,2649.5,2653.42,6846.2348
30m,6,0.583945163603442,6837,6856,12,1747942200000,2655.2418749999997,BODY_ZONE,TEST,1,1,2653.43,2655.0,2626.37,2634.51,16160.7082
30m,6,0.583945163603442,6837,6856,13,1747944000000,2635.28,SWING_LOW,HOLD,0,0,2634.68,2649.08,2632.0,2637.2,12729.8731
30m,6,0.583945163603442,6837,6856,16,1747949400000,2635.28,SWING_LOW,HOLD,1,0,2631.21,2638.6,2627.85,2635.9,4705.2196
30m,6,0.583945163603442,6837,6856,17,1747951200000,2635.28,SWING_LOW,HOLD,1,0,2635.9,2652.3,2635.59,2644.62,7157.0441
30m,6,0.583945163603442,6837,6856,18,1747953000000,2635.28,SWING_LOW,HOLD,1,0,2644.62,2651.31,2633.23,2635.76,7238.2621
30m,6,0.583945163603442,6837,6856,19,1747954800000,2635.28,SWING_LOW,HOLD,1,0,2635.76,2652.0,2635.76,2650.16,6565.6936
30m,7,0.5838827930446264,6835,6854,10,1747935000000,2655.7612499999996,BODY_ZONE,REJECTION,0,0,2662.66,2666.49,2651.78,2659.3,6632.0114
30m,7,0.5838827930446264,6835,6854,12,1747938600000,2655.7612499999996,BODY_ZONE,PULLBACK,1,0,2664.75,2670.39,2658.04,2658.8,7714.4481
30m,7,0.5838827930446264,6835,6854,13,1747940400000,2655.7612499999996,BODY_ZONE,TEST,1,1,2658.8,2661.5,2649.5,2653.42,6846.2348
30m,7,0.5838827930446264,6835,6854,14,1747942200000,2655.7612499999996,BODY_ZONE,TEST,1,0,2653.43,2655.0,2626.37,2634.51,16160.7082
30m,7,0.5838827930446264,6835,6854,15,1747944000000,2635.28,SWING_LOW,HOLD,0,0,2634.68,2649.08,2632.0,2637.2,12729.8731
30m,7,0.5838827930446264,6835,6854,18,1747949400000,2635.28,SWING_LOW,HOLD,1,0,2631.21,2638.6,2627.85,2635.9,4705.2196
30m,7,0.5838827930446264,6835,6854,19,1747951200000,2635.28,SWING_LOW,HOLD,1,0,2635.9,2652.3,2635.59,2644.62,7157.0441
30m,8,0.5821724674958296,10001,10020,13,1753639200000,3831.7973046875,BODY_ZONE+SWING_HIGH+SWING_LOW,HOLD,0,0,3838.24,3868.08,3833.27,3860.84,21319.9661
30m,8,0.5821724674958296,10001,10020,16,1753644600000,3831.7973046875,BODY_ZONE+SWING_HIGH+SWING_LOW,HOLD,1,0,3838.04,3843.88,3826.59,3828.32,5272.5472
30m,8,0.5821724674958296,10001,10020,17,1753646400000,3831.7973046875,BODY_ZONE+SWING_HIGH+SWING_LOW,HOLD,1,0,3828.33,3843.2,3827.87,3834.16,5463.1742
30m,8,0.5821724674958296,10001,10020,18,1753648200000,3831.7973046875,BODY_ZONE+SWING_HIGH+SWING_LOW,HOLD,1,0,3834.17,3834.17,3819.86,3822.4,5820.3294
30m,8,0.5821724674958296,10001,10020,19,1753650000000,3831.7973046875,BODY_ZONE+SWING_HIGH+SWING_LOW,HOLD,1,0,3822.41,3829.84,3818.9,3827.97,3952.89
30m,9,0.580639920115928,10002,10021,10,1753635600000,3827.775234375,BODY_ZONE+SWING_HIGH+SWING_LOW,HOLD,0,1,3816.03,3826.41,3809.01,3824.8,9265.132
30m,9,0.580639920115928,10002,10021,15,1753644600000,3827.775234375,BODY_ZONE+SWING_HIGH+SWING_LOW,HOLD,1,0,3838.04,3843.88,3826.59,3828.32,5272.5472
30m,9,0.580639920115928,10002,10021,16,1753646400000,3827.775234375,BODY_ZONE+SWING_HIGH+SWING_LOW,HOLD,1,0,3828.33,3843.2,3827.87,3834.16,5463.1742
30m,9,0.580639920115928,10002,10021,18,1753650000000,3827.775234375,BODY_ZONE+SWING_HIGH+SWING_LOW,HOLD,1,1,3822.41,3829.84,3818.9,3827.97,3952.89
30m,10,0.5796230045862353,12556,12575,11,1758234600000,4603.71,BODY_ZONE+SWING_HIGH+SWING_LOW,REJECTION,0,1,4595.81,4601.98,4589.0,4590.98,3653.9191
30m,10,0.5796230045862353,12556,12575,14,1758240000000,4603.71,BODY_ZONE+SWING_HIGH+SWING_LOW,HOLD,1,0,4587.66,4602.0,4587.51,4600.27,2725.7125
30m,10,0.5796230045862353,12556,12575,16,1758243600000,4618.5175,BODY_ZONE+SWING_HIGH,HOLD,0,1,4609.79,4617.42,4598.51,4616.92,5885.4557
30m,10,0.5796230045862353,12556,12575,17,1758245400000,4618.5175,BODY_ZONE+SWING_HIGH,HOLD,1,1,4616.92,4620.72,4600.6,4606.93,3856.4767
30m,11,0.5746917216316396,6834,6853,10,1747933200000,2677.995,SWING_HIGH,REJECTION,0,0,2645.9,2674.1,2642.88,2662.66,10721.7973
30m,11,0.5746917216316396,6834,6853,11,1747935000000,2654.2993749999996,BODY_ZONE+SWING_LOW,REJECTION,0,0,2662.66,2666.49,2651.78,2659.3,6632.0114
30m,11,0.5746917216316396,6834,6853,13,1747938600000,2654.2993749999996,BODY_ZONE+SWING_LOW,HOLD,1,0,2664.75,2670.39,2658.04,2658.8,7714.4481
30m,11,0.5746917216316396,6834,6853,14,1747940400000,2654.2993749999996,BODY_ZONE+SWING_LOW,HOLD,1,1,2658.8,2661.5,2649.5,2653.42,6846.2348
30m,11,0.5746917216316396,6834,6853,15,1747942200000,2654.2993749999996,BODY_ZONE+SWING_LOW,TEST,1,0,2653.43,2655.0,2626.37,2634.51,16160.7082
30m,12,0.5737685207447518,22815,22834,10,1776699000000,2312.17875,BODY_ZONE,REJECTION,0,0,2317.8,2317.8,2305.69,2313.91,8360.3523
30m,12,0.5737685207447518,22815,22834,11,1776700800000,2302.3925,BODY_ZONE+SWING_LOW,HOLD,0,0,2313.92,2315.01,2300.0,2303.93,5795.7223
30m,12,0.5737685207447518,22815,22834,12,1776702600000,2302.3925,BODY_ZONE+SWING_LOW,REJECTION,1,1,2303.93,2309.24,2298.76,2300.07,3805.6669
30m,12,0.5737685207447518,22815,22834,13,1776704400000,2324.4300000000003,SWING_HIGH,HOLD,0,0,2300.07,2322.4,2297.97,2314.4,6828.16
30m,12,0.5737685207447518,22815,22834,14,1776706200000,2324.4300000000003,SWING_HIGH,HOLD,1,1,2314.4,2321.81,2307.94,2317.06,5720.0686
30m,12,0.5737685207447518,22815,22834,16,1776709800000,2324.4300000000003,SWING_HIGH,TEST,1,0,2328.45,2344.19,2324.71,2334.23,11461.4371
30m,12,0.5737685207447518,22815,22834,17,1776711600000,2324.4300000000003,SWING_HIGH,PULLBACK,1,0,2334.24,2336.43,2327.27,2329.62,4466.0079
30m,12,0.5737685207447518,22815,22834,18,1776713400000,2324.4300000000003,SWING_HIGH,TEST,1,0,2329.61,2333.87,2327.47,2331.78,3299.5667
30m,13,0.5711580652171845,15151,15170,10,1762903800000,3427.9525,BODY_ZONE+SWING_LOW,TEST,0,0,3429.92,3429.92,3409.2,3417.76,8209.476
30m,13,0.5711580652171845,15151,15170,11,1762905600000,3427.9525,BODY_ZONE+SWING_LOW,HOLD,1,0,3417.76,3435.13,3410.0,3428.5,12075.312
30m,13,0.5711580652171845,15151,15170,12,1762907400000,3427.9525,BODY_ZONE+SWING_LOW,PULLBACK,1,1,3428.5,3430.68,3416.33,3418.13,6736.5451
30m,13,0.5711580652171845,15151,15170,14,1762911000000,3446.255,BODY_ZONE+SWING_HIGH,HOLD,0,0,3435.78,3450.11,3432.65,3447.45,6671.2213
30m,13,0.5711580652171845,15151,15170,16,1762914600000,3427.9525,BODY_ZONE+SWING_LOW,HOLD,1,0,3438.74,3438.74,3417.62,3427.23,9371.9797
30m,13,0.5711580652171845,15151,15170,18,1762918200000,3446.255,BODY_ZONE+SWING_HIGH,REJECTION,1,0,3441.08,3446.17,3437.95,3439.1,2770.0849
30m,13,0.5711580652171845,15151,15170,19,1762920000000,3446.255,BODY_ZONE+SWING_HIGH,REJECTION,1,0,3439.11,3444.97,3432.71,3433.84,3332.0096
30m,14,0.5699515754641296,2776,2795,10,1740628800000,2324.375,SWING_LOW,HOLD,0,0,2332.11,2342.17,2310.39,2319.6,13611.5947
30m,14,0.5699515754641296,2776,2795,11,1740630600000,2324.375,SWING_LOW,TEST,1,0,2319.61,2320.72,2303.22,2311.5,21149.5413
30m,14,0.5699515754641296,2776,2795,12,1740632400000,2324.375,SWING_LOW,HOLD,1,0,2311.49,2333.91,2307.71,2319.91,16936.9176
30m,14,0.5699515754641296,2776,2795,13,1740634200000,2324.375,SWING_LOW,HOLD,1,0,2319.91,2345.47,2319.61,2341.57,8771.0562
30m,14,0.5699515754641296,2776,2795,15,1740637800000,2364.356484375,BODY_ZONE+SWING_HIGH,REJECTION,0,0,2347.69,2366.77,2346.51,2348.83,19094.404
30m,14,0.5699515754641296,2776,2795,16,1740639600000,2364.356484375,BODY_ZONE+SWING_HIGH,HOLD,1,0,2348.84,2361.0,2346.71,2360.09,10266.1793
30m,14,0.5699515754641296,2776,2795,18,1740643200000,2364.356484375,BODY_ZONE+SWING_HIGH,HOLD,1,0,2356.13,2361.27,2344.66,2347.32,8662.6376
30m,15,0.5697680579820961,11681,11700,10,1756657800000,4464.182500000001,BODY_ZONE+SWING_LOW,REJECTION,0,0,4468.9,4476.7,4460.8,4471.49,5434.3489
30m,15,0.5697680579820961,11681,11700,11,1756659600000,4485.374374999999,BODY_ZONE+SWING_HIGH,HOLD,0,0,4471.49,4488.05,4469.11,4483.6,3799.7669
30m,15,0.5697680579820961,11681,11700,12,1756661400000,4485.374374999999,BODY_ZONE+SWING_HIGH,REJECTION,1,0,4483.61,4488.1,4477.0,4477.3,2661.6336
30m,15,0.5697680579820961,11681,11700,13,1756663200000,4485.374374999999,BODY_ZONE+SWING_HIGH,REJECTION,1,0,4477.29,4489.01,4473.52,4478.84,4348.1832
30m,15,0.5697680579820961,11681,11700,16,1756668600000,4451.03,SWING_LOW,HOLD,0,0,4469.73,4479.23,4454.89,4456.01,3382.4361
30m,15,0.5697680579820961,11681,11700,17,1756670400000,4464.182500000001,BODY_ZONE+SWING_LOW,PULLBACK,1,0,4456.0,4462.23,4445.42,4458.9,4938.1816
30m,15,0.5697680579820961,11681,11700,18,1756672200000,4451.03,SWING_LOW,REJECTION,1,0,4458.89,4462.09,4450.01,4455.03,2403.5705
30m,15,0.5697680579820961,11681,11700,19,1756674000000,4451.03,SWING_LOW,HOLD,1,0,4455.03,4465.52,4450.02,4461.7,2235.2745
30m,16,0.5666643692800402,2157,2176,11,1739516400000,2706.848125,BODY_ZONE+SWING_HIGH,REJECTION,0,0,2700.8,2705.0,2699.85,2702.19,11881.5552
30m,16,0.5666643692800402,2157,2176,14,1739521800000,2706.848125,BODY_ZONE+SWING_HIGH,HOLD,1,0,2712.79,2713.0,2698.1,2705.75,7456.3563
30m,16,0.5666643692800402,2157,2176,17,1739527200000,2706.848125,BODY_ZONE+SWING_HIGH,HOLD,1,0,2713.61,2716.48,2704.7,2706.0,6204.1639
30m,16,0.5666643692800402,2157,2176,19,1739530800000,2706.848125,BODY_ZONE+SWING_HIGH,HOLD,1,0,2703.29,2705.4,2693.0,2693.0,6284.0762
30m,17,0.566017648010185,18519,18538,10,1768966200000,2970.8668749999997,BODY_ZONE+SWING_HIGH+SWING_LOW,HOLD,0,0,2971.53,2984.64,2969.6,2981.76,4427.4069
30m,17,0.566017648010185,18519,18538,17,1768978800000,2970.8668749999997,BODY_ZONE+SWING_HIGH+SWING_LOW,REJECTION,1,1,2980.31,2985.67,2973.01,2982.64,8481.6098
30m,17,0.566017648010185,18519,18538,18,1768980600000,2970.8668749999997,BODY_ZONE+SWING_HIGH+SWING_LOW,HOLD,1,0,2982.65,2982.65,2966.0,2970.6,9873.4658
30m,18,0.5644868868741412,14588,14607,12,1761894000000,3842.1362499999996,BODY_ZONE,PULLBACK,0,1,3831.25,3839.89,3825.2,3836.05,4395.3209
30m,18,0.5644868868741412,14588,14607,13,1761895800000,3842.1362499999996,BODY_ZONE,TEST,1,1,3836.05,3842.0,3821.67,3831.49,9170.1327
30m,18,0.5644868868741412,14588,14607,14,1761897600000,3842.1362499999996,BODY_ZONE,PULLBACK,1,0,3831.49,3840.6,3818.48,3838.84,7287.3081
30m,18,0.5644868868741412,14588,14607,16,1761901200000,3842.1362499999996,BODY_ZONE,REJECTION,1,0,3852.1,3863.77,3839.48,3841.91,6376.5955
30m,18,0.5644868868741412,14588,14607,17,1761903000000,3842.1362499999996,BODY_ZONE,TEST,1,0,3841.91,3849.18,3839.85,3844.99,3406.5177
30m,18,0.5644868868741412,14588,14607,18,1761904800000,3842.1362499999996,BODY_ZONE,REJECTION,1,0,3845.0,3848.84,3840.88,3843.8,2405.3551
30m,19,0.5640544283053749,18792,18811,10,1769457600000,2914.680625,BODY_ZONE+SWING_HIGH,HOLD,0,1,2923.11,2929.47,2915.0,2917.15,14396.2441
30m,19,0.5640544283053749,18792,18811,12,1769461200000,2914.680625,BODY_ZONE+SWING_HIGH,HOLD,1,1,2901.82,2911.76,2895.82,2911.76,3683.1382
30m,19,0.5640544283053749,18792,18811,13,1769463000000,2931.5474999999997,BODY_ZONE+SWING_HIGH,REJECTION,0,0,2911.76,2944.18,2910.3,2928.97,20577.3298
30m,19,0.5640544283053749,18792,18811,15,1769466600000,2931.5474999999997,BODY_ZONE+SWING_HIGH,REJECTION,1,0,2923.01,2932.4,2921.17,2927.22,2884.2993
30m,19,0.5640544283053749,18792,18811,16,1769468400000,2931.5474999999997,BODY_ZONE+SWING_HIGH,REJECTION,1,0,2927.21,2934.91,2918.3,2933.71,6673.1577
30m,19,0.5640544283053749,18792,18811,17,1769470200000,2931.5474999999997,BODY_ZONE+SWING_HIGH,REJECTION,1,0,2933.71,2945.32,2929.56,2930.35,8163.77
30m,19,0.5640544283053749,18792,18811,18,1769472000000,2931.5474999999997,BODY_ZONE+SWING_HIGH,HOLD,1,0,2930.35,2931.27,2922.27,2925.03,6055.7371
30m,20,0.5637674186911383,18788,18807,10,1769450400000,2912.4137499999997,BODY_ZONE+SWING_HIGH,TEST,0,0,2909.43,2927.83,2908.01,2922.06,8414.9125
30m,20,0.5637674186911383,18788,18807,11,1769452200000,2912.4137499999997,BODY_ZONE+SWING_HIGH,REJECTION,1,0,2922.06,2932.68,2911.94,2932.01,9172.1965
30m,20,0.5637674186911383,18788,18807,14,1769457600000,2912.4137499999997,BODY_ZONE+SWING_HIGH,TEST,1,0,2923.11,2929.47,2915.0,2917.15,14396.2441
30m,20,0.5637674186911383,18788,18807,16,1769461200000,2912.4137499999997,BODY_ZONE+SWING_HIGH,HOLD,1,1,2901.82,2911.76,2895.82,2911.76,3683.1382
30m,20,0.5637674186911383,18788,18807,17,1769463000000,2912.4137499999997,BODY_ZONE+SWING_HIGH,PULLBACK,1,0,2911.76,2944.18,2910.3,2928.97,20577.3298
30m,21,0.5622159363090405,11676,11695,10,1756648800000,4465.70875,BODY_ZONE+SWING_LOW,HOLD,0,0,4471.24,4474.93,4451.03,4464.2,10622.1441
30m,21,0.5622159363090405,11676,11695,12,1756652400000,4483.62875,BODY_ZONE+SWING_HIGH,REJECTION,0,0,4459.81,4482.61,4458.05,4473.0,7393.3287
30m,21,0.5622159363090405,11676,11695,13,1756654200000,4465.70875,BODY_ZONE+SWING_LOW,HOLD,1,0,4472.99,4490.71,4464.19,4485.27,7112.0512
30m,21,0.5622159363090405,11676,11695,14,1756656000000,4465.70875,BODY_ZONE+SWING_LOW,HOLD,1,0,4485.28,4487.36,4463.63,4468.91,5761.9451
30m,21,0.5622159363090405,11676,11695,16,1756659600000,4483.62875,BODY_ZONE+SWING_HIGH,HOLD,1,0,4471.49,4488.05,4469.11,4483.6,3799.7669
30m,22,0.5608159817681274,18793,18812,11,1769461200000,2914.680625,BODY_ZONE+SWING_HIGH,HOLD,0,1,2901.82,2911.76,2895.82,2911.76,3683.1382
30m,22,0.5608159817681274,18793,18812,12,1769463000000,2931.5474999999997,BODY_ZONE+SWING_HIGH,REJECTION,0,0,2911.76,2944.18,2910.3,2928.97,20577.3298
30m,22,0.5608159817681274,18793,18812,14,1769466600000,2931.5474999999997,BODY_ZONE+SWING_HIGH,REJECTION,1,0,2923.01,2932.4,2921.17,2927.22,2884.2993
30m,22,0.5608159817681274,18793,18812,15,1769468400000,2931.5474999999997,BODY_ZONE+SWING_HIGH,REJECTION,1,0,2927.21,2934.91,2918.3,2933.71,6673.1577
30m,22,0.5608159817681274,18793,18812,16,1769470200000,2931.5474999999997,BODY_ZONE+SWING_HIGH,REJECTION,1,0,2933.71,2945.32,2929.56,2930.35,8163.77
30m,22,0.5608159817681274,18793,18812,17,1769472000000,2931.5474999999997,BODY_ZONE+SWING_HIGH,HOLD,1,0,2930.35,2931.27,2922.27,2925.03,6055.7371
30m,22,0.5608159817681274,18793,18812,19,1769475600000,2931.5474999999997,BODY_ZONE+SWING_HIGH,REJECTION,1,0,2921.05,2932.92,2912.44,2931.96,6468.3014
30m,23,0.5606294374116095,16223,16242,11,1764835200000,3196.9725,BODY_ZONE,TEST,0,0,3190.1,3197.05,3175.51,3180.09,6833.8988
30m,23,0.5606294374116095,16223,16242,13,1764838800000,3196.9725,BODY_ZONE,PULLBACK,1,0,3184.05,3198.99,3182.39,3195.09,5448.621
30m,23,0.5606294374116095,16223,16242,14,1764840600000,3196.9725,BODY_ZONE,TEST,1,0,3195.09,3208.63,3195.09,3200.04,5275.5209
30m,23,0.5606294374116095,16223,16242,15,1764842400000,3196.9725,BODY_ZONE,REJECTION,1,0,3200.04,3203.96,3192.6,3197.58,4212.1076
30m,23,0.5606294374116095,16223,16242,16,1764844200000,3196.9725,BODY_ZONE,PULLBACK,1,0,3197.58,3199.24,3184.81,3188.41,3581.9887
30m,23,0.5606294374116095,16223,16242,18,1764847800000,3196.9725,BODY_ZONE,TEST,1,0,3191.46,3194.88,3177.67,3186.55,5614.3365
30m,24,0.5601951861325718,22817,22836,10,1776702600000,2308.8881250000004,BODY_ZONE,REJECTION,0,1,2303.93,2309.24,2298.76,2300.07,3805.6669
30m,24,0.5601951861325718,22817,22836,11,1776704400000,2324.0575,SWING_HIGH,HOLD,0,0,2300.07,2322.4,2297.97,2314.4,6828.16
30m,24,0.5601951861325718,22817,22836,12,1776706200000,2308.8881250000004,BODY_ZONE,REJECTION,1,1,2314.4,2321.81,2307.94,2317.06,5720.0686
30m,24,0.5601951861325718,22817,22836,14,1776709800000,2324.0575,SWING_HIGH,TEST,1,0,2328.45,2344.19,2324.71,2334.23,11461.4371
30m,24,0.5601951861325718,22817,22836,15,1776711600000,2324.0575,SWING_HIGH,PULLBACK,1,0,2334.24,2336.43,2327.27,2329.62,4466.0079
30m,24,0.5601951861325718,22817,22836,18,1776717000000,2324.0575,SWING_HIGH,PULLBACK,1,1,2331.19,2339.35,2325.33,2337.59,4565.4529
30m,25,0.5592009968663406,22814,22833,11,1776699000000,2312.570625,BODY_ZONE,REJECTION,0,0,2317.8,2317.8,2305.69,2313.91,8360.3523
30m,25,0.5592009968663406,22814,22833,12,1776700800000,2300.4300000000003,BODY_ZONE+SWING_LOW,HOLD,0,0,2313.92,2315.01,2300.0,2303.93,5795.7223
30m,25,0.5592009968663406,22814,22833,13,1776702600000,2300.4300000000003,BODY_ZONE+SWING_LOW,REJECTION,1,1,2303.93,2309.24,2298.76,2300.07,3805.6669
30m,25,0.5592009968663406,22814,22833,14,1776704400000,2312.570625,BODY_ZONE,PULLBACK,1,0,2300.07,2322.4,2297.97,2314.4,6828.16
30m,25,0.5592009968663406,22814,22833,15,1776706200000,2324.4300000000003,SWING_HIGH,HOLD,0,1,2314.4,2321.81,2307.94,2317.06,5720.0686
30m,25,0.5592009968663406,22814,22833,17,1776709800000,2324.4300000000003,SWING_HIGH,TEST,1,0,2328.45,2344.19,2324.71,2334.23,11461.4371
30m,25,0.5592009968663406,22814,22833,18,1776711600000,2324.4300000000003,SWING_HIGH,PULLBACK,1,0,2334.24,2336.43,2327.27,2329.62,4466.0079
30m,25,0.5592009968663406,22814,22833,19,1776713400000,2324.4300000000003,SWING_HIGH,TEST,1,0,2329.61,2333.87,2327.47,2331.78,3299.5667
1h,1,0.62487983719407,28076,28095,11,1782727200000,1584.9425,BODY_ZONE+SWING_HIGH,REJECTION,0,0,1576.2,1587.0,1576.2,1578.6,7670.0029
1h,1,0.62487983719407,28076,28095,12,1782730800000,1584.9425,BODY_ZONE+SWING_HIGH,HOLD,1,1,1578.6,1582.54,1570.32,1574.93,10782.3057
1h,1,0.62487983719407,28076,28095,14,1782738000000,1589.08,SWING_HIGH,REJECTION,0,1,1576.12,1588.82,1564.85,1572.74,22887.3389
1h,1,0.62487983719407,28076,28095,16,1782745200000,1584.9425,BODY_ZONE+SWING_HIGH,HOLD,1,0,1572.9,1585.41,1561.7,1580.26,22851.741
1h,1,0.62487983719407,28076,28095,17,1782748800000,1584.9425,BODY_ZONE+SWING_HIGH,REJECTION,1,1,1580.26,1587.71,1574.06,1585.37,13677.845
1h,1,0.62487983719407,28076,28095,18,1782752400000,1584.9425,BODY_ZONE+SWING_HIGH,TEST,1,0,1585.37,1637.58,1585.37,1628.03,47576.4852
1h,2,0.5835604106043673,27338,27357,11,1780070400000,2021.51,SWING_HIGH,TEST,0,0,2031.62,2043.0,2022.24,2040.45,21645.7437
1h,2,0.5835604106043673,27338,27357,13,1780077600000,2014.020625,BODY_ZONE+SWING_HIGH,HOLD,0,0,2028.28,2031.64,2006.21,2011.41,20432.864
1h,2,0.5835604106043673,27338,27357,14,1780081200000,2021.51,SWING_HIGH,HOLD,1,0,2011.41,2022.2,2005.0,2016.96,8916.9858
1h,2,0.5835604106043673,27338,27357,15,1780084800000,2014.020625,BODY_ZONE+SWING_HIGH,PULLBACK,1,0,2016.96,2023.84,2015.0,2018.17,4675.6381
1h,2,0.5835604106043673,27338,27357,16,1780088400000,2021.51,SWING_HIGH,REJECTION,1,0,2018.17,2023.99,2008.23,2009.4,6797.6334
1h,2,0.5835604106043673,27338,27357,17,1780092000000,2014.020625,BODY_ZONE+SWING_HIGH,REJECTION,1,0,2009.41,2017.24,2007.78,2013.83,7115.9381
1h,2,0.5835604106043673,27338,27357,18,1780095600000,2014.020625,BODY_ZONE+SWING_HIGH,REJECTION,1,0,2013.83,2015.6,2007.0,2014.54,8683.7474
1h,2,0.5835604106043673,27338,27357,19,1780099200000,2014.020625,BODY_ZONE+SWING_HIGH,REJECTION,1,0,2014.54,2016.18,2010.69,2014.74,3128.7283
1h,3,0.5794036100088562,27137,27156,11,1779346800000,2134.7250000000004,BODY_ZONE,PULLBACK,0,0,2128.58,2137.0,2124.25,2135.06,8726.5434
1h,3,0.5794036100088562,27137,27156,12,1779350400000,2134.7250000000004,BODY_ZONE,PULLBACK,1,0,2135.07,2148.33,2135.01,2138.26,8282.9493
1h,3,0.5794036100088562,27137,27156,13,1779354000000,2142.1400000000003,BODY_ZONE,PULLBACK,0,1,2138.26,2140.94,2127.96,2127.98,6582.2796
1h,3,0.5794036100088562,27137,27156,15,1779361200000,2118.45,SWING_LOW,PULLBACK,0,0,2114.2,2119.94,2112.17,2115.27,7699.843
1h,3,0.5794036100088562,27137,27156,16,1779364800000,2118.45,SWING_LOW,HOLD,1,1,2115.28,2119.91,2112.1,2117.22,11662.3948
1h,3,0.5794036100088562,27137,27156,17,1779368400000,2118.45,SWING_LOW,REJECTION,1,0,2117.22,2124.09,2105.15,2120.46,18106.7457
1h,3,0.5794036100088562,27137,27156,19,1779375600000,2118.45,SWING_LOW,HOLD,1,0,2121.97,2138.05,2119.44,2132.65,21185.7822
1h,4,0.5686335451657246,15624,15643,11,1737900000000,3315.92,BODY_ZONE+SWING_HIGH,HOLD,0,0,3307.85,3313.16,3297.47,3311.09,7150.8868
1h,4,0.5686335451657246,15624,15643,12,1737903600000,3315.92,BODY_ZONE+SWING_HIGH,REJECTION,1,0,3311.09,3320.68,3308.74,3315.31,7303.5872
1h,4,0.5686335451657246,15624,15643,13,1737907200000,3315.92,BODY_ZONE+SWING_HIGH,HOLD,1,1,3315.31,3320.0,3307.96,3315.82,6878.4304
1h,4,0.5686335451657246,15624,15643,14,1737910800000,3315.92,BODY_ZONE+SWING_HIGH,TEST,1,0,3315.83,3344.88,3315.36,3338.04,9465.0436
1h,4,0.5686335451657246,15624,15643,15,1737914400000,3333.67,BODY_ZONE,REJECTION,0,0,3338.03,3342.92,3334.02,3337.16,8731.0488
1h,4,0.5686335451657246,15624,15643,18,1737925200000,3292.82,SWING_LOW,HOLD,0,1,3329.68,3330.0,3291.35,3296.45,15535.9718
1h,5,0.5398701085178707,170,189,11,1682265600000,1863.6950000000002,SWING_LOW,REJECTION,0,0,1859.32,1872.69,1847.94,1865.38,19868.6646
1h,5,0.5398701085178707,170,189,17,1682287200000,1863.6950000000002,SWING_LOW,HOLD,1,0,1854.67,1868.16,1848.0,1861.72,15836.4843
1h,5,0.5398701085178707,170,189,18,1682290800000,1863.6950000000002,SWING_LOW,HOLD,1,1,1861.72,1865.6,1859.17,1862.0,8767.1279
1h,5,0.5398701085178707,170,189,19,1682294400000,1877.0,SWING_HIGH,HOLD,0,0,1862.01,1880.35,1850.46,1877.09,21285.4481
1h,6,0.5217242781218633,16917,16936,11,1742554800000,1964.51,SWING_LOW,REJECTION,0,1,1967.79,1968.89,1962.0,1966.81,7620.3879
1h,6,0.5217242781218633,16917,16936,12,1742558400000,1975.94,BODY_ZONE+SWING_LOW,TEST,0,0,1966.81,1973.99,1938.33,1946.16,26373.1662
1h,6,0.5217242781218633,16917,16936,16,1742572800000,1964.51,SWING_LOW,HOLD,1,0,1950.69,1969.0,1946.07,1966.78,18836.3451
1h,6,0.5217242781218633,16917,16936,18,1742580000000,1975.94,BODY_ZONE+SWING_LOW,REJECTION,1,0,1968.81,1976.69,1963.09,1970.17,14944.8161
1h,6,0.5217242781218633,16917,16936,19,1742583600000,1975.94,BODY_ZONE+SWING_LOW,REJECTION,1,0,1970.17,1977.9,1967.63,1973.93,8903.526
1h,7,0.5136101903600518,413,432,11,1683140400000,1869.8525,BODY_ZONE+SWING_HIGH,HOLD,0,0,1885.1,1893.17,1867.36,1868.01,38208.0561
1h,7,0.5136101903600518,413,432,12,1683144000000,1856.3787499999999,BODY_ZONE,REJECTION,0,0,1868.02,1877.77,1858.11,1873.48,22885.7443
1h,8,0.5029524623321705,3526,3545,11,1694347200000,1625.81,BODY_ZONE+SWING_HIGH,HOLD,0,0,1624.44,1626.75,1624.43,1626.05,4491.0556
1h,8,0.5029524623321705,3526,3545,12,1694350800000,1628.1774999999998,BODY_ZONE+SWING_HIGH,HOLD,0,1,1626.05,1628.35,1623.86,1626.87,6324.48
1h,8,0.5029524623321705,3526,3545,13,1694354400000,1622.76,BODY_ZONE,PULLBACK,0,1,1626.86,1627.49,1620.97,1622.43,5178.3474
1h,8,0.5029524623321705,3526,3545,14,1694358000000,1622.76,BODY_ZONE,PULLBACK,1,1,1622.43,1622.64,1611.19,1619.8,17733.1932
1h,8,0.5029524623321705,3526,3545,19,1694376000000,1625.81,BODY_ZONE+SWING_HIGH,REJECTION,1,0,1616.84,1626.15,1614.52,1619.24,20325.9975
1h,9,0.49459703578823555,18484,18503,11,1748196000000,2524.9,SWING_HIGH,REJECTION,0,1,2513.82,2523.37,2511.3,2516.6,7515.0048
1h,9,0.49459703578823555,18484,18503,12,1748199600000,2524.9,SWING_HIGH,HOLD,1,1,2516.59,2535.66,2515.0,2526.6,9811.6783
1h,9,0.49459703578823555,18484,18503,13,1748203200000,2524.9,SWING_HIGH,HOLD,1,1,2526.6,2529.0,2511.15,2523.88,6116.1985
1h,9,0.49459703578823555,18484,18503,14,1748206800000,2504.52375,BODY_ZONE+SWING_HIGH,PULLBACK,0,1,2523.88,2531.4,2507.65,2515.19,6694.8844
1h,10,0.46857686306161817,28875,28894,11,1785603600000,1870.0434375,BODY_ZONE+SWING_HIGH,HOLD,0,1,1868.79,1870.25,1857.41,1862.07,4950.8385
1h,10,0.46857686306161817,28875,28894,12,1785607200000,1863.1,SWING_LOW,TEST,0,0,1862.06,1863.03,1822.06,1836.81,30668.7809
1h,11,0.4509923314475713,15601,15620,11,1737817200000,3308.75,BODY_ZONE+SWING_HIGH,TEST,0,0,3315.84,3345.0,3310.0,3334.62,20905.2441
1h,12,0.44840153260377796,13709,13728,11,1731006000000,2852.8149999999996,BODY_ZONE,REJECTION,0,0,2879.16,2893.8,2850.99,2885.0,37051.7055
1h,13,4.999999750000018e-08,28075,28094,12,1782727200000,1587.17875,BODY_ZONE+SWING_HIGH,REJECTION,0,0,1576.2,1587.0,1576.2,1578.6,7670.0029
1h,13,4.999999750000018e-08,28075,28094,15,1782738000000,1563.3899999999999,BODY_ZONE+SWING_LOW,HOLD,0,1,1576.12,1588.82,1564.85,1572.74,22887.3389
1h,13,4.999999750000018e-08,28075,28094,17,1782745200000,1563.3899999999999,BODY_ZONE+SWING_LOW,REJECTION,1,0,1572.9,1585.41,1561.7,1580.26,22851.741
1h,13,4.999999750000018e-08,28075,28094,18,1782748800000,1587.17875,BODY_ZONE+SWING_HIGH,HOLD,1,1,1580.26,1587.71,1574.06,1585.37,13677.845
1h,13,4.999999750000018e-08,28075,28094,19,1782752400000,1587.17875,BODY_ZONE+SWING_HIGH,TEST,1,0,1585.37,1637.58,1585.37,1628.03,47576.4852
1h,14,4.9999997500000154e-08,9918,9937,12,1717362000000,3792.4896875000004,BODY_ZONE+SWING_LOW,REJECTION,0,0,3787.45,3793.54,3781.77,3783.09,4365.2689
1h,14,4.9999997500000154e-08,9918,9937,13,1717365600000,3792.4896875000004,BODY_ZONE+SWING_LOW,REJECTION,1,0,3783.09,3796.44,3775.91,3782.3,4880.1493
1h,14,4.9999997500000154e-08,9918,9937,16,1717376400000,3810.0,SWING_HIGH,HOLD,0,0,3773.49,3806.2,3772.0,3803.73,9571.9982
1h,14,4.9999997500000154e-08,9918,9937,17,1717380000000,3810.0,SWING_HIGH,REJECTION,1,0,3803.72,3821.32,3803.72,3808.41,10995.4908
1h,14,4.9999997500000154e-08,9918,9937,18,1717383600000,3810.0,SWING_HIGH,HOLD,1,1,3808.4,3810.0,3792.04,3799.5,7133.4374
1h,14,4.9999997500000154e-08,9918,9937,19,1717387200000,3792.4896875000004,BODY_ZONE+SWING_LOW,HOLD,1,0,3799.51,3822.13,3795.18,3817.55,9083.4017
1h,15,4.999999750000014e-08,18890,18909,12,1749661200000,2820.4975,BODY_ZONE+SWING_HIGH,PULLBACK,0,0,2867.44,2872.71,2825.69,2829.2,59354.1865
1h,15,4.999999750000014e-08,18890,18909,13,1749664800000,2801.9,SWING_HIGH,PULLBACK,0,0,2829.2,2833.43,2801.5,2821.6,56244.6484
1h,15,4.999999750000014e-08,18890,18909,14,1749668400000,2801.9,SWING_HIGH,TEST,1,0,2821.6,2826.0,2801.89,2813.35,34333.2959
1h,15,4.999999750000014e-08,18890,18909,15,1749672000000,2784.47625,BODY_ZONE+SWING_LOW,REJECTION,0,1,2813.32,2826.74,2788.85,2815.25,27454.583
1h,15,4.999999750000014e-08,18890,18909,16,1749675600000,2784.47625,BODY_ZONE+SWING_LOW,HOLD,1,0,2815.25,2831.21,2775.0,2782.09,26507.8895
1h,15,4.999999750000014e-08,18890,18909,17,1749679200000,2784.47625,BODY_ZONE+SWING_LOW,TEST,1,0,2782.1,2786.26,2743.75,2759.09,46533.7973
1h,15,4.999999750000014e-08,18890,18909,18,1749682800000,2754.0,SWING_LOW,HOLD,0,0,2759.09,2778.28,2754.59,2771.61,16495.1787
1h,15,4.999999750000014e-08,18890,18909,19,1749686400000,2784.47625,BODY_ZONE+SWING_LOW,REJECTION,1,0,2771.6,2784.83,2758.9,2775.64,27356.0457
1h,16,4.999999750000014e-08,18483,18502,12,1748196000000,2524.9,SWING_HIGH,REJECTION,0,1,2513.82,2523.37,2511.3,2516.6,7515.0048
1h,16,4.999999750000014e-08,18483,18502,13,1748199600000,2524.9,SWING_HIGH,HOLD,1,0,2516.59,2535.66,2515.0,2526.6,9811.6783
1h,16,4.999999750000014e-08,18483,18502,14,1748203200000,2524.9,SWING_HIGH,HOLD,1,1,2526.6,2529.0,2511.15,2523.88,6116.1985
1h,16,4.999999750000014e-08,18483,18502,15,1748206800000,2504.52375,BODY_ZONE+SWING_HIGH,PULLBACK,0,1,2523.88,2531.4,2507.65,2515.19,6694.8844
1h,17,4.999999750000006e-08,10627,10646,10,1719907200000,3443.8599999999997,BODY_ZONE,TEST,0,0,3439.01,3447.0,3431.6,3441.71,7711.4884
1h,17,4.999999750000006e-08,10627,10646,11,1719910800000,3453.30375,BODY_ZONE,REJECTION,0,0,3441.7,3451.79,3440.69,3446.2,3975.2557
1h,17,4.999999750000006e-08,10627,10646,12,1719914400000,3453.30375,BODY_ZONE,TEST,1,0,3446.21,3454.0,3441.81,3451.9,5319.0755
1h,17,4.999999750000006e-08,10627,10646,13,1719918000000,3453.30375,BODY_ZONE,TEST,1,0,3451.9,3454.73,3447.2,3453.26,2835.1644
1h,17,4.999999750000006e-08,10627,10646,14,1719921600000,3453.30375,BODY_ZONE,REJECTION,1,1,3453.26,3459.51,3447.4,3451.28,4517.7231
1h,17,4.999999750000006e-08,10627,10646,15,1719925200000,3464.12,SWING_HIGH,REJECTION,0,1,3451.29,3462.5,3431.18,3438.39,11750.6852
1h,17,4.999999750000006e-08,10627,10646,16,1719928800000,3443.8599999999997,BODY_ZONE,TEST,1,0,3438.38,3442.4,3402.0,3410.76,22775.8092
1h,18,4.999999750000006e-08,528,547,10,1683550800000,1857.1100000000001,BODY_ZONE,TEST,0,0,1855.21,1874.0,1852.55,1858.92,25978.7158
1h,18,4.999999750000006e-08,528,547,11,1683554400000,1848.165,BODY_ZONE,REJECTION,0,0,1858.92,1869.25,1847.53,1868.62,33357.0274
1h,18,4.999999750000006e-08,528,547,12,1683558000000,1867.0,BODY_ZONE+SWING_HIGH,REJECTION,0,0,1868.62,1876.99,1861.41,1864.69,28036.8332
1h,18,4.999999750000006e-08,528,547,13,1683561600000,1867.0,BODY_ZONE+SWING_HIGH,HOLD,1,1,1864.68,1867.03,1857.3,1859.59,15545.3419
1h,18,4.999999750000006e-08,528,547,15,1683568800000,1835.0,SWING_LOW,PULLBACK,0,0,1826.66,1834.4,1810.73,1830.73,79004.9536
1h,18,4.999999750000006e-08,528,547,18,1683579600000,1848.165,BODY_ZONE,REJECTION,1,0,1840.05,1849.48,1833.57,1840.32,12790.2446
1h,18,4.999999750000006e-08,528,547,19,1683583200000,1848.165,BODY_ZONE,TEST,1,0,1840.32,1847.55,1839.24,1847.08,9693.946
1h,19,4.999999750000006e-08,28077,28096,10,1782727200000,1580.2037500000001,BODY_ZONE,REJECTION,0,0,1576.2,1587.0,1576.2,1578.6,7670.0029
1h,19,4.999999750000006e-08,28077,28096,11,1782730800000,1569.85,SWING_LOW,REJECTION,0,1,1578.6,1582.54,1570.32,1574.93,10782.3057
1h,19,4.999999750000006e-08,28077,28096,12,1782734400000,1567.4575,BODY_ZONE+SWING_LOW,HOLD,0,1,1574.93,1597.28,1566.6,1576.11,29333.7411
1h,19,4.999999750000006e-08,28077,28096,13,1782738000000,1589.415,SWING_HIGH,REJECTION,0,0,1576.12,1588.82,1564.85,1572.74,22887.3389
1h,19,4.999999750000006e-08,28077,28096,14,1782741600000,1580.2037500000001,BODY_ZONE,PULLBACK,1,0,1572.74,1579.34,1557.35,1572.9,25528.2616
1h,19,4.999999750000006e-08,28077,28096,15,1782745200000,1580.2037500000001,BODY_ZONE,REJECTION,1,0,1572.9,1585.41,1561.7,1580.26,22851.741
1h,19,4.999999750000006e-08,28077,28096,16,1782748800000,1589.415,SWING_HIGH,HOLD,1,1,1580.26,1587.71,1574.06,1585.37,13677.845
1h,20,4.999999750000006e-08,529,548,10,1683554400000,1848.165,BODY_ZONE,REJECTION,0,0,1858.92,1869.25,1847.53,1868.62,33357.0274
1h,20,4.999999750000006e-08,529,548,11,1683558000000,1867.0,BODY_ZONE+SWING_HIGH,REJECTION,0,0,1868.62,1876.99,1861.41,1864.69,28036.8332
1h,20,4.999999750000006e-08,529,548,12,1683561600000,1867.0,BODY_ZONE+SWING_HIGH,HOLD,1,1,1864.68,1867.03,1857.3,1859.59,15545.3419
1h,20,4.999999750000006e-08,529,548,14,1683568800000,1835.0,SWING_LOW,PULLBACK,0,0,1826.66,1834.4,1810.73,1830.73,79004.9536
1h,20,4.999999750000006e-08,529,548,17,1683579600000,1848.165,BODY_ZONE,REJECTION,1,0,1840.05,1849.48,1833.57,1840.32,12790.2446
1h,20,4.999999750000006e-08,529,548,18,1683583200000,1848.165,BODY_ZONE,TEST,1,0,1840.32,1847.55,1839.24,1847.08,9693.946
1h,20,4.999999750000006e-08,529,548,19,1683586800000,1848.165,BODY_ZONE,TEST,1,0,1847.09,1849.55,1842.4,1847.56,9061.614
1h,21,4.999999750000006e-08,27139,27158,10,1779350400000,2148.75,SWING_HIGH,REJECTION,0,0,2135.07,2148.33,2135.01,2138.26,8282.9493
1h,21,4.999999750000006e-08,27139,27158,11,1779354000000,2142.1400000000003,BODY_ZONE,PULLBACK,0,1,2138.26,2140.94,2127.96,2127.98,6582.2796
1h,21,4.999999750000006e-08,27139,27158,17,1779375600000,2134.155,BODY_ZONE,TEST,0,0,2121.97,2138.05,2119.44,2132.65,21185.7822
1h,21,4.999999750000006e-08,27139,27158,18,1779379200000,2134.155,BODY_ZONE,PULLBACK,1,1,2132.64,2136.66,2122.82,2127.79,10087.2837
1h,21,4.999999750000006e-08,27139,27158,19,1779382800000,2148.75,SWING_HIGH,HOLD,1,0,2127.8,2153.75,2126.0,2146.6,23184.4516
1h,22,4.999999750000006e-08,16610,16629,10,1741446000000,2179.4049999999997,BODY_ZONE,REJECTION,0,1,2178.8,2191.71,2167.69,2181.4,12664.1535
1h,22,4.999999750000006e-08,16610,16629,11,1741449600000,2198.86,SWING_HIGH,HOLD,0,1,2181.4,2198.32,2161.14,2189.99,19765.4009
1h,22,4.999999750000006e-08,16610,16629,12,1741453200000,2198.86,SWING_HIGH,HOLD,1,0,2189.99,2219.67,2179.73,2198.93,38633.4507
1h,22,4.999999750000006e-08,16610,16629,14,1741460400000,2198.86,SWING_HIGH,TEST,1,0,2208.68,2234.93,2200.8,2224.6,25658.7158
1h,22,4.999999750000006e-08,16610,16629,17,1741471200000,2198.86,SWING_HIGH,PULLBACK,1,0,2216.31,2217.7,2197.75,2207.51,9499.3191
1h,22,4.999999750000006e-08,16610,16629,19,1741478400000,2198.86,SWING_HIGH,PULLBACK,1,0,2203.57,2209.69,2199.73,2206.22,6342.3591
1h,23,4.999999750000006e-08,10626,10645,10,1719903600000,3434.02,SWING_LOW,HOLD,0,0,3448.72,3448.72,3434.17,3439.0,9038.8152
1h,23,4.999999750000006e-08,10626,10645,11,1719907200000,3434.02,SWING_LOW,REJECTION,1,0,3439.01,3447.0,3431.6,3441.71,7711.4884
1h,23,4.999999750000006e-08,10626,10645,12,1719910800000,3453.30375,BODY_ZONE,REJECTION,0,0,3441.7,3451.79,3440.69,3446.2,3975.2557
1h,23,4.999999750000006e-08,10626,10645,13,1719914400000,3453.30375,BODY_ZONE,TEST,1,0,3446.21,3454.0,3441.81,3451.9,5319.0755
1h,23,4.999999750000006e-08,10626,10645,14,1719918000000,3453.30375,BODY_ZONE,TEST,1,0,3451.9,3454.73,3447.2,3453.26,2835.1644
1h,23,4.999999750000006e-08,10626,10645,15,1719921600000,3453.30375,BODY_ZONE,REJECTION,1,1,3453.26,3459.51,3447.4,3451.28,4517.7231
1h,23,4.999999750000006e-08,10626,10645,16,1719925200000,3463.62,BODY_ZONE+SWING_HIGH,REJECTION,0,1,3451.29,3462.5,3431.18,3438.39,11750.6852
1h,24,4.999999750000006e-08,29979,29998,10,1789574400000,2400.840625,BODY_ZONE+SWING_LOW,REJECTION,0,1,2392.76,2399.51,2387.07,2392.05,7038.5583
1h,24,4.999999750000006e-08,29979,29998,12,1789581600000,2430.0,SWING_HIGH,REJECTION,0,1,2390.77,2430.64,2369.11,2398.05,77411.6843
1h,24,4.999999750000006e-08,29979,29998,13,1789585200000,2380.74,SWING_LOW,REJECTION,0,0,2398.07,2418.99,2377.27,2408.6,25441.5034
1h,24,4.999999750000006e-08,29979,29998,14,1789588800000,2413.8,BODY_ZONE+SWING_HIGH,REJECTION,0,0,2408.58,2419.9,2404.75,2411.04,10187.2402
1h,24,4.999999750000006e-08,29979,29998,15,1789592400000,2413.8,BODY_ZONE+SWING_HIGH,HOLD,1,0,2411.04,2413.55,2400.01,2404.94,6842.0961
1h,24,4.999999750000006e-08,29979,29998,18,1789603200000,2413.8,BODY_ZONE+SWING_HIGH,PULLBACK,1,1,2418.26,2427.85,2415.87,2418.9,7956.4253
1h,24,4.999999750000006e-08,29979,29998,19,1789606800000,2413.8,BODY_ZONE+SWING_HIGH,TEST,1,0,2418.91,2445.3,2413.56,2427.57,15391.2125
1h,25,4.999999750000006e-08,23525,23544,10,1766340000000,2965.6274999999996,BODY_ZONE,REJECTION,0,0,2983.92,2988.56,2967.74,2988.55,4162.267
1h,25,4.999999750000006e-08,23525,23544,11,1766343600000,3001.76,BODY_ZONE+SWING_HIGH,HOLD,0,0,2988.56,2997.96,2978.0,2991.18,5575.2708
1h,25,4.999999750000006e-08,23525,23544,15,1766358000000,3001.76,BODY_ZONE+SWING_HIGH,HOLD,1,1,2996.31,3012.27,2991.99,3002.02,10155.0878
1h,25,4.999999750000006e-08,23525,23544,16,1766361600000,3001.76,BODY_ZONE+SWING_HIGH,TEST,1,1,3002.03,3060.55,3002.02,3022.39,27162.2885
1h,25,4.999999750000006e-08,23525,23544,18,1766368800000,3013.4,SWING_HIGH,HOLD,0,0,3018.79,3019.61,2972.48,3010.12,19478.5391
1h,25,4.999999750000006e-08,23525,23544,19,1766372400000,3001.76,BODY_ZONE+SWING_HIGH,PULLBACK,1,0,3010.13,3032.87,3002.01,3021.52,8259.2573
4h,1,0.6508026351828591,8943,8962,10,1774526400000,2096.04,BODY_ZONE,REJECTION,0,0,2068.45,2093.79,2052.01,2070.4,74259.0218
4h,2,0.6466424058576922,9473,9492,10,1782158400000,1739.32,SWING_HIGH,HOLD,0,0,1734.59,1740.07,1717.02,1728.19,28849.0572
4h,2,0.6466424058576922,9473,9492,11,1782172800000,1719.1725000000001,BODY_ZONE+SWING_LOW,REJECTION,0,1,1728.19,1736.25,1719.75,1729.9,18729.6756
4h,3,0.6424850286542216,5547,5566,10,1725624000000,2418.2650000000003,BODY_ZONE+SWING_HIGH,HOLD,0,0,2372.96,2408.83,2266.0,2290.21,175343.7092
4h,4,0.635693582058853,836,855,10,1657785600000,1099.7925,BODY_ZONE+SWING_HIGH,HOLD,0,1,1097.57,1100.71,1072.11,1081.27,196371.8355
4h,4,0.635693582058853,836,855,11,1657800000000,1071.115,BODY_ZONE,PULLBACK,0,1,1081.26,1147.97,1072.8,1140.95,403737.3239
4h,5,0.6260262627499539,4819,4838,10,1715140800000,3035.1312500000004,BODY_ZONE+SWING_LOW,TEST,0,0,3032.32,3036.52,2989.56,2995.01,48324.5348
4h,5,0.6260262627499539,4819,4838,12,1715169600000,3035.1312500000004,BODY_ZONE+SWING_LOW,REJECTION,1,0,2990.31,3032.5,2985.0,3006.98,59661.6558
4h,6,0.623406935383246,9241,9260,10,1778817600000,2274.1625,BODY_ZONE+SWING_HIGH,HOLD,0,0,2273.35,2273.91,2237.95,2265.11,50307.0238
4h,6,0.623406935383246,9241,9260,11,1778832000000,2249.1275,BODY_ZONE+SWING_LOW,REJECTION,0,1,2265.11,2265.42,2250.0,2257.57,30771.6519
4h,7,0.6124263853975136,9242,9261,10,1778832000000,2249.1275,BODY_ZONE+SWING_LOW,REJECTION,0,1,2265.11,2265.42,2250.0,2257.57,30771.6519
4h,8,0.6116372532631643,2938,2957,10,1688054400000,1864.00875,BODY_ZONE+SWING_HIGH,HOLD,0,0,1851.79,1860.0,1841.38,1857.48,33223.9362
4h,8,0.6116372532631643,2938,2957,12,1688083200000,1878.02,BODY_ZONE,PULLBACK,0,1,1851.99,1879.0,1841.5,1873.34,53052.3556
4h,8,0.6116372532631643,2938,2957,16,1688140800000,1847.3025,BODY_ZONE+SWING_LOW,HOLD,0,0,1852.32,1948.6,1849.0,1926.32,245744.2962
4h,9,0.5879392110633912,3551,3570,10,1696881600000,1583.32,SWING_LOW,TEST,0,1,1581.45,1583.91,1573.76,1580.13,17649.3595
4h,9,0.5879392110633912,3551,3570,11,1696896000000,1583.32,SWING_LOW,HOLD,1,0,1580.13,1592.91,1576.03,1584.86,30657.2523
4h,9,0.5879392110633912,3551,3570,12,1696910400000,1583.32,SWING_LOW,HOLD,1,1,1584.87,1594.09,1582.79,1590.23,21864.5091
4h,10,0.5799270893248071,2939,2958,10,1688068800000,1846.025,BODY_ZONE,REJECTION,0,1,1857.48,1859.5,1842.98,1851.99,23911.1113
4h,10,0.5799270893248071,2939,2958,11,1688083200000,1880.0,SWING_HIGH,HOLD,0,1,1851.99,1879.0,1841.5,1873.34,53052.3556
4h,10,0.5799270893248071,2939,2958,13,1688112000000,1880.0,SWING_HIGH,TEST,1,1,1887.81,1894.38,1883.44,1891.1,52089.9317
4h,10,0.5799270893248071,2939,2958,15,1688140800000,1846.025,BODY_ZONE,TEST,1,0,1852.32,1948.6,1849.0,1926.32,245744.2962
4h,11,0.5756558141707618,8925,8944,10,1774267200000,2100.83875,BODY_ZONE+SWING_LOW,HOLD,0,0,2134.78,2192.44,2107.43,2128.45,199243.9292
4h,11,0.5756558141707618,8925,8944,17,1774368000000,2100.83875,BODY_ZONE+SWING_LOW,REJECTION,1,1,2135.15,2140.57,2103.02,2116.87,59554.7786
4h,12,0.5754508868579289,2621,2640,10,1683489600000,1925.965,SWING_HIGH,HOLD,0,0,1912.93,1921.48,1867.59,1870.4,95621.1937
4h,12,0.5754508868579289,2621,2640,11,1683504000000,1860.0,SWING_LOW,REJECTION,0,0,1870.41,1883.97,1840.0,1865.39,142610.8508
4h,12,0.5754508868579289,2621,2640,13,1683532800000,1860.0,SWING_LOW,REJECTION,1,0,1851.43,1865.51,1835.0,1862.78,91755.165
4h,12,0.5754508868579289,2621,2640,14,1683547200000,1860.0,SWING_LOW,REJECTION,1,1,1862.79,1876.99,1847.53,1864.69,102333.5843
4h,12,0.5754508868579289,2621,2640,17,1683590400000,1860.0,SWING_LOW,PULLBACK,1,0,1847.55,1856.99,1837.09,1843.57,41716.2859
4h,13,0.5738312503685078,3550,3569,10,1696867200000,1583.32,SWING_LOW,HOLD,0,0,1586.28,1586.88,1546.0,1581.45,139048.1127
4h,13,0.5738312503685078,3550,3569,11,1696881600000,1583.32,SWING_LOW,TEST,1,0,1581.45,1583.91,1573.76,1580.13,17649.3595
4h,13,0.5738312503685078,3550,3569,12,1696896000000,1583.32,SWING_LOW,HOLD,1,0,1580.13,1592.91,1576.03,1584.86,30657.2523
4h,13,0.5738312503685078,3550,3569,13,1696910400000,1583.32,SWING_LOW,HOLD,1,1,1584.87,1594.09,1582.79,1590.23,21864.5091
4h,14,0.5731078097363694,9615,9634,10,1784203200000,1882.4787499999998,BODY_ZONE,TEST,0,0,1885.26,1894.38,1867.68,1881.88,63993.5576
4h,14,0.5731078097363694,9615,9634,11,1784217600000,1882.4787499999998,BODY_ZONE,TEST,1,0,1881.89,1883.0,1862.57,1875.59,33323.5741
4h,14,0.5731078097363694,9615,9634,12,1784232000000,1864.38,SWING_LOW,HOLD,0,0,1875.59,1881.59,1857.54,1864.71,31595.6054
4h,15,0.5721016688498265,2937,2956,10,1688040000000,1847.3025,BODY_ZONE+SWING_LOW,HOLD,0,0,1869.59,1880.0,1847.01,1851.79,73404.5558
4h,15,0.5721016688498265,2937,2956,11,1688054400000,1863.5187500000002,BODY_ZONE+SWING_HIGH,HOLD,0,0,1851.79,1860.0,1841.38,1857.48,33223.9362
4h,15,0.5721016688498265,2937,2956,13,1688083200000,1878.02,BODY_ZONE,PULLBACK,0,1,1851.99,1879.0,1841.5,1873.34,53052.3556
4h,15,0.5721016688498265,2937,2956,17,1688140800000,1847.3025,BODY_ZONE+SWING_LOW,HOLD,1,0,1852.32,1948.6,1849.0,1926.32,245744.2962
4h,16,0.5697856012753372,9489,9508,10,1782388800000,1652.930625,BODY_ZONE+SWING_HIGH,HOLD,0,0,1633.28,1650.38,1532.9,1570.01,198494.0295
4h,16,0.5697856012753372,9489,9508,11,1782403200000,1552.95,SWING_LOW,HOLD,0,0,1570.01,1587.7,1554.6,1559.42,70320.4164
4h,16,0.5697856012753372,9489,9508,12,1782417600000,1552.95,SWING_LOW,HOLD,1,1,1559.41,1583.65,1556.73,1567.84,40305.3602
4h,16,0.5697856012753372,9489,9508,13,1782432000000,1552.95,SWING_LOW,REJECTION,1,0,1567.86,1571.78,1512.0,1557.93,83566.0007
4h,16,0.5697856012753372,9489,9508,15,1782460800000,1552.95,SWING_LOW,HOLD,1,1,1581.12,1582.43,1541.01,1545.14,70838.7025
4h,16,0.5697856012753372,9489,9508,17,1782489600000,1602.355,BODY_ZONE,REJECTION,0,0,1580.13,1594.7,1570.32,1574.51,54249.7168
4h,17,0.5678534143511419,2622,2641,10,1683504000000,1860.0,SWING_LOW,REJECTION,0,0,1870.41,1883.97,1840.0,1865.39,142610.8508
4h,17,0.5678534143511419,2622,2641,12,1683532800000,1860.0,SWING_LOW,REJECTION,1,0,1851.43,1865.51,1835.0,1862.78,91755.165
4h,17,0.5678534143511419,2622,2641,13,1683547200000,1860.0,SWING_LOW,REJECTION,1,1,1862.79,1876.99,1847.53,1864.69,102333.5843
4h,17,0.5678534143511419,2622,2641,16,1683590400000,1860.0,SWING_LOW,PULLBACK,1,0,1847.55,1856.99,1837.09,1843.57,41716.2859
4h,18,0.5666741846403237,5248,5267,10,1721318400000,3416.6400000000003,BODY_ZONE,TEST,0,0,3389.29,3424.24,3367.2,3405.6,51836.371
4h,18,0.5666741846403237,5248,5267,11,1721332800000,3416.6400000000003,BODY_ZONE,TEST,1,0,3405.59,3437.3,3397.44,3426.5,15038.1481
4h,18,0.5666741846403237,5248,5267,12,1721347200000,3379.715,SWING_LOW,REJECTION,0,1,3426.49,3432.92,3384.04,3429.59,31002.0002
4h,18,0.5666741846403237,5248,5267,13,1721361600000,3379.715,SWING_LOW,HOLD,1,0,3429.59,3450.5,3386.69,3391.59,40087.0717
4h,18,0.5666741846403237,5248,5267,14,1721376000000,3379.715,SWING_LOW,REJECTION,1,1,3391.59,3412.0,3377.0,3404.54,36661.6142
4h,18,0.5666741846403237,5248,5267,15,1721390400000,3464.9125,BODY_ZONE,TEST,0,1,3404.55,3474.99,3395.99,3465.0,76379.9615
4h,18,0.5666741846403237,5248,5267,16,1721404800000,3464.9125,BODY_ZONE,TEST,1,0,3465.0,3540.27,3464.99,3522.97,82209.5679
4h,19,0.5629967811981166,3544,3563,10,1696780800000,1635.18625,BODY_ZONE+SWING_LOW,HOLD,0,0,1631.2,1638.95,1629.21,1635.71,22437.5204
4h,19,0.5629967811981166,3544,3563,12,1696809600000,1623.9425,BODY_ZONE,REJECTION,0,1,1632.85,1636.0,1623.37,1633.65,22816.6025
4h,19,0.5629967811981166,3544,3563,13,1696824000000,1635.18625,BODY_ZONE+SWING_LOW,PULLBACK,1,1,1633.65,1634.92,1617.11,1620.73,20754.051
4h,20,0.5590205237305776,8857,8876,10,1773288000000,2012.585,SWING_LOW,HOLD,0,1,2023.39,2042.26,2019.33,2040.7,36224.657
4h,20,0.5590205237305776,8857,8876,14,1773345600000,2054.9275,BODY_ZONE,REJECTION,0,1,2069.6,2093.45,2054.99,2073.52,87861.2609
4h,20,0.5590205237305776,8857,8876,16,1773374400000,2086.885,SWING_HIGH,PULLBACK,0,0,2118.86,2120.06,2090.0,2099.38,45196.2617
4h,20,0.5590205237305776,8857,8876,17,1773388800000,2086.885,SWING_HIGH,TEST,1,1,2099.38,2133.3,2091.45,2121.02,66817.4737
4h,20,0.5590205237305776,8857,8876,19,1773417600000,2086.885,SWING_HIGH,PULLBACK,1,0,2128.01,2143.33,2090.28,2102.48,84455.4942
4h,21,0.5569551687307072,916,935,10,1658937600000,1470.94,BODY_ZONE,TEST,0,0,1489.2,1615.0,1477.4,1587.96,640486.4584
4h,22,0.5540140986573063,2620,2639,10,1683475200000,1918.6,SWING_HIGH,HOLD,0,1,1916.93,1923.38,1903.38,1912.93,60723.806
4h,22,0.5540140986573063,2620,2639,11,1683489600000,1918.6,SWING_HIGH,HOLD,1,0,1912.93,1921.48,1867.59,1870.4,95621.1937
4h,22,0.5540140986573063,2620,2639,12,1683504000000,1860.0,SWING_LOW,REJECTION,0,0,1870.41,1883.97,1840.0,1865.39,142610.8508
4h,22,0.5540140986573063,2620,2639,14,1683532800000,1860.0,SWING_LOW,REJECTION,1,0,1851.43,1865.51,1835.0,1862.78,91755.165
4h,22,0.5540140986573063,2620,2639,15,1683547200000,1860.0,SWING_LOW,REJECTION,1,1,1862.79,1876.99,1847.53,1864.69,102333.5843
4h,22,0.5540140986573063,2620,2639,18,1683590400000,1860.0,SWING_LOW,PULLBACK,1,0,1847.55,1856.99,1837.09,1843.57,41716.2859
4h,23,0.5502463559017967,5448,5467,10,1724198400000,2559.29,SWING_LOW,REJECTION,0,0,2572.81,2598.2,2557.0,2591.5,29772.4505
4h,23,0.5502463559017967,5448,5467,11,1724212800000,2608.725,BODY_ZONE,TEST,0,1,2591.51,2606.6,2588.31,2600.72,20871.9622
4h,23,0.5502463559017967,5448,5467,12,1724227200000,2608.725,BODY_ZONE,PULLBACK,1,1,2600.73,2607.87,2567.35,2577.6,25994.1915
4h,23,0.5502463559017967,5448,5467,13,1724241600000,2608.725,BODY_ZONE,TEST,1,1,2577.61,2618.0,2536.22,2601.89,82446.4366
4h,23,0.5502463559017967,5448,5467,16,1724284800000,2608.725,BODY_ZONE,REJECTION,1,0,2630.71,2640.25,2584.2,2616.59,37855.1007
4h,23,0.5502463559017967,5448,5467,17,1724299200000,2608.725,BODY_ZONE,PULLBACK,1,0,2616.6,2642.33,2613.75,2636.29,20272.9857
4h,24,0.5498526219461428,1236,1255,10,1663545600000,1357.645,BODY_ZONE,TEST,0,0,1334.51,1354.0,1287.71,1294.55,207107.9315
4h,24,0.5498526219461428,1236,1255,14,1663603200000,1357.645,BODY_ZONE,REJECTION,1,0,1341.52,1367.46,1321.84,1362.37,135309.8474
4h,24,0.5498526219461428,1236,1255,15,1663617600000,1357.645,BODY_ZONE,TEST,1,0,1362.38,1393.35,1356.62,1375.98,97977.3976
4h,24,0.5498526219461428,1236,1255,16,1663632000000,1357.645,BODY_ZONE,PULLBACK,1,0,1375.98,1384.78,1342.24,1355.0,91667.9857
4h,24,0.5498526219461428,1236,1255,17,1663646400000,1357.645,BODY_ZONE,TEST,1,0,1355.01,1378.51,1351.07,1358.54,87957.6267
4h,24,0.5498526219461428,1236,1255,18,1663660800000,1357.645,BODY_ZONE,REJECTION,1,1,1358.55,1366.74,1345.14,1356.26,82740.4024
4h,25,0.5459052053297266,7359,7378,10,1751716800000,2527.335,BODY_ZONE+SWING_HIGH,HOLD,0,1,2518.11,2521.98,2505.35,2507.67,30633.266
4h,25,0.5459052053297266,7359,7378,11,1751731200000,2493.4275000000002,BODY_ZONE,REJECTION,0,0,2507.67,2512.95,2487.95,2505.74,41908.6321
4h,25,0.5459052053297266,7359,7378,12,1751745600000,2527.335,BODY_ZONE+SWING_HIGH,HOLD,1,0,2505.73,2522.52,2498.28,2516.41,17504.624
4h,25,0.5459052053297266,7359,7378,14,1751774400000,2527.335,BODY_ZONE+SWING_HIGH,REJECTION,1,0,2514.78,2526.66,2508.66,2517.85,22907.8942
4h,25,0.5459052053297266,7359,7378,16,1751803200000,2556.415,BODY_ZONE,PULLBACK,0,1,2516.14,2570.0,2511.94,2558.72,80738.4177
4h,25,0.5459052053297266,7359,7378,17,1751817600000,2527.335,BODY_ZONE+SWING_HIGH,REJECTION,1,1,2558.71,2560.81,2523.33,2541.06,46446.2339
1d,1,0.7915212114177154,2979,2998,10,1788652800000,2463.29,BODY_ZONE,TEST,0,0,2480.33,2526.2,2460.92,2514.48,217690.0843
1d,1,0.7915212114177154,2979,2998,11,1788739200000,2463.29,BODY_ZONE,PULLBACK,1,0,2514.48,2536.64,2466.0,2490.16,256448.183
1d,1,0.7915212114177154,2979,2998,13,1788912000000,2463.29,BODY_ZONE,TEST,1,0,2485.07,2523.3,2442.44,2468.13,301745.8701
1d,1,0.7915212114177154,2979,2998,16,1789171200000,2540.8199999999997,SWING_HIGH,REJECTION,0,0,2516.44,2546.01,2508.64,2525.93,159918.3258
1d,1,0.7915212114177154,2979,2998,17,1789257600000,2463.29,BODY_ZONE,PULLBACK,1,1,2525.92,2527.56,2462.02,2477.1,216470.6683
1d,1,0.7915212114177154,2979,2998,18,1789344000000,2463.29,BODY_ZONE,TEST,1,1,2477.1,2615.0,2464.71,2515.75,355412.3953
1d,1,0.7915212114177154,2979,2998,19,1789430400000,2388.9075000000003,SWING_LOW,HOLD,0,0,2515.72,2520.0,2358.88,2398.26,442620.7591
1d,2,0.6520404877040731,1378,1397,10,1650326400000,3115.0534374999997,BODY_ZONE+SWING_HIGH,HOLD,0,1,3055.56,3131.0,3030.34,3101.77,359375.0038
1d,2,0.6520404877040731,1378,1397,12,1650499200000,2963.15,SWING_LOW,HOLD,0,0,3076.03,3180.0,2942.31,2983.58,562699.697
1d,2,0.6520404877040731,1378,1397,13,1650585600000,2963.15,SWING_LOW,HOLD,1,0,2983.57,3034.32,2930.35,2962.39,452433.082
1d,2,0.6520404877040731,1378,1397,14,1650672000000,2963.15,SWING_LOW,TEST,1,0,2962.39,2978.03,2913.89,2933.03,187576.7324
1d,2,0.6520404877040731,1378,1397,15,1650758400000,2963.15,SWING_LOW,TEST,1,1,2933.04,2967.06,2912.09,2921.0,218957.0222
1d,2,0.6520404877040731,1378,1397,19,1651104000000,2963.15,SWING_LOW,TEST,1,0,2888.95,2980.0,2853.83,2936.93,537392.9978
1d,3,0.6476738467941647,983,1002,10,1616198400000,1864.74375,BODY_ZONE+SWING_HIGH,REJECTION,0,0,1809.01,1868.83,1800.86,1806.1,451556.10639
1d,3,0.6476738467941647,983,1002,13,1616457600000,1715.7,SWING_LOW,TEST,0,1,1681.17,1721.17,1650.0,1668.08,577213.99589
1d,3,0.6476738467941647,983,1002,16,1616716800000,1715.7,SWING_LOW,HOLD,1,0,1585.83,1699.93,1585.79,1698.84,515470.92907
1d,3,0.6476738467941647,983,1002,17,1616803200000,1715.7,SWING_LOW,HOLD,1,0,1698.84,1732.67,1666.41,1712.63,443845.49957
1d,3,0.6476738467941647,983,1002,18,1616889600000,1715.7,SWING_LOW,PULLBACK,1,1,1712.52,1725.66,1661.4,1687.01,348895.51314
1d,4,0.6455640324715213,982,1001,10,1616112000000,1715.7,SWING_LOW,REJECTION,0,0,1775.92,1840.61,1733.47,1809.1,500258.42875
1d,4,0.6455640324715213,982,1001,11,1616198400000,1871.66625,BODY_ZONE+SWING_HIGH,REJECTION,0,0,1809.01,1868.83,1800.86,1806.1,451556.10639
1d,4,0.6455640324715213,982,1001,14,1616457600000,1715.7,SWING_LOW,TEST,1,1,1681.17,1721.17,1650.0,1668.08,577213.99589
1d,4,0.6455640324715213,982,1001,17,1616716800000,1715.7,SWING_LOW,HOLD,1,0,1585.83,1699.93,1585.79,1698.84,515470.92907
1d,4,0.6455640324715213,982,1001,18,1616803200000,1715.7,SWING_LOW,HOLD,1,0,1698.84,1732.67,1666.41,1712.63,443845.49957
1d,4,0.6455640324715213,982,1001,19,1616889600000,1715.7,SWING_LOW,PULLBACK,1,0,1712.52,1725.66,1661.4,1687.01,348895.51314
1d,5,0.641657905950896,2977,2996,10,1788480000000,2550.755,SWING_HIGH,HOLD,0,0,2507.5,2546.66,2431.61,2455.85,412267.7587
1d,5,0.641657905950896,2977,2996,11,1788566400000,2469.54125,BODY_ZONE,PULLBACK,0,0,2455.86,2493.57,2444.47,2480.34,130096.5621
1d,5,0.641657905950896,2977,2996,12,1788652800000,2469.54125,BODY_ZONE,TEST,1,0,2480.33,2526.2,2460.92,2514.48,217690.0843
1d,5,0.641657905950896,2977,2996,13,1788739200000,2469.54125,BODY_ZONE,PULLBACK,1,0,2514.48,2536.64,2466.0,2490.16,256448.183
1d,5,0.641657905950896,2977,2996,14,1788825600000,2469.54125,BODY_ZONE,REJECTION,1,0,2490.16,2507.99,2441.68,2485.06,244422.1272
1d,5,0.641657905950896,2977,2996,15,1788912000000,2469.54125,BODY_ZONE,REJECTION,1,0,2485.07,2523.3,2442.44,2468.13,301745.8701
1d,5,0.641657905950896,2977,2996,16,1788998400000,2469.54125,BODY_ZONE,TEST,1,1,2468.14,2484.76,2405.85,2438.27,347434.2123
1d,5,0.641657905950896,2977,2996,18,1789171200000,2550.755,SWING_HIGH,REJECTION,1,0,2516.44,2546.01,2508.64,2525.93,159918.3258
1d,5,0.641657905950896,2977,2996,19,1789257600000,2469.54125,BODY_ZONE,PULLBACK,1,0,2525.92,2527.56,2462.02,2477.1,216470.6683
1d,6,0.63909442481989,1759,1778,10,1683244800000,1887.345,BODY_ZONE,TEST,0,1,1877.07,1998.36,1875.65,1993.3,546608.875
1d,6,0.63909442481989,1759,1778,11,1683331200000,1887.345,BODY_ZONE,PULLBACK,1,0,1993.3,2019.0,1860.0,1896.33,608106.9915
1d,6,0.63909442481989,1759,1778,13,1683504000000,1887.345,BODY_ZONE,TEST,1,0,1870.41,1883.97,1810.73,1847.56,625316.6168
1d,6,0.63909442481989,1759,1778,15,1683676800000,1887.345,BODY_ZONE,REJECTION,1,0,1846.53,1887.47,1790.51,1840.84,639933.3855
1d,6,0.63909442481989,1759,1778,16,1683763200000,1795.56,SWING_LOW,HOLD,0,0,1840.83,1842.02,1772.68,1794.3,522096.0725
1d,6,0.63909442481989,1759,1778,17,1683849600000,1795.56,SWING_LOW,REJECTION,1,0,1794.31,1818.63,1740.0,1807.45,565539.8309
1d,6,0.63909442481989,1759,1778,18,1683936000000,1795.56,SWING_LOW,HOLD,1,0,1807.45,1817.03,1785.23,1795.11,212895.4373
1d,6,0.63909442481989,1759,1778,19,1684022400000,1795.56,SWING_LOW,HOLD,1,0,1795.12,1824.0,1789.82,1799.21,218101.0977
1d,7,0.6258078831875161,1608,1627,10,1670198400000,1260.440625,BODY_ZONE+SWING_HIGH+SWING_LOW,REJECTION,0,0,1279.4,1305.11,1246.61,1259.41,391628.5166
1d,7,0.6258078831875161,1608,1627,14,1670544000000,1260.440625,BODY_ZONE+SWING_HIGH+SWING_LOW,HOLD,1,0,1280.18,1296.64,1250.0,1263.1,406008.0032
1d,7,0.6258078831875161,1608,1627,15,1670630400000,1260.440625,BODY_ZONE+SWING_HIGH+SWING_LOW,HOLD,1,0,1263.11,1283.61,1259.6,1266.35,182278.6396
1d,7,0.6258078831875161,1608,1627,16,1670716800000,1260.440625,BODY_ZONE+SWING_HIGH+SWING_LOW,HOLD,1,0,1266.35,1284.75,1255.85,1263.01,180494.902
1d,7,0.6258078831875161,1608,1627,18,1670889600000,1260.440625,BODY_ZONE+SWING_HIGH+SWING_LOW,HOLD,1,1,1275.41,1349.0,1255.1,1320.69,659393.8825
1d,7,0.6258078831875161,1608,1627,19,1670976000000,1309.385,SWING_HIGH,REJECTION,0,0,1320.69,1352.72,1301.0,1307.44,554465.5717
1d,8,0.6174174363939552,181,200,10,1546905600000,146.5325,BODY_ZONE+SWING_LOW,REJECTION,0,0,149.29,151.65,145.2,147.6,441661.06778
1d,8,0.6174174363939552,181,200,11,1546992000000,146.5325,BODY_ZONE+SWING_LOW,HOLD,1,1,147.62,151.5,146.77,148.1,299443.563
1d,8,0.6174174363939552,181,200,12,1547078400000,127.03,SWING_LOW,HOLD,0,0,148.11,149.45,121.0,124.95,871751.75038
1d,8,0.6174174363939552,181,200,13,1547164800000,127.03,SWING_LOW,TEST,1,0,124.96,127.36,120.08,124.65,545293.98369
1d,8,0.6174174363939552,181,200,14,1547251200000,127.03,SWING_LOW,TEST,1,1,124.67,126.19,122.0,123.35,300262.13404
1d,8,0.6174174363939552,181,200,16,1547424000000,127.03,SWING_LOW,HOLD,1,0,114.17,130.05,113.94,126.95,546420.40854
1d,8,0.6174174363939552,181,200,18,1547596800000,127.03,SWING_LOW,PULLBACK,1,0,118.93,126.88,118.52,121.48,513486.65472
1d,9,0.6160417340241782,176,195,10,1546473600000,145.4875,BODY_ZONE+SWING_HIGH,HOLD,0,0,152.01,153.64,143.11,146.3,708091.31714
1d,9,0.6160417340241782,176,195,11,1546560000000,145.4875,BODY_ZONE+SWING_HIGH,TEST,1,0,146.3,154.8,143.54,151.97,805248.93821
1d,9,0.6160417340241782,176,195,13,1546732800000,145.4875,BODY_ZONE+SWING_HIGH,REJECTION,1,0,152.83,157.4,147.51,153.86,627908.47366
1d,9,0.6160417340241782,176,195,15,1546905600000,145.4875,BODY_ZONE+SWING_HIGH,REJECTION,1,0,149.29,151.65,145.2,147.6,441661.06778
1d,9,0.6160417340241782,176,195,16,1546992000000,145.4875,BODY_ZONE+SWING_HIGH,PULLBACK,1,1,147.62,151.5,146.77,148.1,299443.563
1d,9,0.6160417340241782,176,195,18,1547164800000,128.5396875,BODY_ZONE+SWING_LOW,TEST,0,0,124.96,127.36,120.08,124.65,545293.98369
1d,10,0.6156790219229763,2978,2997,10,1788566400000,2469.54125,BODY_ZONE,TEST,0,1,2455.86,2493.57,2444.47,2480.34,130096.5621
1d,10,0.6156790219229763,2978,2997,11,1788652800000,2469.54125,BODY_ZONE,TEST,1,0,2480.33,2526.2,2460.92,2514.48,217690.0843
1d,10,0.6156790219229763,2978,2997,12,1788739200000,2469.54125,BODY_ZONE,PULLBACK,1,0,2514.48,2536.64,2466.0,2490.16,256448.183
1d,10,0.6156790219229763,2978,2997,13,1788825600000,2469.54125,BODY_ZONE,REJECTION,1,0,2490.16,2507.99,2441.68,2485.06,244422.1272
1d,10,0.6156790219229763,2978,2997,14,1788912000000,2469.54125,BODY_ZONE,REJECTION,1,0,2485.07,2523.3,2442.44,2468.13,301745.8701
1d,10,0.6156790219229763,2978,2997,15,1788998400000,2469.54125,BODY_ZONE,TEST,1,1,2468.14,2484.76,2405.85,2438.27,347434.2123
1d,10,0.6156790219229763,2978,2997,17,1789171200000,2550.755,SWING_HIGH,REJECTION,0,0,2516.44,2546.01,2508.64,2525.93,159918.3258
1d,10,0.6156790219229763,2978,2997,18,1789257600000,2469.54125,BODY_ZONE,PULLBACK,1,1,2525.92,2527.56,2462.02,2477.1,216470.6683
1d,10,0.6156790219229763,2978,2997,19,1789344000000,2469.54125,BODY_ZONE,TEST,1,0,2477.1,2615.0,2464.71,2515.75,355412.3953
1d,11,0.6107507752075241,1614,1633,10,1670716800000,1262.376875,BODY_ZONE,TEST,0,1,1266.35,1284.75,1255.85,1263.01,180494.902
1d,11,0.6107507752075241,1614,1633,12,1670889600000,1262.376875,BODY_ZONE,TEST,1,1,1275.41,1349.0,1255.1,1320.69,659393.8825
1d,11,0.6107507752075241,1614,1633,13,1670976000000,1304.9375,SWING_HIGH,HOLD,0,0,1320.69,1352.72,1301.0,1307.44,554465.5717
1d,11,0.6107507752075241,1614,1633,14,1671062400000,1262.376875,BODY_ZONE,PULLBACK,1,1,1307.45,1311.14,1259.27,1266.54,390051.2447
1d,11,0.6107507752075241,1614,1633,19,1671494400000,1227.135,SWING_LOW,PULLBACK,0,0,1167.82,1230.47,1163.12,1216.94,465184.1943
1d,12,0.6059104000824711,232,251,10,1551312000000,139.66500000000002,BODY_ZONE+SWING_LOW,REJECTION,0,0,135.03,139.0,132.1,135.34,579327.31749
1d,12,0.6059104000824711,232,251,11,1551398400000,133.3425,BODY_ZONE+SWING_LOW,HOLD,0,0,135.32,137.95,134.9,135.32,302632.02831
1d,12,0.6059104000824711,232,251,12,1551484800000,133.3425,BODY_ZONE+SWING_LOW,HOLD,1,0,135.32,136.12,130.03,132.56,297005.28093
1d,12,0.6059104000824711,232,251,13,1551571200000,133.3425,BODY_ZONE+SWING_LOW,TEST,1,1,132.54,134.6,128.01,130.6,222453.2859
1d,12,0.6059104000824711,232,251,16,1551830400000,133.3425,BODY_ZONE+SWING_LOW,REJECTION,1,0,136.71,140.29,133.33,137.4,428826.87415
1d,12,0.6059104000824711,232,251,17,1551916800000,139.66500000000002,BODY_ZONE+SWING_LOW,REJECTION,1,1,137.37,140.2,135.2,136.81,307336.4931
1d,12,0.6059104000824711,232,251,18,1552003200000,133.3425,BODY_ZONE+SWING_LOW,HOLD,1,0,136.82,139.34,130.62,133.52,330283.58233
1d,12,0.6059104000824711,232,251,19,1552089600000,133.3425,BODY_ZONE+SWING_LOW,HOLD,1,0,133.51,138.65,132.93,137.27,279861.12049
1d,13,0.6052663858668053,1752,1771,10,1682640000000,1892.2762500000001,BODY_ZONE+SWING_HIGH,HOLD,0,0,1908.68,1923.88,1873.94,1890.94,387630.7791
1d,13,0.6052663858668053,1752,1771,11,1682726400000,1892.2762500000001,BODY_ZONE+SWING_HIGH,PULLBACK,1,1,1890.93,1918.0,1883.05,1907.8,182046.1406
1d,13,0.6052663858668053,1752,1771,13,1682899200000,1805.0,SWING_LOW,HOLD,0,0,1870.08,1886.49,1806.12,1830.73,445519.1779
1d,13,0.6052663858668053,1752,1771,14,1682985600000,1892.2762500000001,BODY_ZONE+SWING_HIGH,HOLD,1,1,1830.73,1881.87,1822.94,1870.08,373753.2027
1d,13,0.6052663858668053,1752,1771,15,1683072000000,1892.2762500000001,BODY_ZONE+SWING_HIGH,REJECTION,1,0,1870.09,1916.52,1842.64,1905.12,465185.2501
1d,13,0.6052663858668053,1752,1771,18,1683331200000,2018.6200000000001,BODY_ZONE,PULLBACK,0,0,1993.3,2019.0,1860.0,1896.33,608106.9915
1d,14,0.6049146316976692,286,305,10,1555977600000,176.08499999999998,SWING_HIGH,REJECTION,0,1,170.52,175.83,167.78,169.16,363523.34531
1d,14,0.6049146316976692,286,305,11,1556064000000,169.9575,BODY_ZONE+SWING_HIGH,HOLD,0,1,169.15,169.87,159.26,164.78,426497.04153
1d,14,0.6049146316976692,286,305,12,1556150400000,164.5375,BODY_ZONE+SWING_LOW,TEST,0,0,164.78,165.49,150.35,154.72,422657.03239
1d,14,0.6049146316976692,286,305,14,1556323200000,155.7,SWING_LOW,HOLD,0,0,157.93,166.24,156.35,159.31,215918.63842
1d,14,0.6049146316976692,286,305,15,1556409600000,155.7,SWING_LOW,HOLD,1,0,159.32,160.24,156.92,157.85,152976.30181
1d,14,0.6049146316976692,286,305,16,1556496000000,155.7,SWING_LOW,HOLD,1,0,157.86,159.05,152.0,155.11,243591.94898
1d,14,0.6049146316976692,286,305,17,1556582400000,155.7,SWING_LOW,HOLD,1,0,155.14,162.89,155.11,161.83,305056.24653
1d,14,0.6049146316976692,286,305,18,1556668800000,164.5375,BODY_ZONE+SWING_LOW,REJECTION,1,0,161.85,163.88,158.36,160.19,192517.62763
1d,14,0.6049146316976692,286,305,19,1556755200000,164.5375,BODY_ZONE+SWING_LOW,PULLBACK,1,0,160.2,163.48,158.5,161.81,289519.02025
1d,15,0.6030366878184488,2896,2915,10,1781481600000,1706.3683984375002,BODY_ZONE+SWING_HIGH+SWING_LOW,HOLD,0,0,1725.63,1849.54,1709.66,1796.13,464135.2553
1d,15,0.6030366878184488,2896,2915,13,1781740800000,1706.3683984375002,BODY_ZONE+SWING_HIGH+SWING_LOW,REJECTION,1,0,1750.61,1762.99,1671.79,1711.11,312480.9656
1d,15,0.6030366878184488,2896,2915,14,1781827200000,1706.3683984375002,BODY_ZONE+SWING_HIGH+SWING_LOW,REJECTION,1,0,1711.11,1719.51,1679.11,1711.19,165078.1984
1d,15,0.6030366878184488,2896,2915,15,1781913600000,1706.3683984375002,BODY_ZONE+SWING_HIGH+SWING_LOW,HOLD,1,0,1711.18,1749.55,1704.06,1741.08,159791.8211
1d,15,0.6030366878184488,2896,2915,16,1782000000000,1706.3683984375002,BODY_ZONE+SWING_HIGH+SWING_LOW,HOLD,1,1,1741.08,1741.45,1702.0,1706.94,123762.4689
1d,15,0.6030366878184488,2896,2915,17,1782086400000,1706.3683984375002,BODY_ZONE+SWING_HIGH+SWING_LOW,HOLD,1,1,1706.94,1779.9,1706.94,1728.19,262657.182
1d,15,0.6030366878184488,2896,2915,19,1782259200000,1706.3683984375002,BODY_ZONE+SWING_HIGH+SWING_LOW,HOLD,1,0,1667.13,1693.67,1552.95,1622.17,355728.3403
1d,16,0.6024124674702837,468,487,10,1571702400000,170.3725,SWING_LOW,HOLD,0,1,174.0,175.04,170.3,171.2,255429.41624
1d,16,0.6024124674702837,468,487,11,1571788800000,170.3725,SWING_LOW,TEST,1,0,171.19,171.49,153.45,162.35,746955.09806
1d,16,0.6024124674702837,468,487,13,1571961600000,188.37,SWING_HIGH,HOLD,0,1,160.39,187.78,160.25,181.5,904832.86059
1d,16,0.6024124674702837,468,487,15,1572134400000,176.225,BODY_ZONE,PULLBACK,0,0,179.42,188.7,176.22,183.75,724423.40525
1d,16,0.6024124674702837,468,487,16,1572220800000,188.37,SWING_HIGH,REJECTION,1,0,183.84,189.48,180.35,181.72,582179.44545
1d,16,0.6024124674702837,468,487,18,1572393600000,183.7225,BODY_ZONE,PULLBACK,0,0,190.45,191.71,179.28,183.13,537770.43056
1d,16,0.6024124674702837,468,487,19,1572480000000,176.225,BODY_ZONE,REJECTION,1,0,183.14,185.27,177.66,182.18,410969.86104
1d,17,0.5994563716848291,1988,2007,10,1703030400000,2276.7896874999997,BODY_ZONE+SWING_LOW,REJECTION,0,0,2177.9,2266.0,2156.0,2202.17,416841.6272
1d,17,0.5994563716848291,1988,2007,11,1703116800000,2276.7896874999997,BODY_ZONE+SWING_LOW,REJECTION,1,0,2202.17,2279.31,2182.98,2239.61,453069.7252
1d,17,0.5994563716848291,1988,2007,12,1703203200000,2332.11,SWING_HIGH,HOLD,0,0,2239.6,2343.15,2230.59,2324.54,591357.488
1d,17,0.5994563716848291,1988,2007,13,1703289600000,2332.11,SWING_HIGH,HOLD,1,0,2324.54,2330.65,2265.0,2308.2,255626.9352
1d,17,0.5994563716848291,1988,2007,14,1703376000000,2332.11,SWING_HIGH,HOLD,1,0,2308.2,2326.19,2245.0,2264.05,307951.076
1d,17,0.5994563716848291,1988,2007,15,1703462400000,2276.7896874999997,BODY_ZONE+SWING_LOW,REJECTION,1,0,2264.04,2304.8,2253.1,2271.35,286277.1616
1d,17,0.5994563716848291,1988,2007,16,1703548800000,2276.7896874999997,BODY_ZONE+SWING_LOW,TEST,1,1,2271.36,2274.99,2178.45,2230.88,410413.1591
1d,17,0.5994563716848291,1988,2007,18,1703721600000,2332.11,SWING_HIGH,HOLD,1,1,2378.35,2445.8,2335.0,2344.15,580459.982
1d,18,0.5983171507360668,509,528,10,1575244800000,146.9575,BODY_ZONE+SWING_LOW,REJECTION,0,0,150.72,151.42,146.71,148.65,233839.0973
1d,18,0.5983171507360668,509,528,11,1575331200000,146.9575,BODY_ZONE+SWING_LOW,HOLD,1,1,148.66,149.93,145.77,147.17,196329.22503
1d,18,0.5983171507360668,509,528,13,1575504000000,146.9575,BODY_ZONE+SWING_LOW,HOLD,1,0,145.45,149.02,143.64,148.1,299073.53972
1d,18,0.5983171507360668,509,528,14,1575590400000,146.9575,BODY_ZONE+SWING_LOW,REJECTION,1,0,148.11,149.77,145.74,148.45,220674.68581
1d,18,0.5983171507360668,509,528,15,1575676800000,146.9575,BODY_ZONE+SWING_LOW,HOLD,1,1,148.46,149.49,146.85,147.14,140471.68588
1d,18,0.5983171507360668,509,528,16,1575763200000,146.9575,BODY_ZONE+SWING_LOW,HOLD,1,0,147.16,151.62,146.11,150.44,205301.6026
1d,18,0.5983171507360668,509,528,17,1575849600000,146.9575,BODY_ZONE+SWING_LOW,HOLD,1,0,150.44,151.19,146.56,147.38,243775.99249
1d,18,0.5983171507360668,509,528,19,1576022400000,146.9575,BODY_ZONE+SWING_LOW,TEST,1,0,145.53,146.34,142.12,143.39,157843.10484
1d,19,0.5982383600483503,1758,1777,10,1683158400000,1878.9075,BODY_ZONE,TEST,0,1,1905.12,1918.26,1866.71,1877.07,354528.6144
1d,19,0.5982383600483503,1758,1777,11,1683244800000,1878.9075,BODY_ZONE,TEST,1,1,1877.07,1998.36,1875.65,1993.3,546608.875
1d,19,0.5982383600483503,1758,1777,13,1683417600000,1878.9075,BODY_ZONE,REJECTION,1,0,1896.33,1933.33,1867.59,1870.4,413268.8357
1d,19,0.5982383600483503,1758,1777,14,1683504000000,1878.9075,BODY_ZONE,TEST,1,0,1870.41,1883.97,1810.73,1847.56,625316.6168
1d,19,0.5982383600483503,1758,1777,16,1683676800000,1795.56,SWING_LOW,REJECTION,0,0,1846.53,1887.47,1790.51,1840.84,639933.3855
1d,19,0.5982383600483503,1758,1777,17,1683763200000,1795.56,SWING_LOW,HOLD,1,0,1840.83,1842.02,1772.68,1794.3,522096.0725
1d,19,0.5982383600483503,1758,1777,18,1683849600000,1795.56,SWING_LOW,REJECTION,1,0,1794.31,1818.63,1740.0,1807.45,565539.8309
1d,19,0.5982383600483503,1758,1777,19,1683936000000,1795.56,SWING_LOW,HOLD,1,0,1807.45,1817.03,1785.23,1795.11,212895.4373
1d,20,0.5939324754378765,2975,2994,10,1788307200000,2405.6324999999997,SWING_LOW,HOLD,0,1,2418.58,2429.0,2356.41,2391.92,285609.6463
1d,20,0.5939324754378765,2975,2994,11,1788393600000,2543.1028125000003,BODY_ZONE+SWING_HIGH,HOLD,0,0,2391.91,2529.84,2370.14,2507.51,351147.3009
1d,20,0.5939324754378765,2975,2994,12,1788480000000,2543.1028125000003,BODY_ZONE+SWING_HIGH,HOLD,1,0,2507.5,2546.66,2431.61,2455.85,412267.7587
1d,20,0.5939324754378765,2975,2994,14,1788652800000,2543.1028125000003,BODY_ZONE+SWING_HIGH,HOLD,1,0,2480.33,2526.2,2460.92,2514.48,217690.0843
1d,20,0.5939324754378765,2975,2994,15,1788739200000,2543.1028125000003,BODY_ZONE+SWING_HIGH,HOLD,1,0,2514.48,2536.64,2466.0,2490.16,256448.183
1d,20,0.5939324754378765,2975,2994,18,1788998400000,2405.6324999999997,SWING_LOW,REJECTION,1,1,2468.14,2484.76,2405.85,2438.27,347434.2123
1d,21,0.5938781343258966,1613,1632,10,1670630400000,1261.8878125,BODY_ZONE+SWING_LOW,HOLD,0,0,1263.11,1283.61,1259.6,1266.35,182278.6396
1d,21,0.5938781343258966,1613,1632,11,1670716800000,1261.8878125,BODY_ZONE+SWING_LOW,HOLD,1,1,1266.35,1284.75,1255.85,1263.01,180494.902
1d,21,0.5938781343258966,1613,1632,13,1670889600000,1261.8878125,BODY_ZONE+SWING_LOW,HOLD,1,1,1275.41,1349.0,1255.1,1320.69,659393.8825
1d,21,0.5938781343258966,1613,1632,14,1670976000000,1307.0549999999998,SWING_HIGH,HOLD,0,1,1320.69,1352.72,1301.0,1307.44,554465.5717
1d,21,0.5938781343258966,1613,1632,15,1671062400000,1261.8878125,BODY_ZONE+SWING_LOW,HOLD,1,1,1307.45,1311.14,1259.27,1266.54,390051.2447
1d,22,0.5921080059048955,359,378,10,1562284800000,276.33,SWING_LOW,HOLD,0,0,282.86,294.89,280.78,287.47,261139.28341
1d,22,0.5921080059048955,359,378,17,1562889600000,276.33,SWING_LOW,HOLD,1,0,268.67,278.99,266.21,274.62,266734.54213
1d,22,0.5921080059048955,359,378,18,1562976000000,276.33,SWING_LOW,TEST,1,1,274.53,275.04,262.2,268.79,205959.26849
1d,23,0.5914843557420006,1681,1700,10,1676505600000,1642.655,BODY_ZONE,REJECTION,0,0,1674.92,1742.97,1633.72,1637.84,832723.6731
1d,23,0.5914843557420006,1681,1700,11,1676592000000,1697.91,SWING_HIGH,HOLD,0,0,1637.83,1722.0,1630.51,1693.87,579934.663
1d,23,0.5914843557420006,1681,1700,12,1676678400000,1697.91,SWING_HIGH,REJECTION,1,0,1693.81,1713.13,1679.77,1691.62,267305.7813
1d,23,0.5914843557420006,1681,1700,14,1676851200000,1697.91,SWING_HIGH,HOLD,1,0,1679.74,1719.89,1650.56,1703.27,451314.8335
1d,23,0.5914843557420006,1681,1700,15,1676937600000,1642.655,BODY_ZONE,TEST,1,0,1703.27,1716.66,1636.3,1659.76,520354.4688
1d,23,0.5914843557420006,1681,1700,16,1677024000000,1642.655,BODY_ZONE,REJECTION,1,0,1659.77,1666.95,1595.07,1643.14,528875.4809
1d,23,0.5914843557420006,1681,1700,17,1677110400000,1642.655,BODY_ZONE,PULLBACK,1,1,1643.15,1679.0,1628.75,1650.53,501305.9717
1d,23,0.5914843557420006,1681,1700,18,1677196800000,1606.5974999999999,BODY_ZONE,REJECTION,0,0,1650.52,1664.66,1575.64,1607.8,512515.4982
1d,23,0.5914843557420006,1681,1700,19,1677283200000,1606.5974999999999,BODY_ZONE,TEST,1,0,1607.8,1608.98,1557.33,1594.58,290188.0391
1d,24,0.5913574928324145,8,27,10,1531958400000,458.1225,BODY_ZONE,TEST,0,1,479.4,484.15,462.57,468.57,171308.06705
1d,24,0.5913574928324145,8,27,12,1532131200000,458.1225,BODY_ZONE,PULLBACK,1,0,449.04,468.97,441.18,460.23,74259.64067
1d,24,0.5913574928324145,8,27,13,1532217600000,458.1225,BODY_ZONE,REJECTION,1,0,460.23,472.2,454.19,457.47,60684.89595
1d,24,0.5913574928324145,8,27,15,1532390400000,488.625,BODY_ZONE,PULLBACK,0,0,450.05,484.27,448.47,479.28,158286.759
1d,24,0.5913574928324145,8,27,16,1532476800000,488.625,BODY_ZONE,TEST,1,0,479.24,485.77,464.0,472.1,170475.54936
1d,24,0.5913574928324145,8,27,17,1532563200000,458.1225,BODY_ZONE,TEST,1,0,472.11,485.0,460.0,462.64,173976.2192
1d,24,0.5913574928324145,8,27,18,1532649600000,458.1225,BODY_ZONE,PULLBACK,1,0,462.17,474.0,455.84,470.09,198304.79211
1d,24,0.5913574928324145,8,27,19,1532736000000,458.1225,BODY_ZONE,REJECTION,1,0,470.09,472.0,460.82,469.29,156862.59361
1d,25,0.5911416071587855,175,194,10,1546387200000,157.67,SWING_HIGH,HOLD,0,0,139.1,155.37,137.76,152.01,941486.31524
1d,25,0.5911416071587855,175,194,11,1546473600000,145.42,SWING_HIGH,HOLD,0,0,152.01,153.64,143.11,146.3,708091.31714
1d,25,0.5911416071587855,175,194,12,1546560000000,145.42,SWING_HIGH,TEST,1,0,146.3,154.8,143.54,151.97,805248.93821
1d,25,0.5911416071587855,175,194,13,1546646400000,157.67,SWING_HIGH,REJECTION,1,0,152.08,159.26,151.2,152.83,773169.13736
1d,25,0.5911416071587855,175,194,14,1546732800000,157.67,SWING_HIGH,REJECTION,1,0,152.83,157.4,147.51,153.86,627908.47366
1d,25,0.5911416071587855,175,194,15,1546819200000,157.67,SWING_HIGH,HOLD,1,0,153.89,155.48,147.86,149.34,424765.30258
1d,25,0.5911416071587855,175,194,16,1546905600000,145.42,SWING_HIGH,HOLD,1,0,149.29,151.65,145.2,147.6,441661.06778
1d,25,0.5911416071587855,175,194,17,1546992000000,145.42,SWING_HIGH,PULLBACK,1,1,147.62,151.5,146.77,148.1,299443.563
1d,25,0.5911416071587855,175,194,19,1547164800000,128.76421875,BODY_ZONE+SWING_LOW,TEST,0,0,124.96,127.36,120.08,124.65,545293.98369
