timeframe,rank,candidate_start,candidate_end,open_time,close_time,similarity,interaction_count,first_interaction_index,last_interaction_index,break_count,hold_count,rejection_count,pullback_count,repeated_level_hits,reaction_expansion_count,interaction_level_types,direction_first_third,direction_last_third,direction_shift,range_first_third,range_last_third,range_shift,story
1m,1,20590,20609,1789049340000,1789050539999,0.2277370034458535,13,20595,20609,3,5,3,4,4,4,PRIOR_BODY -> PRIOR_LOW -> PRIOR_LOW -> PRIOR_LOW -> PRIOR_LOW -> PRIOR_BODY -> PRIOR_HIGH -> PRIOR_HIGH -> PRIOR_HIGH -> PRIOR_HIGH -> PRIOR_BODY -> PRIOR_BODY -> PRIOR_BODY,0.0,0.6666666666666666,0.6666666666666666,2.8783333333332544,3.410000000000006,0.5316666666667516,PRIOR_LEVEL_INTERACTION -> PULLBACK_PRESENT -> REJECTION_PRESENT -> LEVEL_BREAK_PRESENT -> LEVEL_HOLD_PRESENT -> REPEATED_LEVEL_TEST -> POST_INTERACTION_EXPANSION
1m,2,10381,10400,1788436800000,1788437999999,0.2190209695900002,15,10384,10400,8,5,1,9,7,5,PRIOR_HIGH -> PRIOR_HIGH -> PRIOR_HIGH -> PRIOR_LOW -> PRIOR_LOW -> PRIOR_HIGH -> PRIOR_HIGH -> PRIOR_HIGH -> PRIOR_BODY -> PRIOR_LOW -> PRIOR_BODY -> PRIOR_HIGH -> PRIOR_LOW -> PRIOR_LOW -> PRIOR_HIGH,0.0,0.0,0.0,1.2266666666666122,1.9916666666665606,0.7649999999999484,PRIOR_LEVEL_INTERACTION -> PULLBACK_PRESENT -> REJECTION_PRESENT -> LEVEL_BREAK_PRESENT -> LEVEL_HOLD_PRESENT -> REPEATED_LEVEL_TEST -> POST_INTERACTION_EXPANSION
1m,3,131,150,1787821800000,1787822999999,0.21503974953568714,14,132,150,3,5,0,9,6,7,PRIOR_HIGH -> PRIOR_HIGH -> PRIOR_LOW -> PRIOR_BODY -> PRIOR_LOW -> PRIOR_HIGH -> PRIOR_BODY -> PRIOR_LOW -> PRIOR_HIGH -> PRIOR_BODY -> PRIOR_BODY -> PRIOR_HIGH -> PRIOR_BODY -> PRIOR_BODY,0.3333333333333333,0.3333333333333333,0.0,2.158333333333227,8.726666666666612,6.568333333333385,PRIOR_LEVEL_INTERACTION -> PULLBACK_PRESENT -> LEVEL_BREAK_PRESENT -> LEVEL_HOLD_PRESENT -> REPEATED_LEVEL_TEST -> POST_INTERACTION_EXPANSION
1m,4,6335,6354,1788194040000,1788195239999,0.21005384391756163,14,6336,6354,6,6,3,7,7,4,PRIOR_HIGH -> PRIOR_LOW -> PRIOR_BODY -> PRIOR_LOW -> PRIOR_HIGH -> PRIOR_HIGH -> PRIOR_HIGH -> PRIOR_HIGH -> PRIOR_HIGH -> PRIOR_LOW -> PRIOR_HIGH -> PRIOR_BODY -> PRIOR_HIGH -> PRIOR_HIGH,0.3333333333333333,-0.3333333333333333,-0.6666666666666666,1.4766666666667636,1.2466666666667454,-0.2300000000000182,PRIOR_LEVEL_INTERACTION -> PULLBACK_PRESENT -> REJECTION_PRESENT -> LEVEL_BREAK_PRESENT -> LEVEL_HOLD_PRESENT -> REPEATED_LEVEL_TEST -> POST_INTERACTION_EXPANSION
1m,5,20688,20707,1789055220000,1789056419999,0.207871415240803,12,20689,20707,3,3,2,8,6,2,PRIOR_BODY -> PRIOR_HIGH -> PRIOR_BODY -> PRIOR_LOW -> PRIOR_BODY -> PRIOR_BODY -> PRIOR_HIGH -> PRIOR_LOW -> PRIOR_LOW -> PRIOR_HIGH -> PRIOR_BODY -> PRIOR_BODY,0.0,0.0,0.0,1.6749999999998788,1.5400000000001153,-0.13499999999976353,PRIOR_LEVEL_INTERACTION -> PULLBACK_PRESENT -> REJECTION_PRESENT -> LEVEL_BREAK_PRESENT -> LEVEL_HOLD_PRESENT -> REPEATED_LEVEL_TEST -> POST_INTERACTION_EXPANSION
1m,6,20895,20914,1789067640000,1789068839999,0.2056113090870499,14,20897,20914,8,2,1,7,10,5,PRIOR_HIGH -> PRIOR_LOW -> PRIOR_LOW -> PRIOR_LOW -> PRIOR_LOW -> PRIOR_LOW -> PRIOR_BODY -> PRIOR_HIGH -> PRIOR_HIGH -> PRIOR_HIGH -> PRIOR_BODY -> PRIOR_BODY -> PRIOR_HIGH -> PRIOR_BODY,-0.16666666666666666,0.0,0.16666666666666666,0.9416666666666819,1.8766666666666272,0.9349999999999453,PRIOR_LEVEL_INTERACTION -> PULLBACK_PRESENT -> REJECTION_PRESENT -> LEVEL_BREAK_PRESENT -> LEVEL_HOLD_PRESENT -> REPEATED_LEVEL_TEST -> POST_INTERACTION_EXPANSION
1m,7,29192,29211,1789565460000,1789566659999,0.20415577709325144,15,29194,29211,7,1,0,9,8,4,PRIOR_BODY -> PRIOR_BODY -> PRIOR_BODY -> PRIOR_LOW -> PRIOR_BODY -> PRIOR_BODY -> PRIOR_BODY -> PRIOR_BODY -> PRIOR_HIGH -> PRIOR_HIGH -> PRIOR_HIGH -> PRIOR_HIGH -> PRIOR_HIGH -> PRIOR_HIGH -> PRIOR_HIGH,0.0,-0.3333333333333333,-0.3333333333333333,3.1799999999999877,4.483333333333273,1.3033333333332853,PRIOR_LEVEL_INTERACTION -> PULLBACK_PRESENT -> LEVEL_BREAK_PRESENT -> LEVEL_HOLD_PRESENT -> REPEATED_LEVEL_TEST -> POST_INTERACTION_EXPANSION
1m,8,1875,1894,1787926440000,1787927639999,0.20290517304452302,12,1876,1893,4,3,0,7,5,3,PRIOR_BODY -> PRIOR_BODY -> PRIOR_HIGH -> PRIOR_HIGH -> PRIOR_BODY -> PRIOR_LOW -> PRIOR_LOW -> PRIOR_HIGH -> PRIOR_HIGH -> PRIOR_BODY -> PRIOR_BODY -> PRIOR_HIGH,0.6666666666666666,0.6666666666666666,0.0,5.0016666666665515,5.269999999999982,0.26833333333343035,PRIOR_LEVEL_INTERACTION -> PULLBACK_PRESENT -> LEVEL_BREAK_PRESENT -> LEVEL_HOLD_PRESENT -> REPEATED_LEVEL_TEST -> POST_INTERACTION_EXPANSION
1m,9,5410,5429,1788138540000,1788139739999,0.20201717572910238,14,5411,5429,4,3,0,10,6,3,PRIOR_BODY -> PRIOR_LOW -> PRIOR_BODY -> PRIOR_BODY -> PRIOR_LOW -> PRIOR_BODY -> PRIOR_BODY -> PRIOR_HIGH -> PRIOR_HIGH -> PRIOR_HIGH -> PRIOR_HIGH -> PRIOR_HIGH -> PRIOR_BODY -> PRIOR_BODY,0.3333333333333333,0.3333333333333333,0.0,2.7166666666665455,2.538333333333412,-0.1783333333331334,PRIOR_LEVEL_INTERACTION -> PULLBACK_PRESENT -> LEVEL_BREAK_PRESENT -> LEVEL_HOLD_PRESENT -> REPEATED_LEVEL_TEST -> POST_INTERACTION_EXPANSION
1m,10,25724,25743,1789357380000,1789358579999,0.2013897150309097,13,25725,25743,5,3,2,7,5,5,PRIOR_HIGH -> PRIOR_HIGH -> PRIOR_HIGH -> PRIOR_HIGH -> PRIOR_BODY -> PRIOR_LOW -> PRIOR_HIGH -> PRIOR_HIGH -> PRIOR_BODY -> PRIOR_BODY -> PRIOR_HIGH -> PRIOR_BODY -> PRIOR_BODY,0.6666666666666666,0.0,-0.6666666666666666,0.9266666666666575,1.4416666666666818,0.5150000000000242,PRIOR_LEVEL_INTERACTION -> PULLBACK_PRESENT -> REJECTION_PRESENT -> LEVEL_BREAK_PRESENT -> LEVEL_HOLD_PRESENT -> REPEATED_LEVEL_TEST -> POST_INTERACTION_EXPANSION
1m,11,26352,26371,1789395060000,1789396259999,0.20080522015889665,15,26353,26371,8,6,4,5,6,5,PRIOR_BODY -> PRIOR_HIGH -> PRIOR_HIGH -> PRIOR_HIGH -> PRIOR_LOW -> PRIOR_HIGH -> PRIOR_LOW -> PRIOR_LOW -> PRIOR_LOW -> PRIOR_LOW -> PRIOR_LOW -> PRIOR_HIGH -> PRIOR_HIGH -> PRIOR_LOW -> PRIOR_HIGH,-0.3333333333333333,0.3333333333333333,0.6666666666666666,2.511666666666694,4.636666666666694,2.1250000000000004,PRIOR_LEVEL_INTERACTION -> PULLBACK_PRESENT -> REJECTION_PRESENT -> LEVEL_BREAK_PRESENT -> LEVEL_HOLD_PRESENT -> REPEATED_LEVEL_TEST -> POST_INTERACTION_EXPANSION
1m,12,7756,7775,1788279300000,1788280499999,0.20041989941314475,15,7757,7775,10,1,0,8,10,6,PRIOR_HIGH -> PRIOR_HIGH -> PRIOR_LOW -> PRIOR_LOW -> PRIOR_BODY -> PRIOR_BODY -> PRIOR_HIGH -> PRIOR_HIGH -> PRIOR_HIGH -> PRIOR_BODY -> PRIOR_HIGH -> PRIOR_LOW -> PRIOR_HIGH -> PRIOR_LOW -> PRIOR_BODY,-0.3333333333333333,-0.3333333333333333,0.0,2.3533333333333153,2.836666666666664,0.4833333333333485,PRIOR_LEVEL_INTERACTION -> PULLBACK_PRESENT -> LEVEL_BREAK_PRESENT -> LEVEL_HOLD_PRESENT -> REPEATED_LEVEL_TEST -> POST_INTERACTION_EXPANSION
1m,13,29725,29744,1789597440000,1789598639999,0.2003521171479866,15,29726,29744,3,8,0,11,6,7,PRIOR_HIGH -> PRIOR_BODY -> PRIOR_BODY -> PRIOR_HIGH -> PRIOR_HIGH -> PRIOR_LOW -> PRIOR_LOW -> PRIOR_HIGH -> PRIOR_BODY -> PRIOR_LOW -> PRIOR_LOW -> PRIOR_HIGH -> PRIOR_BODY -> PRIOR_HIGH -> PRIOR_HIGH,0.0,0.3333333333333333,0.3333333333333333,1.071666666666791,1.363333333333306,0.2916666666665151,PRIOR_LEVEL_INTERACTION -> PULLBACK_PRESENT -> LEVEL_BREAK_PRESENT -> LEVEL_HOLD_PRESENT -> REPEATED_LEVEL_TEST -> POST_INTERACTION_EXPANSION
1m,14,29786,29805,1789601100000,1789602299999,0.1995406014649154,15,29787,29805,5,4,1,9,6,6,PRIOR_HIGH -> PRIOR_BODY -> PRIOR_BODY -> PRIOR_HIGH -> PRIOR_HIGH -> PRIOR_HIGH -> PRIOR_HIGH -> PRIOR_BODY -> PRIOR_LOW -> PRIOR_HIGH -> PRIOR_HIGH -> PRIOR_HIGH -> PRIOR_BODY -> PRIOR_BODY -> PRIOR_BODY,0.3333333333333333,0.0,-0.3333333333333333,1.945000000000012,3.2566666666666606,1.3116666666666486,PRIOR_LEVEL_INTERACTION -> PULLBACK_PRESENT -> REJECTION_PRESENT -> LEVEL_BREAK_PRESENT -> LEVEL_HOLD_PRESENT -> REPEATED_LEVEL_TEST -> POST_INTERACTION_EXPANSION
1m,15,11161,11180,1788483600000,1788484799999,0.19719585149129015,13,11163,11180,4,5,1,4,6,3,PRIOR_BODY -> PRIOR_BODY -> PRIOR_HIGH -> PRIOR_HIGH -> PRIOR_HIGH -> PRIOR_HIGH -> PRIOR_HIGH -> PRIOR_LOW -> PRIOR_BODY -> PRIOR_HIGH -> PRIOR_BODY -> PRIOR_HIGH -> PRIOR_HIGH,-0.3333333333333333,0.16666666666666666,0.5,2.339999999999994,1.259999999999991,-1.0800000000000032,PRIOR_LEVEL_INTERACTION -> PULLBACK_PRESENT -> REJECTION_PRESENT -> LEVEL_BREAK_PRESENT -> LEVEL_HOLD_PRESENT -> REPEATED_LEVEL_TEST -> POST_INTERACTION_EXPANSION
1m,16,6328,6347,1788193620000,1788194819999,0.1970835649573064,13,6329,6347,5,5,1,6,5,5,PRIOR_BODY -> PRIOR_HIGH -> PRIOR_HIGH -> PRIOR_LOW -> PRIOR_HIGH -> PRIOR_BODY -> PRIOR_BODY -> PRIOR_HIGH -> PRIOR_HIGH -> PRIOR_HIGH -> PRIOR_HIGH -> PRIOR_HIGH -> PRIOR_LOW,0.6666666666666666,0.3333333333333333,-0.3333333333333333,1.8550000000000182,1.9333333333333182,0.07833333333330006,PRIOR_LEVEL_INTERACTION -> PULLBACK_PRESENT -> REJECTION_PRESENT -> LEVEL_BREAK_PRESENT -> LEVEL_HOLD_PRESENT -> REPEATED_LEVEL_TEST -> POST_INTERACTION_EXPANSION
1m,17,6332,6351,1788193860000,1788195059999,0.19657197330789256,13,6333,6350,4,5,1,6,5,3,PRIOR_HIGH -> PRIOR_LOW -> PRIOR_BODY -> PRIOR_BODY -> PRIOR_BODY -> PRIOR_HIGH -> PRIOR_HIGH -> PRIOR_HIGH -> PRIOR_HIGH -> PRIOR_HIGH -> PRIOR_LOW -> PRIOR_HIGH -> PRIOR_BODY,0.3333333333333333,-0.6666666666666666,-1.0,1.8950000000001335,1.6083333333332728,-0.2866666666668607,PRIOR_LEVEL_INTERACTION -> PULLBACK_PRESENT -> REJECTION_PRESENT -> LEVEL_BREAK_PRESENT -> LEVEL_HOLD_PRESENT -> REPEATED_LEVEL_TEST -> POST_INTERACTION_EXPANSION
1m,18,15293,15312,1788731520000,1788732719999,0.19651736326416036,12,15294,15307,4,6,2,8,2,6,PRIOR_BODY -> PRIOR_HIGH -> PRIOR_HIGH -> PRIOR_LOW -> PRIOR_HIGH -> PRIOR_HIGH -> PRIOR_LOW -> PRIOR_BODY -> PRIOR_LOW -> PRIOR_LOW -> PRIOR_HIGH -> PRIOR_HIGH,0.0,0.0,0.0,0.7166666666666212,3.0033333333334062,2.286666666666785,PRIOR_LEVEL_INTERACTION -> PULLBACK_PRESENT -> REJECTION_PRESENT -> LEVEL_BREAK_PRESENT -> LEVEL_HOLD_PRESENT -> REPEATED_LEVEL_TEST -> POST_INTERACTION_EXPANSION
1m,19,22326,22345,1789153500000,1789154699999,0.1959982126353152,17,22327,22345,3,9,2,12,9,4,PRIOR_HIGH -> PRIOR_LOW -> PRIOR_LOW -> PRIOR_LOW -> PRIOR_BODY -> PRIOR_BODY -> PRIOR_HIGH -> PRIOR_HIGH -> PRIOR_HIGH -> PRIOR_BODY -> PRIOR_HIGH -> PRIOR_BODY -> PRIOR_LOW -> PRIOR_HIGH -> PRIOR_HIGH -> PRIOR_HIGH -> PRIOR_BODY,0.0,0.16666666666666666,0.16666666666666666,3.0316666666666756,2.089999999999994,-0.9416666666666815,PRIOR_LEVEL_INTERACTION -> PULLBACK_PRESENT -> REJECTION_PRESENT -> LEVEL_BREAK_PRESENT -> LEVEL_HOLD_PRESENT -> REPEATED_LEVEL_TEST -> POST_INTERACTION_EXPANSION
1m,20,20435,20454,1789040040000,1789041239999,0.19560309562019873,13,20436,20454,4,4,0,9,5,5,PRIOR_HIGH -> PRIOR_LOW -> PRIOR_HIGH -> PRIOR_BODY -> PRIOR_BODY -> PRIOR_BODY -> PRIOR_LOW -> PRIOR_LOW -> PRIOR_LOW -> PRIOR_BODY -> PRIOR_HIGH -> PRIOR_BODY -> PRIOR_HIGH,0.0,0.3333333333333333,0.3333333333333333,0.9216666666667,1.7849999999999302,0.8633333333332301,PRIOR_LEVEL_INTERACTION -> PULLBACK_PRESENT -> LEVEL_BREAK_PRESENT -> LEVEL_HOLD_PRESENT -> REPEATED_LEVEL_TEST -> POST_INTERACTION_EXPANSION
1m,21,17266,17285,1788849900000,1788851099999,0.19544380172326437,17,17267,17285,10,4,1,6,11,7,PRIOR_HIGH -> PRIOR_BODY -> PRIOR_HIGH -> PRIOR_HIGH -> PRIOR_BODY -> PRIOR_LOW -> PRIOR_BODY -> PRIOR_LOW -> PRIOR_LOW -> PRIOR_LOW -> PRIOR_HIGH -> PRIOR_HIGH -> PRIOR_HIGH -> PRIOR_HIGH -> PRIOR_LOW -> PRIOR_LOW -> PRIOR_HIGH,0.3333333333333333,0.3333333333333333,0.0,1.8966666666665333,1.3316666666667818,-0.5649999999997515,PRIOR_LEVEL_INTERACTION -> PULLBACK_PRESENT -> REJECTION_PRESENT -> LEVEL_BREAK_PRESENT -> LEVEL_HOLD_PRESENT -> REPEATED_LEVEL_TEST -> POST_INTERACTION_EXPANSION
1m,22,16888,16907,1788827220000,1788828419999,0.19528382511589723,16,16890,16907,9,5,2,7,8,6,PRIOR_LOW -> PRIOR_LOW -> PRIOR_HIGH -> PRIOR_HIGH -> PRIOR_HIGH -> PRIOR_HIGH -> PRIOR_HIGH -> PRIOR_HIGH -> PRIOR_BODY -> PRIOR_LOW -> PRIOR_HIGH -> PRIOR_HIGH -> PRIOR_LOW -> PRIOR_LOW -> PRIOR_BODY -> PRIOR_HIGH,0.0,0.3333333333333333,0.3333333333333333,1.3716666666666697,1.2800000000000484,-0.09166666666662127,PRIOR_LEVEL_INTERACTION -> PULLBACK_PRESENT -> REJECTION_PRESENT -> LEVEL_BREAK_PRESENT -> LEVEL_HOLD_PRESENT -> REPEATED_LEVEL_TEST -> POST_INTERACTION_EXPANSION
1m,23,7576,7595,1788268500000,1788269699999,0.1951703855680882,17,7577,7594,2,5,2,11,11,8,PRIOR_LOW -> PRIOR_BODY -> PRIOR_BODY -> PRIOR_BODY -> PRIOR_BODY -> PRIOR_BODY -> PRIOR_LOW -> PRIOR_BODY -> PRIOR_BODY -> PRIOR_BODY -> PRIOR_HIGH -> PRIOR_LOW -> PRIOR_BODY -> PRIOR_HIGH -> PRIOR_BODY -> PRIOR_LOW -> PRIOR_HIGH,0.0,-0.3333333333333333,-0.3333333333333333,2.1733333333332516,2.8450000000000273,0.6716666666667757,PRIOR_LEVEL_INTERACTION -> PULLBACK_PRESENT -> REJECTION_PRESENT -> LEVEL_BREAK_PRESENT -> LEVEL_HOLD_PRESENT -> REPEATED_LEVEL_TEST -> POST_INTERACTION_EXPANSION
1m,24,6412,6431,1788198660000,1788199859999,0.19514865620956373,12,6413,6430,2,8,4,8,3,3,PRIOR_HIGH -> PRIOR_LOW -> PRIOR_HIGH -> PRIOR_BODY -> PRIOR_LOW -> PRIOR_HIGH -> PRIOR_BODY -> PRIOR_LOW -> PRIOR_HIGH -> PRIOR_LOW -> PRIOR_LOW -> PRIOR_LOW,0.3333333333333333,0.0,-0.3333333333333333,1.519999999999906,1.3566666666666454,-0.16333333333326072,PRIOR_LEVEL_INTERACTION -> PULLBACK_PRESENT -> REJECTION_PRESENT -> LEVEL_BREAK_PRESENT -> LEVEL_HOLD_PRESENT -> REPEATED_LEVEL_TEST -> POST_INTERACTION_EXPANSION
1m,25,17359,17378,1788855480000,1788856679999,0.1951051768103642,11,17360,17378,7,1,0,6,3,4,PRIOR_BODY -> PRIOR_BODY -> PRIOR_HIGH -> PRIOR_HIGH -> PRIOR_HIGH -> PRIOR_HIGH -> PRIOR_LOW -> PRIOR_HIGH -> PRIOR_HIGH -> PRIOR_HIGH -> PRIOR_BODY,0.0,0.0,0.0,1.5750000000000455,1.6000000000001364,0.02500000000009095,PRIOR_LEVEL_INTERACTION -> PULLBACK_PRESENT -> LEVEL_BREAK_PRESENT -> LEVEL_HOLD_PRESENT -> REPEATED_LEVEL_TEST -> POST_INTERACTION_EXPANSION
3m,1,21149,21168,1788020640000,1788024239999,0.3606024429579151,14,21151,21168,5,3,2,9,9,4,PRIOR_HIGH -> PRIOR_HIGH -> PRIOR_HIGH -> PRIOR_BODY -> PRIOR_BODY -> PRIOR_BODY -> PRIOR_BODY -> PRIOR_BODY -> PRIOR_HIGH -> PRIOR_BODY -> PRIOR_HIGH -> PRIOR_HIGH -> PRIOR_HIGH -> PRIOR_HIGH,0.0,0.0,0.0,2.734999999999976,2.400000000000091,-0.33499999999988495,PRIOR_LEVEL_INTERACTION -> PULLBACK_PRESENT -> REJECTION_PRESENT -> LEVEL_BREAK_PRESENT -> LEVEL_HOLD_PRESENT -> REPEATED_LEVEL_TEST -> POST_INTERACTION_EXPANSION
3m,2,6938,6957,1785462660000,1785466259999,0.35843502662239035,16,6939,6957,8,3,3,8,8,4,PRIOR_LOW -> PRIOR_BODY -> PRIOR_BODY -> PRIOR_LOW -> PRIOR_HIGH -> PRIOR_BODY -> PRIOR_BODY -> PRIOR_LOW -> PRIOR_LOW -> PRIOR_LOW -> PRIOR_LOW -> PRIOR_BODY -> PRIOR_LOW -> PRIOR_LOW -> PRIOR_LOW -> PRIOR_HIGH,0.0,-0.6666666666666666,-0.6666666666666666,3.196666666666715,2.556666666666653,-0.6400000000000623,PRIOR_LEVEL_INTERACTION -> PULLBACK_PRESENT -> REJECTION_PRESENT -> LEVEL_BREAK_PRESENT -> LEVEL_HOLD_PRESENT -> REPEATED_LEVEL_TEST -> POST_INTERACTION_EXPANSION
3m,3,6629,6648,1785407040000,1785410639999,0.35641327281381985,16,6630,6648,6,7,3,9,7,6,PRIOR_BODY -> PRIOR_HIGH -> PRIOR_LOW -> PRIOR_BODY -> PRIOR_HIGH -> PRIOR_HIGH -> PRIOR_LOW -> PRIOR_LOW -> PRIOR_BODY -> PRIOR_HIGH -> PRIOR_LOW -> PRIOR_HIGH -> PRIOR_LOW -> PRIOR_LOW -> PRIOR_HIGH -> PRIOR_LOW,0.0,0.3333333333333333,0.3333333333333333,0.9549999999999651,1.4983333333332969,0.5433333333333318,PRIOR_LEVEL_INTERACTION -> PULLBACK_PRESENT -> REJECTION_PRESENT -> LEVEL_BREAK_PRESENT -> LEVEL_HOLD_PRESENT -> REPEATED_LEVEL_TEST -> POST_INTERACTION_EXPANSION
3m,4,13910,13929,1786717620000,1786721219999,0.35456339709417184,12,13914,13929,1,8,3,5,3,3,PRIOR_HIGH -> PRIOR_BODY -> PRIOR_LOW -> PRIOR_LOW -> PRIOR_BODY -> PRIOR_BODY -> PRIOR_LOW -> PRIOR_LOW -> PRIOR_HIGH -> PRIOR_HIGH -> PRIOR_LOW -> PRIOR_HIGH,0.3333333333333333,0.6666666666666666,0.3333333333333333,2.0533333333333226,2.315000000000017,0.26166666666669425,PRIOR_LEVEL_INTERACTION -> PULLBACK_PRESENT -> REJECTION_PRESENT -> LEVEL_BREAK_PRESENT -> LEVEL_HOLD_PRESENT -> REPEATED_LEVEL_TEST -> POST_INTERACTION_EXPANSION
3m,5,15843,15862,1787065560000,1787069159999,0.34713643275905137,14,15844,15862,4,3,2,9,8,4,PRIOR_BODY -> PRIOR_BODY -> PRIOR_HIGH -> PRIOR_BODY -> PRIOR_HIGH -> PRIOR_HIGH -> PRIOR_LOW -> PRIOR_BODY -> PRIOR_BODY -> PRIOR_HIGH -> PRIOR_BODY -> PRIOR_LOW -> PRIOR_BODY -> PRIOR_LOW,0.3333333333333333,0.0,-0.3333333333333333,2.6466666666666847,1.9600000000000364,-0.6866666666666483,PRIOR_LEVEL_INTERACTION -> PULLBACK_PRESENT -> REJECTION_PRESENT -> LEVEL_BREAK_PRESENT -> LEVEL_HOLD_PRESENT -> REPEATED_LEVEL_TEST -> POST_INTERACTION_EXPANSION
3m,6,2223,2242,1784613960000,1784617559999,0.3470751626272191,13,2224,2242,2,3,2,8,6,2,PRIOR_LOW -> PRIOR_HIGH -> PRIOR_BODY -> PRIOR_LOW -> PRIOR_BODY -> PRIOR_HIGH -> PRIOR_BODY -> PRIOR_BODY -> PRIOR_HIGH -> PRIOR_BODY -> PRIOR_BODY -> PRIOR_BODY -> PRIOR_BODY,0.0,0.3333333333333333,0.3333333333333333,2.6416666666666515,1.6816666666666151,-0.9600000000000364,PRIOR_LEVEL_INTERACTION -> PULLBACK_PRESENT -> REJECTION_PRESENT -> LEVEL_BREAK_PRESENT -> LEVEL_HOLD_PRESENT -> REPEATED_LEVEL_TEST -> POST_INTERACTION_EXPANSION
3m,7,2889,2908,1784733840000,1784737439999,0.34195020811267257,14,2890,2908,3,3,1,7,9,4,PRIOR_BODY -> PRIOR_LOW -> PRIOR_BODY -> PRIOR_BODY -> PRIOR_BODY -> PRIOR_BODY -> PRIOR_LOW -> PRIOR_LOW -> PRIOR_LOW -> PRIOR_HIGH -> PRIOR_BODY -> PRIOR_BODY -> PRIOR_BODY -> PRIOR_HIGH,-0.3333333333333333,0.0,0.3333333333333333,4.189999999999941,3.8666666666665983,-0.3233333333333426,PRIOR_LEVEL_INTERACTION -> PULLBACK_PRESENT -> REJECTION_PRESENT -> LEVEL_BREAK_PRESENT -> LEVEL_HOLD_PRESENT -> REPEATED_LEVEL_TEST -> POST_INTERACTION_EXPANSION
3m,8,20164,20183,1787843340000,1787846939999,0.341199558578006,15,20167,20183,2,6,2,9,9,2,PRIOR_LOW -> PRIOR_LOW -> PRIOR_BODY -> PRIOR_BODY -> PRIOR_HIGH -> PRIOR_LOW -> PRIOR_BODY -> PRIOR_LOW -> PRIOR_BODY -> PRIOR_BODY -> PRIOR_LOW -> PRIOR_BODY -> PRIOR_HIGH -> PRIOR_BODY -> PRIOR_LOW,0.3333333333333333,0.3333333333333333,0.0,5.955000000000003,4.079999999999927,-1.8750000000000755,PRIOR_LEVEL_INTERACTION -> PULLBACK_PRESENT -> REJECTION_PRESENT -> LEVEL_BREAK_PRESENT -> LEVEL_HOLD_PRESENT -> REPEATED_LEVEL_TEST -> POST_INTERACTION_EXPANSION
3m,9,717,736,1784342880000,1784346479999,0.3407102767385392,15,720,736,3,9,2,5,8,6,PRIOR_LOW -> PRIOR_HIGH -> PRIOR_HIGH -> PRIOR_BODY -> PRIOR_HIGH -> PRIOR_HIGH -> PRIOR_HIGH -> PRIOR_LOW -> PRIOR_BODY -> PRIOR_HIGH -> PRIOR_LOW -> PRIOR_HIGH -> PRIOR_HIGH -> PRIOR_LOW -> PRIOR_BODY,0.0,-0.6666666666666666,-0.6666666666666666,0.7700000000000197,0.9683333333332863,0.19833333333326664,PRIOR_LEVEL_INTERACTION -> PULLBACK_PRESENT -> REJECTION_PRESENT -> LEVEL_BREAK_PRESENT -> LEVEL_HOLD_PRESENT -> REPEATED_LEVEL_TEST -> POST_INTERACTION_EXPANSION
3m,10,24443,24462,1788613560000,1788617159999,0.3394089656411916,16,24444,24462,6,5,1,7,9,9,PRIOR_LOW -> PRIOR_HIGH -> PRIOR_LOW -> PRIOR_LOW -> PRIOR_HIGH -> PRIOR_HIGH -> PRIOR_HIGH -> PRIOR_LOW -> PRIOR_LOW -> PRIOR_LOW -> PRIOR_BODY -> PRIOR_BODY -> PRIOR_HIGH -> PRIOR_BODY -> PRIOR_BODY -> PRIOR_BODY,0.0,0.3333333333333333,0.3333333333333333,1.5533333333333605,3.0116666666668457,1.4583333333334851,PRIOR_LEVEL_INTERACTION -> PULLBACK_PRESENT -> REJECTION_PRESENT -> LEVEL_BREAK_PRESENT -> LEVEL_HOLD_PRESENT -> REPEATED_LEVEL_TEST -> POST_INTERACTION_EXPANSION
3m,11,27104,27123,1789092540000,1789096139999,0.3389083866351877,15,27107,27123,4,6,3,7,7,7,PRIOR_LOW -> PRIOR_HIGH -> PRIOR_LOW -> PRIOR_BODY -> PRIOR_BODY -> PRIOR_LOW -> PRIOR_BODY -> PRIOR_LOW -> PRIOR_HIGH -> PRIOR_HIGH -> PRIOR_LOW -> PRIOR_LOW -> PRIOR_BODY -> PRIOR_BODY -> PRIOR_LOW,-0.6666666666666666,-0.3333333333333333,0.3333333333333333,2.481666666666721,2.814999999999903,0.33333333333318205,PRIOR_LEVEL_INTERACTION -> PULLBACK_PRESENT -> REJECTION_PRESENT -> LEVEL_BREAK_PRESENT -> LEVEL_HOLD_PRESENT -> REPEATED_LEVEL_TEST -> POST_INTERACTION_EXPANSION
3m,12,25475,25494,1788799320000,1788802919999,0.3386066452137425,10,25477,25494,5,2,0,6,2,4,PRIOR_LOW -> PRIOR_BODY -> PRIOR_HIGH -> PRIOR_HIGH -> PRIOR_HIGH -> PRIOR_BODY -> PRIOR_BODY -> PRIOR_LOW -> PRIOR_LOW -> PRIOR_HIGH,0.0,-0.3333333333333333,-0.3333333333333333,1.6916666666666818,2.5699999999998604,0.8783333333331786,PRIOR_LEVEL_INTERACTION -> PULLBACK_PRESENT -> LEVEL_BREAK_PRESENT -> LEVEL_HOLD_PRESENT -> REPEATED_LEVEL_TEST -> POST_INTERACTION_EXPANSION
3m,13,23834,23853,1788503940000,1788507539999,0.3381004943027936,14,23835,23852,4,3,1,9,7,5,PRIOR_HIGH -> PRIOR_HIGH -> PRIOR_LOW -> PRIOR_BODY -> PRIOR_BODY -> PRIOR_HIGH -> PRIOR_BODY -> PRIOR_HIGH -> PRIOR_BODY -> PRIOR_BODY -> PRIOR_HIGH -> PRIOR_BODY -> PRIOR_HIGH -> PRIOR_BODY,0.3333333333333333,0.0,-0.3333333333333333,2.1283333333333303,2.6716666666667,0.5433333333333699,PRIOR_LEVEL_INTERACTION -> PULLBACK_PRESENT -> REJECTION_PRESENT -> LEVEL_BREAK_PRESENT -> LEVEL_HOLD_PRESENT -> REPEATED_LEVEL_TEST -> POST_INTERACTION_EXPANSION
3m,14,6340,6359,1785355020000,1785358619999,0.33467721500550995,16,6341,6359,2,4,2,8,10,7,PRIOR_BODY -> PRIOR_BODY -> PRIOR_BODY -> PRIOR_BODY -> PRIOR_HIGH -> PRIOR_BODY -> PRIOR_LOW -> PRIOR_LOW -> PRIOR_HIGH -> PRIOR_BODY -> PRIOR_BODY -> PRIOR_BODY -> PRIOR_BODY -> PRIOR_HIGH -> PRIOR_BODY -> PRIOR_HIGH,0.0,-0.3333333333333333,-0.3333333333333333,5.670000000000035,3.559999999999983,-2.1100000000000514,PRIOR_LEVEL_INTERACTION -> PULLBACK_PRESENT -> REJECTION_PRESENT -> LEVEL_BREAK_PRESENT -> LEVEL_HOLD_PRESENT -> REPEATED_LEVEL_TEST -> POST_INTERACTION_EXPANSION
3m,15,15844,15863,1787065740000,1787069339999,0.33309803238900393,14,15845,15863,5,5,3,9,7,5,PRIOR_HIGH -> PRIOR_HIGH -> PRIOR_HIGH -> PRIOR_HIGH -> PRIOR_HIGH -> PRIOR_LOW -> PRIOR_BODY -> PRIOR_BODY -> PRIOR_HIGH -> PRIOR_BODY -> PRIOR_LOW -> PRIOR_BODY -> PRIOR_LOW -> PRIOR_LOW,0.6666666666666666,0.0,-0.6666666666666666,2.511666666666694,2.0300000000000487,-0.48166666666664515,PRIOR_LEVEL_INTERACTION -> PULLBACK_PRESENT -> REJECTION_PRESENT -> LEVEL_BREAK_PRESENT -> LEVEL_HOLD_PRESENT -> REPEATED_LEVEL_TEST -> POST_INTERACTION_EXPANSION
3m,16,1274,1293,1784443140000,1784446739999,0.3327662024106288,13,1279,1293,2,9,1,6,7,5,PRIOR_LOW -> PRIOR_LOW -> PRIOR_HIGH -> PRIOR_LOW -> PRIOR_BODY -> PRIOR_BODY -> PRIOR_LOW -> PRIOR_HIGH -> PRIOR_LOW -> PRIOR_HIGH -> PRIOR_HIGH -> PRIOR_LOW -> PRIOR_HIGH,0.3333333333333333,0.3333333333333333,0.0,0.7150000000000318,0.9249999999999545,0.2099999999999227,PRIOR_LEVEL_INTERACTION -> PULLBACK_PRESENT -> REJECTION_PRESENT -> LEVEL_BREAK_PRESENT -> LEVEL_HOLD_PRESENT -> REPEATED_LEVEL_TEST -> POST_INTERACTION_EXPANSION
3m,17,26015,26034,1788896520000,1788900119999,0.3299119250000479,14,26016,26034,5,5,0,7,6,6,PRIOR_LOW -> PRIOR_LOW -> PRIOR_BODY -> PRIOR_BODY -> PRIOR_HIGH -> PRIOR_BODY -> PRIOR_BODY -> PRIOR_HIGH -> PRIOR_HIGH -> PRIOR_LOW -> PRIOR_LOW -> PRIOR_LOW -> PRIOR_HIGH -> PRIOR_LOW,-0.3333333333333333,0.0,0.3333333333333333,3.116666666666712,3.168333333333294,0.05166666666658193,PRIOR_LEVEL_INTERACTION -> PULLBACK_PRESENT -> LEVEL_BREAK_PRESENT -> LEVEL_HOLD_PRESENT -> REPEATED_LEVEL_TEST -> POST_INTERACTION_EXPANSION
3m,18,5579,5598,1785218040000,1785221639999,0.329895674256261,15,5580,5598,5,6,5,5,8,4,PRIOR_LOW -> PRIOR_LOW -> PRIOR_BODY -> PRIOR_BODY -> PRIOR_BODY -> PRIOR_HIGH -> PRIOR_HIGH -> PRIOR_LOW -> PRIOR_LOW -> PRIOR_HIGH -> PRIOR_HIGH -> PRIOR_HIGH -> PRIOR_BODY -> PRIOR_HIGH -> PRIOR_HIGH,-0.6666666666666666,0.3333333333333333,1.0,1.5849999999999607,1.3399999999999939,-0.2449999999999668,PRIOR_LEVEL_INTERACTION -> PULLBACK_PRESENT -> REJECTION_PRESENT -> LEVEL_BREAK_PRESENT -> LEVEL_HOLD_PRESENT -> REPEATED_LEVEL_TEST -> POST_INTERACTION_EXPANSION
3m,19,19556,19575,1787733900000,1787737499999,0.32979472102055435,14,19557,19575,2,7,4,6,7,3,PRIOR_LOW -> PRIOR_LOW -> PRIOR_HIGH -> PRIOR_HIGH -> PRIOR_LOW -> PRIOR_BODY -> PRIOR_BODY -> PRIOR_BODY -> PRIOR_HIGH -> PRIOR_BODY -> PRIOR_BODY -> PRIOR_HIGH -> PRIOR_LOW -> PRIOR_LOW,-0.6666666666666666,-0.3333333333333333,0.3333333333333333,3.471666666666806,3.0466666666666242,-0.4250000000001819,PRIOR_LEVEL_INTERACTION -> PULLBACK_PRESENT -> REJECTION_PRESENT -> LEVEL_BREAK_PRESENT -> LEVEL_HOLD_PRESENT -> REPEATED_LEVEL_TEST -> POST_INTERACTION_EXPANSION
3m,20,29492,29511,1789522380000,1789525979999,0.32909203104128637,16,29493,29511,7,5,1,9,10,6,PRIOR_LOW -> PRIOR_BODY -> PRIOR_HIGH -> PRIOR_BODY -> PRIOR_LOW -> PRIOR_LOW -> PRIOR_LOW -> PRIOR_LOW -> PRIOR_BODY -> PRIOR_BODY -> PRIOR_HIGH -> PRIOR_HIGH -> PRIOR_HIGH -> PRIOR_HIGH -> PRIOR_HIGH -> PRIOR_HIGH,-0.3333333333333333,0.6666666666666666,1.0,4.185000000000021,3.6183333333333394,-0.5666666666666815,PRIOR_LEVEL_INTERACTION -> PULLBACK_PRESENT -> REJECTION_PRESENT -> LEVEL_BREAK_PRESENT -> LEVEL_HOLD_PRESENT -> REPEATED_LEVEL_TEST -> POST_INTERACTION_EXPANSION
3m,21,21945,21964,1788163920000,1788167519999,0.32776386960985815,15,21946,21964,4,7,1,9,6,5,PRIOR_LOW -> PRIOR_LOW -> PRIOR_HIGH -> PRIOR_LOW -> PRIOR_HIGH -> PRIOR_HIGH -> PRIOR_BODY -> PRIOR_HIGH -> PRIOR_BODY -> PRIOR_BODY -> PRIOR_HIGH -> PRIOR_HIGH -> PRIOR_HIGH -> PRIOR_BODY -> PRIOR_HIGH,-0.3333333333333333,-0.3333333333333333,0.0,3.8133333333332757,4.311666666666724,0.49833333333344854,PRIOR_LEVEL_INTERACTION -> PULLBACK_PRESENT -> REJECTION_PRESENT -> LEVEL_BREAK_PRESENT -> LEVEL_HOLD_PRESENT -> REPEATED_LEVEL_TEST -> POST_INTERACTION_EXPANSION
3m,22,22942,22961,1788343380000,1788346979999,0.32686511407789137,17,22943,22961,5,2,1,7,10,8,PRIOR_BODY -> PRIOR_BODY -> PRIOR_HIGH -> PRIOR_HIGH -> PRIOR_BODY -> PRIOR_BODY -> PRIOR_LOW -> PRIOR_BODY -> PRIOR_BODY -> PRIOR_BODY -> PRIOR_BODY -> PRIOR_LOW -> PRIOR_LOW -> PRIOR_LOW -> PRIOR_HIGH -> PRIOR_BODY -> PRIOR_BODY,0.6666666666666666,0.0,-0.6666666666666666,2.8083333333332425,5.948333333333342,3.1400000000000996,PRIOR_LEVEL_INTERACTION -> PULLBACK_PRESENT -> REJECTION_PRESENT -> LEVEL_BREAK_PRESENT -> LEVEL_HOLD_PRESENT -> REPEATED_LEVEL_TEST -> POST_INTERACTION_EXPANSION
3m,23,1653,1672,1784511360000,1784514959999,0.32663993553775844,18,1654,1672,1,6,2,9,12,6,PRIOR_BODY -> PRIOR_BODY -> PRIOR_LOW -> PRIOR_LOW -> PRIOR_LOW -> PRIOR_BODY -> PRIOR_HIGH -> PRIOR_BODY -> PRIOR_BODY -> PRIOR_BODY -> PRIOR_HIGH -> PRIOR_BODY -> PRIOR_BODY -> PRIOR_LOW -> PRIOR_BODY -> PRIOR_HIGH -> PRIOR_BODY -> PRIOR_BODY,-0.6666666666666666,0.3333333333333333,1.0,4.158333333333265,4.3383333333333285,0.18000000000006366,PRIOR_LEVEL_INTERACTION -> PULLBACK_PRESENT -> REJECTION_PRESENT -> LEVEL_BREAK_PRESENT -> LEVEL_HOLD_PRESENT -> REPEATED_LEVEL_TEST -> POST_INTERACTION_EXPANSION
3m,24,9631,9650,1785947400000,1785950999999,0.32641026383002075,18,9632,9650,5,10,4,9,11,3,PRIOR_LOW -> PRIOR_HIGH -> PRIOR_BODY -> PRIOR_HIGH -> PRIOR_LOW -> PRIOR_LOW -> PRIOR_LOW -> PRIOR_LOW -> PRIOR_LOW -> PRIOR_HIGH -> PRIOR_HIGH -> PRIOR_BODY -> PRIOR_LOW -> PRIOR_HIGH -> PRIOR_LOW -> PRIOR_BODY -> PRIOR_LOW -> PRIOR_LOW,-0.6666666666666666,-0.3333333333333333,0.3333333333333333,2.8649999999999713,1.8166666666666818,-1.0483333333332896,PRIOR_LEVEL_INTERACTION -> PULLBACK_PRESENT -> REJECTION_PRESENT -> LEVEL_BREAK_PRESENT -> LEVEL_HOLD_PRESENT -> REPEATED_LEVEL_TEST -> POST_INTERACTION_EXPANSION
3m,25,72,91,1784226780000,1784230379999,0.32617159514220734,14,73,91,6,5,2,8,9,4,PRIOR_LOW -> PRIOR_HIGH -> PRIOR_HIGH -> PRIOR_BODY -> PRIOR_HIGH -> PRIOR_LOW -> PRIOR_LOW -> PRIOR_HIGH -> PRIOR_HIGH -> PRIOR_BODY -> PRIOR_BODY -> PRIOR_LOW -> PRIOR_LOW -> PRIOR_LOW,0.3333333333333333,0.0,-0.3333333333333333,2.486666666666641,2.3833333333333635,-0.10333333333327754,PRIOR_LEVEL_INTERACTION -> PULLBACK_PRESENT -> REJECTION_PRESENT -> LEVEL_BREAK_PRESENT -> LEVEL_HOLD_PRESENT -> REPEATED_LEVEL_TEST -> POST_INTERACTION_EXPANSION
5m,1,2183,2202,1781268900000,1781274899999,0.3439495453366893,12,2184,2202,6,2,0,6,7,3,PRIOR_BODY -> PRIOR_HIGH -> PRIOR_LOW -> PRIOR_LOW -> PRIOR_HIGH -> PRIOR_LOW -> PRIOR_LOW -> PRIOR_HIGH -> PRIOR_LOW -> PRIOR_BODY -> PRIOR_BODY -> PRIOR_BODY,0.3333333333333333,0.6666666666666666,0.3333333333333333,2.988333333333344,5.558333333333356,2.570000000000012,PRIOR_LEVEL_INTERACTION -> PULLBACK_PRESENT -> LEVEL_BREAK_PRESENT -> LEVEL_HOLD_PRESENT -> REPEATED_LEVEL_TEST -> POST_INTERACTION_EXPANSION
5m,2,14594,14613,1784992200000,1784998199999,0.34254098835346464,15,14595,14612,1,9,3,7,10,5,PRIOR_HIGH -> PRIOR_HIGH -> PRIOR_BODY -> PRIOR_BODY -> PRIOR_LOW -> PRIOR_HIGH -> PRIOR_BODY -> PRIOR_BODY -> PRIOR_LOW -> PRIOR_LOW -> PRIOR_LOW -> PRIOR_LOW -> PRIOR_BODY -> PRIOR_HIGH -> PRIOR_LOW,0.3333333333333333,0.6666666666666666,0.3333333333333333,2.025000000000053,1.5200000000000198,-0.5050000000000334,PRIOR_LEVEL_INTERACTION -> PULLBACK_PRESENT -> REJECTION_PRESENT -> LEVEL_BREAK_PRESENT -> LEVEL_HOLD_PRESENT -> REPEATED_LEVEL_TEST -> POST_INTERACTION_EXPANSION
5m,3,7110,7129,1782747000000,1782752999999,0.34240731157337173,13,7111,7129,5,3,0,5,7,4,PRIOR_LOW -> PRIOR_BODY -> PRIOR_BODY -> PRIOR_BODY -> PRIOR_BODY -> PRIOR_HIGH -> PRIOR_HIGH -> PRIOR_LOW -> PRIOR_HIGH -> PRIOR_BODY -> PRIOR_HIGH -> PRIOR_HIGH -> PRIOR_HIGH,0.0,0.6666666666666666,0.6666666666666666,5.853333333333353,5.130000000000034,-0.7233333333333194,PRIOR_LEVEL_INTERACTION -> PULLBACK_PRESENT -> LEVEL_BREAK_PRESENT -> LEVEL_HOLD_PRESENT -> REPEATED_LEVEL_TEST -> POST_INTERACTION_EXPANSION
5m,4,29956,29975,1789600800000,1789606799999,0.3380523925440677,12,29958,29974,4,5,0,6,6,4,PRIOR_HIGH -> PRIOR_HIGH -> PRIOR_HIGH -> PRIOR_HIGH -> PRIOR_LOW -> PRIOR_BODY -> PRIOR_BODY -> PRIOR_HIGH -> PRIOR_LOW -> PRIOR_HIGH -> PRIOR_LOW -> PRIOR_BODY,0.3333333333333333,-0.3333333333333333,-0.6666666666666666,5.369999999999966,3.966666666666621,-1.4033333333333453,PRIOR_LEVEL_INTERACTION -> PULLBACK_PRESENT -> LEVEL_BREAK_PRESENT -> LEVEL_HOLD_PRESENT -> REPEATED_LEVEL_TEST -> POST_INTERACTION_EXPANSION
5m,5,17394,17413,1785832200000,1785838199999,0.3367324550645847,15,17395,17413,5,4,2,10,8,2,PRIOR_BODY -> PRIOR_HIGH -> PRIOR_HIGH -> PRIOR_LOW -> PRIOR_LOW -> PRIOR_BODY -> PRIOR_LOW -> PRIOR_HIGH -> PRIOR_BODY -> PRIOR_LOW -> PRIOR_BODY -> PRIOR_HIGH -> PRIOR_BODY -> PRIOR_BODY -> PRIOR_HIGH,-0.3333333333333333,0.6666666666666666,1.0,2.113333333333344,1.7433333333333774,-0.3699999999999666,PRIOR_LEVEL_INTERACTION -> PULLBACK_PRESENT -> REJECTION_PRESENT -> LEVEL_BREAK_PRESENT -> LEVEL_HOLD_PRESENT -> REPEATED_LEVEL_TEST -> POST_INTERACTION_EXPANSION
5m,6,6785,6804,1782649500000,1782655499999,0.33631628590053014,13,6788,6803,5,3,1,7,8,3,PRIOR_LOW -> PRIOR_LOW -> PRIOR_LOW -> PRIOR_HIGH -> PRIOR_LOW -> PRIOR_BODY -> PRIOR_HIGH -> PRIOR_HIGH -> PRIOR_BODY -> PRIOR_BODY -> PRIOR_BODY -> PRIOR_HIGH -> PRIOR_BODY,0.0,-0.3333333333333333,-0.3333333333333333,3.2983333333332894,2.193333333333271,-1.1050000000000182,PRIOR_LEVEL_INTERACTION -> PULLBACK_PRESENT -> REJECTION_PRESENT -> LEVEL_BREAK_PRESENT -> LEVEL_HOLD_PRESENT -> REPEATED_LEVEL_TEST -> POST_INTERACTION_EXPANSION
5m,7,16322,16341,1785510600000,1785516599999,0.3350253965947196,16,16323,16341,2,7,3,10,8,3,PRIOR_LOW -> PRIOR_BODY -> PRIOR_HIGH -> PRIOR_HIGH -> PRIOR_LOW -> PRIOR_BODY -> PRIOR_BODY -> PRIOR_HIGH -> PRIOR_LOW -> PRIOR_HIGH -> PRIOR_BODY -> PRIOR_HIGH -> PRIOR_BODY -> PRIOR_BODY -> PRIOR_LOW -> PRIOR_BODY,0.0,0.3333333333333333,0.3333333333333333,4.670000000000035,3.1283333333333303,-1.5416666666667043,PRIOR_LEVEL_INTERACTION -> PULLBACK_PRESENT -> REJECTION_PRESENT -> LEVEL_BREAK_PRESENT -> LEVEL_HOLD_PRESENT -> REPEATED_LEVEL_TEST -> POST_INTERACTION_EXPANSION
5m,8,18018,18037,1786019400000,1786025399999,0.3337767548077475,14,18020,18037,1,4,3,7,6,4,PRIOR_HIGH -> PRIOR_LOW -> PRIOR_BODY -> PRIOR_LOW -> PRIOR_BODY -> PRIOR_BODY -> PRIOR_BODY -> PRIOR_HIGH -> PRIOR_BODY -> PRIOR_BODY -> PRIOR_HIGH -> PRIOR_BODY -> PRIOR_BODY -> PRIOR_BODY,-0.3333333333333333,0.6666666666666666,1.0,2.5550000000000637,3.5766666666666347,1.021666666666571,PRIOR_LEVEL_INTERACTION -> PULLBACK_PRESENT -> REJECTION_PRESENT -> LEVEL_BREAK_PRESENT -> LEVEL_HOLD_PRESENT -> REPEATED_LEVEL_TEST -> POST_INTERACTION_EXPANSION
5m,9,11360,11379,1784022000000,1784027999999,0.3337584141505599,18,11361,11379,5,7,0,8,9,6,PRIOR_LOW -> PRIOR_BODY -> PRIOR_HIGH -> PRIOR_HIGH -> PRIOR_HIGH -> PRIOR_BODY -> PRIOR_BODY -> PRIOR_HIGH -> PRIOR_LOW -> PRIOR_LOW -> PRIOR_BODY -> PRIOR_HIGH -> PRIOR_HIGH -> PRIOR_HIGH -> PRIOR_BODY -> PRIOR_LOW -> PRIOR_BODY -> PRIOR_HIGH,0.3333333333333333,0.6666666666666666,0.3333333333333333,2.410000000000006,3.681666666666691,1.2716666666666852,PRIOR_LEVEL_INTERACTION -> PULLBACK_PRESENT -> LEVEL_BREAK_PRESENT -> LEVEL_HOLD_PRESENT -> REPEATED_LEVEL_TEST -> POST_INTERACTION_EXPANSION
5m,10,20403,20422,1786734900000,1786740899999,0.33324386389300414,16,20404,20422,7,4,1,7,9,2,PRIOR_HIGH -> PRIOR_BODY -> PRIOR_HIGH -> PRIOR_HIGH -> PRIOR_HIGH -> PRIOR_BODY -> PRIOR_HIGH -> PRIOR_HIGH -> PRIOR_LOW -> PRIOR_BODY -> PRIOR_HIGH -> PRIOR_LOW -> PRIOR_BODY -> PRIOR_LOW -> PRIOR_LOW -> PRIOR_BODY,0.6666666666666666,-0.3333333333333333,-1.0,1.826666666666635,0.8233333333333425,-1.0033333333332926,PRIOR_LEVEL_INTERACTION -> PULLBACK_PRESENT -> REJECTION_PRESENT -> LEVEL_BREAK_PRESENT -> LEVEL_HOLD_PRESENT -> REPEATED_LEVEL_TEST -> POST_INTERACTION_EXPANSION
5m,11,29903,29922,1789584900000,1789590899999,0.3331451535416539,15,29905,29922,4,8,4,8,10,3,PRIOR_BODY -> PRIOR_HIGH -> PRIOR_LOW -> PRIOR_HIGH -> PRIOR_HIGH -> PRIOR_LOW -> PRIOR_LOW -> PRIOR_HIGH -> PRIOR_HIGH -> PRIOR_HIGH -> PRIOR_HIGH -> PRIOR_HIGH -> PRIOR_BODY -> PRIOR_LOW -> PRIOR_BODY,-0.3333333333333333,0.0,0.3333333333333333,13.273333333333388,5.915000000000039,-7.358333333333349,PRIOR_LEVEL_INTERACTION -> PULLBACK_PRESENT -> REJECTION_PRESENT -> LEVEL_BREAK_PRESENT -> LEVEL_HOLD_PRESENT -> REPEATED_LEVEL_TEST -> POST_INTERACTION_EXPANSION
5m,12,3572,3591,1781685600000,1781691599999,0.33305563285081974,16,3573,3591,3,6,3,7,7,3,PRIOR_LOW -> PRIOR_BODY -> PRIOR_HIGH -> PRIOR_HIGH -> PRIOR_HIGH -> PRIOR_BODY -> PRIOR_BODY -> PRIOR_HIGH -> PRIOR_LOW -> PRIOR_HIGH -> PRIOR_BODY -> PRIOR_LOW -> PRIOR_HIGH -> PRIOR_BODY -> PRIOR_BODY -> PRIOR_BODY,0.6666666666666666,0.0,-0.6666666666666666,4.3783333333333685,3.919999999999959,-0.4583333333334094,PRIOR_LEVEL_INTERACTION -> PULLBACK_PRESENT -> REJECTION_PRESENT -> LEVEL_BREAK_PRESENT -> LEVEL_HOLD_PRESENT -> REPEATED_LEVEL_TEST -> POST_INTERACTION_EXPANSION
5m,13,9503,9522,1783464900000,1783470899999,0.3329739520693674,14,9506,9522,4,5,1,7,7,5,PRIOR_BODY -> PRIOR_HIGH -> PRIOR_LOW -> PRIOR_BODY -> PRIOR_BODY -> PRIOR_LOW -> PRIOR_BODY -> PRIOR_LOW -> PRIOR_HIGH -> PRIOR_BODY -> PRIOR_LOW -> PRIOR_LOW -> PRIOR_HIGH -> PRIOR_HIGH,0.3333333333333333,0.3333333333333333,0.0,2.1749999999999923,3.465000000000032,1.2900000000000396,PRIOR_LEVEL_INTERACTION -> PULLBACK_PRESENT -> REJECTION_PRESENT -> LEVEL_BREAK_PRESENT -> LEVEL_HOLD_PRESENT -> REPEATED_LEVEL_TEST -> POST_INTERACTION_EXPANSION
5m,14,21723,21742,1787130900000,1787136899999,0.33274415557733444,11,21724,21742,3,5,1,6,4,3,PRIOR_HIGH -> PRIOR_LOW -> PRIOR_LOW -> PRIOR_BODY -> PRIOR_BODY -> PRIOR_LOW -> PRIOR_LOW -> PRIOR_BODY -> PRIOR_LOW -> PRIOR_HIGH -> PRIOR_HIGH,-0.6666666666666666,0.3333333333333333,1.0,1.2899999999999636,0.8450000000000273,-0.44499999999993634,PRIOR_LEVEL_INTERACTION -> PULLBACK_PRESENT -> REJECTION_PRESENT -> LEVEL_BREAK_PRESENT -> LEVEL_HOLD_PRESENT -> REPEATED_LEVEL_TEST -> POST_INTERACTION_EXPANSION
5m,15,12051,12070,1784229300000,1784235299999,0.3323720595941882,15,12052,12070,5,6,2,10,11,2,PRIOR_LOW -> PRIOR_HIGH -> PRIOR_LOW -> PRIOR_HIGH -> PRIOR_BODY -> PRIOR_LOW -> PRIOR_HIGH -> PRIOR_BODY -> PRIOR_LOW -> PRIOR_LOW -> PRIOR_LOW -> PRIOR_BODY -> PRIOR_LOW -> PRIOR_LOW -> PRIOR_BODY,0.0,0.3333333333333333,0.3333333333333333,2.841666666666697,1.8216666666666772,-1.0200000000000198,PRIOR_LEVEL_INTERACTION -> PULLBACK_PRESENT -> REJECTION_PRESENT -> LEVEL_BREAK_PRESENT -> LEVEL_HOLD_PRESENT -> REPEATED_LEVEL_TEST -> POST_INTERACTION_EXPANSION
5m,16,29701,29720,1789524300000,1789530299999,0.33189292258970804,15,29702,29718,5,4,2,6,8,2,PRIOR_BODY -> PRIOR_BODY -> PRIOR_HIGH -> PRIOR_BODY -> PRIOR_HIGH -> PRIOR_HIGH -> PRIOR_LOW -> PRIOR_HIGH -> PRIOR_HIGH -> PRIOR_BODY -> PRIOR_LOW -> PRIOR_HIGH -> PRIOR_HIGH -> PRIOR_BODY -> PRIOR_BODY,0.3333333333333333,0.0,-0.3333333333333333,4.519999999999982,3.816666666666606,-0.7033333333333758,PRIOR_LEVEL_INTERACTION -> PULLBACK_PRESENT -> REJECTION_PRESENT -> LEVEL_BREAK_PRESENT -> LEVEL_HOLD_PRESENT -> REPEATED_LEVEL_TEST -> POST_INTERACTION_EXPANSION
5m,17,6983,7002,1782708900000,1782714899999,0.33149973950723327,11,6984,7001,3,1,0,3,5,3,PRIOR_BODY -> PRIOR_LOW -> PRIOR_BODY -> PRIOR_HIGH -> PRIOR_BODY -> PRIOR_BODY -> PRIOR_BODY -> PRIOR_HIGH -> PRIOR_BODY -> PRIOR_BODY -> PRIOR_LOW,-0.3333333333333333,-0.6666666666666666,-0.3333333333333333,4.901666666666681,2.978333333333353,-1.9233333333333276,PRIOR_LEVEL_INTERACTION -> PULLBACK_PRESENT -> LEVEL_BREAK_PRESENT -> LEVEL_HOLD_PRESENT -> REPEATED_LEVEL_TEST -> POST_INTERACTION_EXPANSION
5m,18,14348,14367,1784918400000,1784924399999,0.3309381342093979,15,14351,14367,2,8,2,7,10,2,PRIOR_HIGH -> PRIOR_BODY -> PRIOR_LOW -> PRIOR_LOW -> PRIOR_LOW -> PRIOR_HIGH -> PRIOR_HIGH -> PRIOR_BODY -> PRIOR_HIGH -> PRIOR_HIGH -> PRIOR_BODY -> PRIOR_BODY -> PRIOR_HIGH -> PRIOR_LOW -> PRIOR_BODY,0.0,-0.3333333333333333,-0.3333333333333333,2.826666666666673,1.7483333333333348,-1.078333333333338,PRIOR_LEVEL_INTERACTION -> PULLBACK_PRESENT -> REJECTION_PRESENT -> LEVEL_BREAK_PRESENT -> LEVEL_HOLD_PRESENT -> REPEATED_LEVEL_TEST -> POST_INTERACTION_EXPANSION
5m,19,5487,5506,1782260100000,1782266099999,0.33055206331866166,14,5488,5506,3,6,0,8,7,4,PRIOR_BODY -> PRIOR_BODY -> PRIOR_LOW -> PRIOR_HIGH -> PRIOR_HIGH -> PRIOR_HIGH -> PRIOR_BODY -> PRIOR_LOW -> PRIOR_HIGH -> PRIOR_HIGH -> PRIOR_LOW -> PRIOR_HIGH -> PRIOR_BODY -> PRIOR_BODY,0.3333333333333333,0.3333333333333333,0.0,3.1666666666667047,3.9583333333333335,0.7916666666666288,PRIOR_LEVEL_INTERACTION -> PULLBACK_PRESENT -> LEVEL_BREAK_PRESENT -> LEVEL_HOLD_PRESENT -> REPEATED_LEVEL_TEST -> POST_INTERACTION_EXPANSION
5m,20,12953,12972,1784499900000,1784505899999,0.330489306446293,16,12955,12972,2,6,2,11,10,5,PRIOR_HIGH -> PRIOR_BODY -> PRIOR_BODY -> PRIOR_BODY -> PRIOR_BODY -> PRIOR_BODY -> PRIOR_BODY -> PRIOR_BODY -> PRIOR_LOW -> PRIOR_HIGH -> PRIOR_BODY -> PRIOR_HIGH -> PRIOR_LOW -> PRIOR_HIGH -> PRIOR_HIGH -> PRIOR_LOW,0.0,0.0,0.0,3.3816666666666984,4.841666666666659,1.4599999999999604,PRIOR_LEVEL_INTERACTION -> PULLBACK_PRESENT -> REJECTION_PRESENT -> LEVEL_BREAK_PRESENT -> LEVEL_HOLD_PRESENT -> REPEATED_LEVEL_TEST -> POST_INTERACTION_EXPANSION
5m,21,25849,25868,1788368700000,1788374699999,0.3304885537188537,11,25850,25868,4,4,2,4,2,1,PRIOR_BODY -> PRIOR_LOW -> PRIOR_HIGH -> PRIOR_HIGH -> PRIOR_HIGH -> PRIOR_HIGH -> PRIOR_BODY -> PRIOR_HIGH -> PRIOR_HIGH -> PRIOR_LOW -> PRIOR_BODY,0.3333333333333333,0.3333333333333333,0.0,6.233333333333197,3.6233333333333726,-2.609999999999824,PRIOR_LEVEL_INTERACTION -> PULLBACK_PRESENT -> REJECTION_PRESENT -> LEVEL_BREAK_PRESENT -> LEVEL_HOLD_PRESENT -> REPEATED_LEVEL_TEST -> POST_INTERACTION_EXPANSION
5m,22,22326,22345,1787311800000,1787317799999,0.3304181601339829,16,22327,22345,2,4,2,8,11,2,PRIOR_BODY -> PRIOR_BODY -> PRIOR_BODY -> PRIOR_HIGH -> PRIOR_HIGH -> PRIOR_BODY -> PRIOR_HIGH -> PRIOR_BODY -> PRIOR_BODY -> PRIOR_BODY -> PRIOR_BODY -> PRIOR_HIGH -> PRIOR_HIGH -> PRIOR_HIGH -> PRIOR_BODY -> PRIOR_BODY,-0.3333333333333333,0.6666666666666666,1.0,15.74666666666667,7.518333333333355,-8.228333333333314,PRIOR_LEVEL_INTERACTION -> PULLBACK_PRESENT -> REJECTION_PRESENT -> LEVEL_BREAK_PRESENT -> LEVEL_HOLD_PRESENT -> REPEATED_LEVEL_TEST -> POST_INTERACTION_EXPANSION
5m,23,2315,2334,1781308500000,1781314499999,0.32950854741948943,10,2316,2334,1,5,2,6,6,3,PRIOR_HIGH -> PRIOR_HIGH -> PRIOR_LOW -> PRIOR_HIGH -> PRIOR_BODY -> PRIOR_BODY -> PRIOR_HIGH -> PRIOR_HIGH -> PRIOR_BODY -> PRIOR_BODY,0.3333333333333333,0.3333333333333333,0.0,1.6016666666667259,1.7233333333333956,0.1216666666666697,PRIOR_LEVEL_INTERACTION -> PULLBACK_PRESENT -> REJECTION_PRESENT -> LEVEL_BREAK_PRESENT -> LEVEL_HOLD_PRESENT -> REPEATED_LEVEL_TEST -> POST_INTERACTION_EXPANSION
5m,24,20074,20093,1786636200000,1786642199999,0.32945723866436916,14,20075,20093,1,4,1,6,7,3,PRIOR_BODY -> PRIOR_LOW -> PRIOR_BODY -> PRIOR_HIGH -> PRIOR_BODY -> PRIOR_BODY -> PRIOR_BODY -> PRIOR_BODY -> PRIOR_BODY -> PRIOR_BODY -> PRIOR_BODY -> PRIOR_LOW -> PRIOR_HIGH -> PRIOR_HIGH,0.0,0.0,0.0,4.004999999999957,2.7466666666666697,-1.2583333333332876,PRIOR_LEVEL_INTERACTION -> PULLBACK_PRESENT -> REJECTION_PRESENT -> LEVEL_BREAK_PRESENT -> LEVEL_HOLD_PRESENT -> REPEATED_LEVEL_TEST -> POST_INTERACTION_EXPANSION
5m,25,18360,18379,1786122000000,1786127999999,0.32945085309919186,11,18361,18379,1,6,3,7,5,2,PRIOR_HIGH -> PRIOR_HIGH -> PRIOR_BODY -> PRIOR_LOW -> PRIOR_LOW -> PRIOR_HIGH -> PRIOR_BODY -> PRIOR_HIGH -> PRIOR_LOW -> PRIOR_BODY -> PRIOR_BODY,0.0,-0.3333333333333333,-0.3333333333333333,3.6716666666666242,1.8149999999999789,-1.8566666666666454,PRIOR_LEVEL_INTERACTION -> PULLBACK_PRESENT -> REJECTION_PRESENT -> LEVEL_BREAK_PRESENT -> LEVEL_HOLD_PRESENT -> REPEATED_LEVEL_TEST -> POST_INTERACTION_EXPANSION
15m,1,14991,15010,1776105900000,1776123899999,0.3768985653935664,7,14992,15010,2,1,0,5,1,2,PRIOR_LOW -> PRIOR_LOW -> PRIOR_BODY -> PRIOR_BODY -> PRIOR_BODY -> PRIOR_HIGH -> PRIOR_BODY,0.3333333333333333,0.6666666666666666,0.3333333333333333,12.896666666666684,28.49333333333334,15.596666666666655,PRIOR_LEVEL_INTERACTION -> PULLBACK_PRESENT -> LEVEL_BREAK_PRESENT -> LEVEL_HOLD_PRESENT -> REPEATED_LEVEL_TEST -> POST_INTERACTION_EXPANSION
15m,2,2335,2354,1764715500000,1764733499999,0.37048035762095693,15,2336,2354,0,7,1,10,7,4,PRIOR_LOW -> PRIOR_BODY -> PRIOR_BODY -> PRIOR_LOW -> PRIOR_BODY -> PRIOR_HIGH -> PRIOR_LOW -> PRIOR_BODY -> PRIOR_BODY -> PRIOR_HIGH -> PRIOR_BODY -> PRIOR_BODY -> PRIOR_BODY -> PRIOR_HIGH -> PRIOR_HIGH,-0.3333333333333333,-0.3333333333333333,0.0,9.63000000000011,12.823333333333418,3.1933333333333085,PRIOR_LEVEL_INTERACTION -> PULLBACK_PRESENT -> REJECTION_PRESENT -> LEVEL_HOLD_PRESENT -> REPEATED_LEVEL_TEST -> POST_INTERACTION_EXPANSION
15m,3,15095,15114,1776199500000,1776217499999,0.36404172962291714,10,15098,15114,1,6,0,5,4,4,PRIOR_HIGH -> PRIOR_HIGH -> PRIOR_BODY -> PRIOR_LOW -> PRIOR_BODY -> PRIOR_LOW -> PRIOR_HIGH -> PRIOR_BODY -> PRIOR_LOW -> PRIOR_HIGH,0.6666666666666666,0.0,-0.6666666666666666,8.615000000000085,8.178333333333285,-0.43666666666680065,PRIOR_LEVEL_INTERACTION -> PULLBACK_PRESENT -> LEVEL_BREAK_PRESENT -> LEVEL_HOLD_PRESENT -> REPEATED_LEVEL_TEST -> POST_INTERACTION_EXPANSION
15m,4,5617,5636,1767669300000,1767687299999,0.35297808673113307,14,5619,5635,3,6,3,7,9,5,PRIOR_BODY -> PRIOR_HIGH -> PRIOR_LOW -> PRIOR_LOW -> PRIOR_LOW -> PRIOR_BODY -> PRIOR_HIGH -> PRIOR_BODY -> PRIOR_BODY -> PRIOR_HIGH -> PRIOR_HIGH -> PRIOR_BODY -> PRIOR_LOW -> PRIOR_LOW,0.0,-0.3333333333333333,-0.3333333333333333,8.218333333333325,11.634999999999991,3.416666666666666,PRIOR_LEVEL_INTERACTION -> PULLBACK_PRESENT -> REJECTION_PRESENT -> LEVEL_BREAK_PRESENT -> LEVEL_HOLD_PRESENT -> REPEATED_LEVEL_TEST -> POST_INTERACTION_EXPANSION
15m,5,27274,27293,1787160600000,1787178599999,0.35007080784301187,14,27275,27293,5,3,3,4,6,6,PRIOR_HIGH -> PRIOR_LOW -> PRIOR_HIGH -> PRIOR_BODY -> PRIOR_HIGH -> PRIOR_BODY -> PRIOR_HIGH -> PRIOR_HIGH -> PRIOR_BODY -> PRIOR_HIGH -> PRIOR_BODY -> PRIOR_BODY -> PRIOR_LOW -> PRIOR_BODY,0.6666666666666666,0.3333333333333333,-0.3333333333333333,8.593333333333325,43.426666666666506,34.83333333333318,PRIOR_LEVEL_INTERACTION -> PULLBACK_PRESENT -> REJECTION_PRESENT -> LEVEL_BREAK_PRESENT -> LEVEL_HOLD_PRESENT -> REPEATED_LEVEL_TEST -> POST_INTERACTION_EXPANSION
15m,6,12348,12367,1773727200000,1773745199999,0.3460577816936714,17,12350,12367,3,5,1,9,12,3,PRIOR_BODY -> PRIOR_BODY -> PRIOR_HIGH -> PRIOR_HIGH -> PRIOR_BODY -> PRIOR_HIGH -> PRIOR_HIGH -> PRIOR_BODY -> PRIOR_LOW -> PRIOR_BODY -> PRIOR_LOW -> PRIOR_BODY -> PRIOR_BODY -> PRIOR_LOW -> PRIOR_BODY -> PRIOR_LOW -> PRIOR_BODY,0.6666666666666666,-0.3333333333333333,-1.0,12.531666666666675,9.264999999999949,-3.266666666666726,PRIOR_LEVEL_INTERACTION -> PULLBACK_PRESENT -> REJECTION_PRESENT -> LEVEL_BREAK_PRESENT -> LEVEL_HOLD_PRESENT -> REPEATED_LEVEL_TEST -> POST_INTERACTION_EXPANSION
15m,7,22041,22060,1782450900000,1782468899999,0.34602206614787206,17,22043,22060,8,2,1,6,11,4,PRIOR_BODY -> PRIOR_BODY -> PRIOR_HIGH -> PRIOR_HIGH -> PRIOR_HIGH -> PRIOR_HIGH -> PRIOR_HIGH -> PRIOR_BODY -> PRIOR_HIGH -> PRIOR_HIGH -> PRIOR_BODY -> PRIOR_BODY -> PRIOR_LOW -> PRIOR_LOW -> PRIOR_HIGH -> PRIOR_BODY -> PRIOR_BODY,0.3333333333333333,-0.6666666666666666,-1.0,10.115000000000009,7.201666666666672,-2.9133333333333367,PRIOR_LEVEL_INTERACTION -> PULLBACK_PRESENT -> REJECTION_PRESENT -> LEVEL_BREAK_PRESENT -> LEVEL_HOLD_PRESENT -> REPEATED_LEVEL_TEST -> POST_INTERACTION_EXPANSION
15m,8,23384,23403,1783659600000,1783677599999,0.34213439589873607,13,23385,23403,2,5,1,9,6,7,PRIOR_LOW -> PRIOR_BODY -> PRIOR_HIGH -> PRIOR_LOW -> PRIOR_BODY -> PRIOR_BODY -> PRIOR_BODY -> PRIOR_HIGH -> PRIOR_BODY -> PRIOR_BODY -> PRIOR_HIGH -> PRIOR_HIGH -> PRIOR_HIGH,-0.3333333333333333,-0.3333333333333333,0.0,4.268333333333392,4.561666666666686,0.2933333333332939,PRIOR_LEVEL_INTERACTION -> PULLBACK_PRESENT -> REJECTION_PRESENT -> LEVEL_BREAK_PRESENT -> LEVEL_HOLD_PRESENT -> REPEATED_LEVEL_TEST -> POST_INTERACTION_EXPANSION
15m,9,12605,12624,1773958500000,1773976499999,0.33985607951297886,14,12606,12624,2,2,1,10,10,4,PRIOR_BODY -> PRIOR_LOW -> PRIOR_BODY -> PRIOR_BODY -> PRIOR_BODY -> PRIOR_HIGH -> PRIOR_BODY -> PRIOR_HIGH -> PRIOR_HIGH -> PRIOR_BODY -> PRIOR_BODY -> PRIOR_BODY -> PRIOR_BODY -> PRIOR_BODY,-0.3333333333333333,0.0,0.3333333333333333,10.10666666666672,8.481666666666646,-1.6250000000000746,PRIOR_LEVEL_INTERACTION -> PULLBACK_PRESENT -> REJECTION_PRESENT -> LEVEL_BREAK_PRESENT -> LEVEL_HOLD_PRESENT -> REPEATED_LEVEL_TEST -> POST_INTERACTION_EXPANSION
15m,10,18592,18611,1779346800000,1779364799999,0.33926839089900845,17,18593,18611,6,4,2,5,11,6,PRIOR_BODY -> PRIOR_BODY -> PRIOR_HIGH -> PRIOR_BODY -> PRIOR_HIGH -> PRIOR_LOW -> PRIOR_BODY -> PRIOR_HIGH -> PRIOR_LOW -> PRIOR_LOW -> PRIOR_BODY -> PRIOR_HIGH -> PRIOR_LOW -> PRIOR_LOW -> PRIOR_BODY -> PRIOR_BODY -> PRIOR_LOW,0.3333333333333333,-0.6666666666666666,-1.0,6.574999999999818,5.336666666666663,-1.2383333333331548,PRIOR_LEVEL_INTERACTION -> PULLBACK_PRESENT -> REJECTION_PRESENT -> LEVEL_BREAK_PRESENT -> LEVEL_HOLD_PRESENT -> REPEATED_LEVEL_TEST -> POST_INTERACTION_EXPANSION
15m,11,561,580,1763118900000,1763136899999,0.33908320353689336,15,563,580,3,7,2,8,7,3,PRIOR_BODY -> PRIOR_LOW -> PRIOR_LOW -> PRIOR_BODY -> PRIOR_LOW -> PRIOR_BODY -> PRIOR_LOW -> PRIOR_HIGH -> PRIOR_BODY -> PRIOR_HIGH -> PRIOR_HIGH -> PRIOR_HIGH -> PRIOR_HIGH -> PRIOR_LOW -> PRIOR_BODY,-0.6666666666666666,0.0,0.6666666666666666,33.99333333333326,35.546666666666546,1.5533333333332848,PRIOR_LEVEL_INTERACTION -> PULLBACK_PRESENT -> REJECTION_PRESENT -> LEVEL_BREAK_PRESENT -> LEVEL_HOLD_PRESENT -> REPEATED_LEVEL_TEST -> POST_INTERACTION_EXPANSION
15m,12,10450,10469,1772019000000,1772036999999,0.3367689242114424,13,10452,10468,4,3,2,3,4,6,PRIOR_HIGH -> PRIOR_BODY -> PRIOR_HIGH -> PRIOR_BODY -> PRIOR_HIGH -> PRIOR_HIGH -> PRIOR_HIGH -> PRIOR_BODY -> PRIOR_BODY -> PRIOR_BODY -> PRIOR_HIGH -> PRIOR_HIGH -> PRIOR_BODY,1.0,0.3333333333333333,-0.6666666666666667,10.058333333333394,19.76666666666665,9.708333333333258,PRIOR_LEVEL_INTERACTION -> PULLBACK_PRESENT -> REJECTION_PRESENT -> LEVEL_BREAK_PRESENT -> LEVEL_HOLD_PRESENT -> REPEATED_LEVEL_TEST -> POST_INTERACTION_EXPANSION
15m,13,12410,12429,1773783000000,1773800999999,0.3362532870106219,17,12411,12429,9,5,2,9,10,6,PRIOR_HIGH -> PRIOR_LOW -> PRIOR_LOW -> PRIOR_HIGH -> PRIOR_LOW -> PRIOR_LOW -> PRIOR_LOW -> PRIOR_LOW -> PRIOR_BODY -> PRIOR_LOW -> PRIOR_HIGH -> PRIOR_BODY -> PRIOR_BODY -> PRIOR_HIGH -> PRIOR_LOW -> PRIOR_HIGH -> PRIOR_HIGH,-0.3333333333333333,0.3333333333333333,0.6666666666666666,7.803333333333209,7.763333333333321,-0.039999999999888125,PRIOR_LEVEL_INTERACTION -> PULLBACK_PRESENT -> REJECTION_PRESENT -> LEVEL_BREAK_PRESENT -> LEVEL_HOLD_PRESENT -> REPEATED_LEVEL_TEST -> POST_INTERACTION_EXPANSION
15m,14,1066,1085,1763573400000,1763591399999,0.3358549550033493,10,1070,1085,5,4,1,6,1,1,PRIOR_LOW -> PRIOR_LOW -> PRIOR_BODY -> PRIOR_LOW -> PRIOR_LOW -> PRIOR_LOW -> PRIOR_HIGH -> PRIOR_HIGH -> PRIOR_LOW -> PRIOR_LOW,-0.3333333333333333,0.3333333333333333,0.6666666666666666,29.026666666666642,29.43999999999998,0.41333333333333755,PRIOR_LEVEL_INTERACTION -> PULLBACK_PRESENT -> REJECTION_PRESENT -> LEVEL_BREAK_PRESENT -> LEVEL_HOLD_PRESENT -> REPEATED_LEVEL_TEST -> POST_INTERACTION_EXPANSION
15m,15,17073,17092,1777979700000,1777997699999,0.3345119601501895,12,17074,17092,4,4,0,6,9,2,PRIOR_BODY -> PRIOR_BODY -> PRIOR_HIGH -> PRIOR_HIGH -> PRIOR_LOW -> PRIOR_HIGH -> PRIOR_LOW -> PRIOR_LOW -> PRIOR_BODY -> PRIOR_LOW -> PRIOR_LOW -> PRIOR_BODY,0.3333333333333333,0.3333333333333333,0.0,6.3599999999999755,6.839999999999994,0.4800000000000182,PRIOR_LEVEL_INTERACTION -> PULLBACK_PRESENT -> LEVEL_BREAK_PRESENT -> LEVEL_HOLD_PRESENT -> REPEATED_LEVEL_TEST -> POST_INTERACTION_EXPANSION
15m,16,2271,2290,1764657900000,1764675899999,0.33312193927045874,12,2274,2288,1,5,3,5,5,5,PRIOR_BODY -> PRIOR_BODY -> PRIOR_LOW -> PRIOR_LOW -> PRIOR_HIGH -> PRIOR_LOW -> PRIOR_BODY -> PRIOR_BODY -> PRIOR_HIGH -> PRIOR_LOW -> PRIOR_BODY -> PRIOR_BODY,-0.3333333333333333,0.0,0.3333333333333333,6.638333333333321,11.516666666666802,4.878333333333481,PRIOR_LEVEL_INTERACTION -> PULLBACK_PRESENT -> REJECTION_PRESENT -> LEVEL_BREAK_PRESENT -> LEVEL_HOLD_PRESENT -> REPEATED_LEVEL_TEST -> POST_INTERACTION_EXPANSION
15m,17,6351,6370,1768329900000,1768347899999,0.33195486825373216,14,6352,6370,5,5,2,10,7,3,PRIOR_LOW -> PRIOR_HIGH -> PRIOR_HIGH -> PRIOR_LOW -> PRIOR_BODY -> PRIOR_BODY -> PRIOR_LOW -> PRIOR_BODY -> PRIOR_HIGH -> PRIOR_LOW -> PRIOR_LOW -> PRIOR_HIGH -> PRIOR_HIGH -> PRIOR_BODY,0.3333333333333333,-0.3333333333333333,-0.6666666666666666,13.59666666666673,23.099999999999984,9.503333333333254,PRIOR_LEVEL_INTERACTION -> PULLBACK_PRESENT -> REJECTION_PRESENT -> LEVEL_BREAK_PRESENT -> LEVEL_HOLD_PRESENT -> REPEATED_LEVEL_TEST -> POST_INTERACTION_EXPANSION
15m,18,11928,11947,1773349200000,1773367199999,0.3316362016150259,16,11930,11947,1,6,3,13,4,6,PRIOR_LOW -> PRIOR_LOW -> PRIOR_BODY -> PRIOR_LOW -> PRIOR_HIGH -> PRIOR_BODY -> PRIOR_HIGH -> PRIOR_BODY -> PRIOR_BODY -> PRIOR_BODY -> PRIOR_HIGH -> PRIOR_HIGH -> PRIOR_BODY -> PRIOR_BODY -> PRIOR_BODY -> PRIOR_BODY,0.0,-0.3333333333333333,-0.3333333333333333,5.701666666666597,15.081666666666782,9.380000000000186,PRIOR_LEVEL_INTERACTION -> PULLBACK_PRESENT -> REJECTION_PRESENT -> LEVEL_BREAK_PRESENT -> LEVEL_HOLD_PRESENT -> REPEATED_LEVEL_TEST -> POST_INTERACTION_EXPANSION
15m,19,6816,6835,1768748400000,1768766399999,0.3305459367966874,12,6817,6835,4,5,3,4,4,2,PRIOR_BODY -> PRIOR_BODY -> PRIOR_HIGH -> PRIOR_HIGH -> PRIOR_HIGH -> PRIOR_LOW -> PRIOR_BODY -> PRIOR_HIGH -> PRIOR_HIGH -> PRIOR_HIGH -> PRIOR_LOW -> PRIOR_HIGH,0.6666666666666666,-0.6666666666666666,-1.3333333333333333,6.848333333333282,8.458333333333409,1.6100000000001264,PRIOR_LEVEL_INTERACTION -> PULLBACK_PRESENT -> REJECTION_PRESENT -> LEVEL_BREAK_PRESENT -> LEVEL_HOLD_PRESENT -> REPEATED_LEVEL_TEST -> POST_INTERACTION_EXPANSION
15m,20,9436,9455,1771106400000,1771124399999,0.3300336680682905,15,9438,9455,6,7,3,7,8,5,PRIOR_HIGH -> PRIOR_BODY -> PRIOR_HIGH -> PRIOR_LOW -> PRIOR_LOW -> PRIOR_HIGH -> PRIOR_LOW -> PRIOR_LOW -> PRIOR_LOW -> PRIOR_LOW -> PRIOR_LOW -> PRIOR_BODY -> PRIOR_LOW -> PRIOR_LOW -> PRIOR_LOW,0.0,0.0,0.0,6.950000000000121,13.185000000000022,6.234999999999901,PRIOR_LEVEL_INTERACTION -> PULLBACK_PRESENT -> REJECTION_PRESENT -> LEVEL_BREAK_PRESENT -> LEVEL_HOLD_PRESENT -> REPEATED_LEVEL_TEST -> POST_INTERACTION_EXPANSION
15m,21,12155,12174,1773553500000,1773571499999,0.32982904392333745,17,12156,12174,5,6,1,10,9,6,PRIOR_BODY -> PRIOR_LOW -> PRIOR_LOW -> PRIOR_LOW -> PRIOR_HIGH -> PRIOR_BODY -> PRIOR_LOW -> PRIOR_LOW -> PRIOR_BODY -> PRIOR_HIGH -> PRIOR_HIGH -> PRIOR_HIGH -> PRIOR_BODY -> PRIOR_LOW -> PRIOR_BODY -> PRIOR_LOW -> PRIOR_BODY,0.0,0.0,0.0,4.830000000000003,4.613333333333306,-0.21666666666669698,PRIOR_LEVEL_INTERACTION -> PULLBACK_PRESENT -> REJECTION_PRESENT -> LEVEL_BREAK_PRESENT -> LEVEL_HOLD_PRESENT -> REPEATED_LEVEL_TEST -> POST_INTERACTION_EXPANSION
15m,22,26453,26472,1786421700000,1786439699999,0.3288774736712372,11,26456,26472,2,5,3,8,5,2,PRIOR_BODY -> PRIOR_BODY -> PRIOR_LOW -> PRIOR_LOW -> PRIOR_LOW -> PRIOR_BODY -> PRIOR_LOW -> PRIOR_HIGH -> PRIOR_BODY -> PRIOR_HIGH -> PRIOR_LOW,0.0,0.0,0.0,2.3449999999999895,2.7050000000000787,0.36000000000008914,PRIOR_LEVEL_INTERACTION -> PULLBACK_PRESENT -> REJECTION_PRESENT -> LEVEL_BREAK_PRESENT -> LEVEL_HOLD_PRESENT -> REPEATED_LEVEL_TEST -> POST_INTERACTION_EXPANSION
15m,23,19125,19144,1779826500000,1779844499999,0.3287534638320484,16,19126,19144,6,6,3,13,10,6,PRIOR_LOW -> PRIOR_HIGH -> PRIOR_HIGH -> PRIOR_BODY -> PRIOR_HIGH -> PRIOR_HIGH -> PRIOR_LOW -> PRIOR_LOW -> PRIOR_LOW -> PRIOR_BODY -> PRIOR_BODY -> PRIOR_LOW -> PRIOR_HIGH -> PRIOR_HIGH -> PRIOR_HIGH -> PRIOR_BODY,0.3333333333333333,0.0,-0.3333333333333333,4.820000000000012,4.910000000000082,0.09000000000007002,PRIOR_LEVEL_INTERACTION -> PULLBACK_PRESENT -> REJECTION_PRESENT -> LEVEL_BREAK_PRESENT -> LEVEL_HOLD_PRESENT -> REPEATED_LEVEL_TEST -> POST_INTERACTION_EXPANSION
15m,24,23639,23658,1783889100000,1783907099999,0.3285759288563902,14,23640,23658,4,5,3,5,5,4,PRIOR_HIGH -> PRIOR_LOW -> PRIOR_LOW -> PRIOR_LOW -> PRIOR_LOW -> PRIOR_LOW -> PRIOR_BODY -> PRIOR_HIGH -> PRIOR_HIGH -> PRIOR_HIGH -> PRIOR_BODY -> PRIOR_BODY -> PRIOR_BODY -> PRIOR_BODY,-1.0,-0.3333333333333333,0.6666666666666667,5.76666666666669,15.058333333333394,9.291666666666703,PRIOR_LEVEL_INTERACTION -> PULLBACK_PRESENT -> REJECTION_PRESENT -> LEVEL_BREAK_PRESENT -> LEVEL_HOLD_PRESENT -> REPEATED_LEVEL_TEST -> POST_INTERACTION_EXPANSION
15m,25,24145,24164,1784344500000,1784362499999,0.3283240018960676,17,24146,24164,2,9,4,9,13,6,PRIOR_HIGH -> PRIOR_LOW -> PRIOR_BODY -> PRIOR_LOW -> PRIOR_LOW -> PRIOR_BODY -> PRIOR_HIGH -> PRIOR_HIGH -> PRIOR_HIGH -> PRIOR_BODY -> PRIOR_LOW -> PRIOR_BODY -> PRIOR_HIGH -> PRIOR_BODY -> PRIOR_HIGH -> PRIOR_BODY -> PRIOR_LOW,-0.3333333333333333,0.3333333333333333,0.6666666666666666,2.251666666666665,2.0000000000000377,-0.2516666666666274,PRIOR_LEVEL_INTERACTION -> PULLBACK_PRESENT -> REJECTION_PRESENT -> LEVEL_BREAK_PRESENT -> LEVEL_HOLD_PRESENT -> REPEATED_LEVEL_TEST -> POST_INTERACTION_EXPANSION
30m,1,10361,10380,1754263800000,1754299799999,0.3154677046288155,14,10362,10380,5,5,1,9,9,4,PRIOR_HIGH -> PRIOR_HIGH -> PRIOR_LOW -> PRIOR_HIGH -> PRIOR_BODY -> PRIOR_HIGH -> PRIOR_LOW -> PRIOR_BODY -> PRIOR_BODY -> PRIOR_HIGH -> PRIOR_BODY -> PRIOR_HIGH -> PRIOR_HIGH -> PRIOR_LOW,0.0,0.3333333333333333,0.3333333333333333,28.836666666666662,15.298333333333252,-13.53833333333341,PRIOR_LEVEL_INTERACTION -> PULLBACK_PRESENT -> REJECTION_PRESENT -> LEVEL_BREAK_PRESENT -> LEVEL_HOLD_PRESENT -> REPEATED_LEVEL_TEST -> POST_INTERACTION_EXPANSION
30m,2,10217,10236,1754004600000,1754040599999,0.3131077521097864,12,10220,10236,5,6,1,6,3,3,PRIOR_LOW -> PRIOR_HIGH -> PRIOR_HIGH -> PRIOR_HIGH -> PRIOR_LOW -> PRIOR_LOW -> PRIOR_HIGH -> PRIOR_BODY -> PRIOR_HIGH -> PRIOR_LOW -> PRIOR_LOW -> PRIOR_LOW,0.0,0.3333333333333333,0.3333333333333333,41.41833333333352,37.24000000000001,-4.178333333333512,PRIOR_LEVEL_INTERACTION -> PULLBACK_PRESENT -> REJECTION_PRESENT -> LEVEL_BREAK_PRESENT -> LEVEL_HOLD_PRESENT -> REPEATED_LEVEL_TEST -> POST_INTERACTION_EXPANSION
30m,3,14180,14199,1761138000000,1761173999999,0.31077214103167244,12,14183,14199,0,6,2,6,7,2,PRIOR_LOW -> PRIOR_BODY -> PRIOR_HIGH -> PRIOR_LOW -> PRIOR_BODY -> PRIOR_LOW -> PRIOR_BODY -> PRIOR_LOW -> PRIOR_LOW -> PRIOR_BODY -> PRIOR_BODY -> PRIOR_BODY,0.3333333333333333,-0.3333333333333333,-0.6666666666666666,60.73666666666668,36.86833333333334,-23.86833333333334,PRIOR_LEVEL_INTERACTION -> PULLBACK_PRESENT -> REJECTION_PRESENT -> LEVEL_HOLD_PRESENT -> REPEATED_LEVEL_TEST -> POST_INTERACTION_EXPANSION
30m,4,23299,23318,1777552200000,1777588199999,0.30195901305476625,14,23301,23318,4,3,0,8,10,2,PRIOR_LOW -> PRIOR_LOW -> PRIOR_BODY -> PRIOR_BODY -> PRIOR_LOW -> PRIOR_LOW -> PRIOR_LOW -> PRIOR_BODY -> PRIOR_LOW -> PRIOR_LOW -> PRIOR_BODY -> PRIOR_BODY -> PRIOR_BODY -> PRIOR_BODY,0.0,-0.3333333333333333,-0.3333333333333333,13.651666666666719,5.846666666666806,-7.804999999999913,PRIOR_LEVEL_INTERACTION -> PULLBACK_PRESENT -> LEVEL_BREAK_PRESENT -> LEVEL_HOLD_PRESENT -> REPEATED_LEVEL_TEST -> POST_INTERACTION_EXPANSION
30m,5,24691,24710,1780057800000,1780093799999,0.30150823873315796,12,24693,24710,4,7,3,6,7,4,PRIOR_HIGH -> PRIOR_LOW -> PRIOR_HIGH -> PRIOR_HIGH -> PRIOR_HIGH -> PRIOR_LOW -> PRIOR_LOW -> PRIOR_HIGH -> PRIOR_BODY -> PRIOR_LOW -> PRIOR_HIGH -> PRIOR_LOW,0.0,0.0,0.0,17.670000000000034,9.57666666666671,-8.093333333333323,PRIOR_LEVEL_INTERACTION -> PULLBACK_PRESENT -> REJECTION_PRESENT -> LEVEL_BREAK_PRESENT -> LEVEL_HOLD_PRESENT -> REPEATED_LEVEL_TEST -> POST_INTERACTION_EXPANSION
30m,6,20852,20871,1773147600000,1773183599999,0.2992395450990151,15,20854,20871,3,7,2,7,10,3,PRIOR_LOW -> PRIOR_HIGH -> PRIOR_HIGH -> PRIOR_HIGH -> PRIOR_BODY -> PRIOR_HIGH -> PRIOR_BODY -> PRIOR_LOW -> PRIOR_BODY -> PRIOR_HIGH -> PRIOR_LOW -> PRIOR_BODY -> PRIOR_LOW -> PRIOR_BODY -> PRIOR_LOW,0.0,-0.6666666666666666,-0.6666666666666666,28.85333333333328,11.758333333333288,-17.09499999999999,PRIOR_LEVEL_INTERACTION -> PULLBACK_PRESENT -> REJECTION_PRESENT -> LEVEL_BREAK_PRESENT -> LEVEL_HOLD_PRESENT -> REPEATED_LEVEL_TEST -> POST_INTERACTION_EXPANSION
30m,7,24164,24183,1779109200000,1779145199999,0.29635495108764665,11,24165,24183,7,4,0,3,5,2,PRIOR_LOW -> PRIOR_LOW -> PRIOR_LOW -> PRIOR_LOW -> PRIOR_LOW -> PRIOR_HIGH -> PRIOR_HIGH -> PRIOR_LOW -> PRIOR_HIGH -> PRIOR_HIGH -> PRIOR_HIGH,-0.6666666666666666,0.3333333333333333,1.0,16.86500000000001,12.338333333333367,-4.526666666666642,PRIOR_LEVEL_INTERACTION -> PULLBACK_PRESENT -> LEVEL_BREAK_PRESENT -> LEVEL_HOLD_PRESENT -> REPEATED_LEVEL_TEST -> POST_INTERACTION_EXPANSION
30m,8,18748,18767,1769360400000,1769396399999,0.2961231166735066,13,18749,18767,4,4,3,6,5,5,PRIOR_BODY -> PRIOR_LOW -> PRIOR_LOW -> PRIOR_BODY -> PRIOR_LOW -> PRIOR_BODY -> PRIOR_LOW -> PRIOR_BODY -> PRIOR_HIGH -> PRIOR_BODY -> PRIOR_LOW -> PRIOR_HIGH -> PRIOR_HIGH,-0.6666666666666666,0.3333333333333333,1.0,29.504999999999956,26.57000000000001,-2.9349999999999454,PRIOR_LEVEL_INTERACTION -> PULLBACK_PRESENT -> REJECTION_PRESENT -> LEVEL_BREAK_PRESENT -> LEVEL_HOLD_PRESENT -> REPEATED_LEVEL_TEST -> POST_INTERACTION_EXPANSION
30m,9,16254,16273,1764871200000,1764907199999,0.29430117439419545,14,16257,16273,6,7,3,11,7,4,PRIOR_BODY -> PRIOR_HIGH -> PRIOR_HIGH -> PRIOR_HIGH -> PRIOR_HIGH -> PRIOR_HIGH -> PRIOR_LOW -> PRIOR_HIGH -> PRIOR_LOW -> PRIOR_HIGH -> PRIOR_HIGH -> PRIOR_LOW -> PRIOR_HIGH -> PRIOR_HIGH,-0.3333333333333333,0.0,0.3333333333333333,36.663333333333334,17.993333333333187,-18.670000000000147,PRIOR_LEVEL_INTERACTION -> PULLBACK_PRESENT -> REJECTION_PRESENT -> LEVEL_BREAK_PRESENT -> LEVEL_HOLD_PRESENT -> REPEATED_LEVEL_TEST -> POST_INTERACTION_EXPANSION
30m,10,13713,13732,1760297400000,1760333399999,0.2929332422967969,18,13715,13732,5,7,5,9,14,5,PRIOR_BODY -> PRIOR_LOW -> PRIOR_BODY -> PRIOR_BODY -> PRIOR_HIGH -> PRIOR_BODY -> PRIOR_HIGH -> PRIOR_HIGH -> PRIOR_HIGH -> PRIOR_LOW -> PRIOR_HIGH -> PRIOR_HIGH -> PRIOR_HIGH -> PRIOR_HIGH -> PRIOR_LOW -> PRIOR_BODY -> PRIOR_BODY -> PRIOR_LOW,-0.3333333333333333,-0.6666666666666666,-0.3333333333333333,46.23166666666657,23.583333333333332,-22.648333333333238,PRIOR_LEVEL_INTERACTION -> PULLBACK_PRESENT -> REJECTION_PRESENT -> LEVEL_BREAK_PRESENT -> LEVEL_HOLD_PRESENT -> REPEATED_LEVEL_TEST -> POST_INTERACTION_EXPANSION
30m,11,17972,17991,1767963600000,1767999599999,0.29148531122382865,15,17974,17991,3,7,0,8,9,5,PRIOR_BODY -> PRIOR_BODY -> PRIOR_LOW -> PRIOR_HIGH -> PRIOR_HIGH -> PRIOR_HIGH -> PRIOR_HIGH -> PRIOR_BODY -> PRIOR_HIGH -> PRIOR_BODY -> PRIOR_LOW -> PRIOR_LOW -> PRIOR_BODY -> PRIOR_HIGH -> PRIOR_HIGH,-0.3333333333333333,0.0,0.3333333333333333,38.06833333333331,15.543333333333294,-22.525000000000013,PRIOR_LEVEL_INTERACTION -> PULLBACK_PRESENT -> LEVEL_BREAK_PRESENT -> LEVEL_HOLD_PRESENT -> REPEATED_LEVEL_TEST -> POST_INTERACTION_EXPANSION
30m,12,4249,4268,1743262200000,1743298199999,0.2907851054214705,14,4251,4268,1,5,3,5,8,3,PRIOR_HIGH -> PRIOR_BODY -> PRIOR_BODY -> PRIOR_BODY -> PRIOR_LOW -> PRIOR_HIGH -> PRIOR_HIGH -> PRIOR_BODY -> PRIOR_LOW -> PRIOR_BODY -> PRIOR_BODY -> PRIOR_HIGH -> PRIOR_BODY -> PRIOR_BODY,-0.6666666666666666,0.3333333333333333,1.0,19.774999999999977,11.34166666666662,-8.433333333333357,PRIOR_LEVEL_INTERACTION -> PULLBACK_PRESENT -> REJECTION_PRESENT -> LEVEL_BREAK_PRESENT -> LEVEL_HOLD_PRESENT -> REPEATED_LEVEL_TEST -> POST_INTERACTION_EXPANSION
30m,13,26897,26916,1784028600000,1784064599999,0.28777827542768275,18,26898,26916,6,6,1,12,14,4,PRIOR_HIGH -> PRIOR_HIGH -> PRIOR_HIGH -> PRIOR_BODY -> PRIOR_HIGH -> PRIOR_HIGH -> PRIOR_HIGH -> PRIOR_BODY -> PRIOR_HIGH -> PRIOR_LOW -> PRIOR_BODY -> PRIOR_BODY -> PRIOR_BODY -> PRIOR_HIGH -> PRIOR_HIGH -> PRIOR_BODY -> PRIOR_LOW -> PRIOR_LOW,0.0,0.3333333333333333,0.3333333333333333,23.566666666666645,5.744999999999929,-17.821666666666715,PRIOR_LEVEL_INTERACTION -> PULLBACK_PRESENT -> REJECTION_PRESENT -> LEVEL_BREAK_PRESENT -> LEVEL_HOLD_PRESENT -> REPEATED_LEVEL_TEST -> POST_INTERACTION_EXPANSION
30m,14,16049,16068,1764502200000,1764538199999,0.2870436722740265,13,16051,16068,3,5,2,6,6,3,PRIOR_HIGH -> PRIOR_HIGH -> PRIOR_HIGH -> PRIOR_BODY -> PRIOR_BODY -> PRIOR_BODY -> PRIOR_LOW -> PRIOR_BODY -> PRIOR_LOW -> PRIOR_LOW -> PRIOR_HIGH -> PRIOR_LOW -> PRIOR_BODY,0.3333333333333333,-0.3333333333333333,-0.6666666666666666,17.021666666666608,10.14333333333328,-6.8783333333333285,PRIOR_LEVEL_INTERACTION -> PULLBACK_PRESENT -> REJECTION_PRESENT -> LEVEL_BREAK_PRESENT -> LEVEL_HOLD_PRESENT -> REPEATED_LEVEL_TEST -> POST_INTERACTION_EXPANSION
30m,15,2518,2537,1740146400000,1740182399999,0.2869499061809444,13,2520,2537,4,2,1,6,4,2,PRIOR_BODY -> PRIOR_BODY -> PRIOR_BODY -> PRIOR_BODY -> PRIOR_LOW -> PRIOR_LOW -> PRIOR_LOW -> PRIOR_LOW -> PRIOR_LOW -> PRIOR_BODY -> PRIOR_BODY -> PRIOR_LOW -> PRIOR_BODY,-0.6666666666666666,0.3333333333333333,1.0,60.073333333333416,23.471666666666653,-36.60166666666676,PRIOR_LEVEL_INTERACTION -> PULLBACK_PRESENT -> REJECTION_PRESENT -> LEVEL_BREAK_PRESENT -> LEVEL_HOLD_PRESENT -> REPEATED_LEVEL_TEST -> POST_INTERACTION_EXPANSION
30m,16,14233,14252,1761233400000,1761269399999,0.28653577257284263,14,14235,14252,6,5,0,6,8,4,PRIOR_BODY -> PRIOR_HIGH -> PRIOR_HIGH -> PRIOR_HIGH -> PRIOR_BODY -> PRIOR_LOW -> PRIOR_BODY -> PRIOR_LOW -> PRIOR_LOW -> PRIOR_LOW -> PRIOR_LOW -> PRIOR_HIGH -> PRIOR_LOW -> PRIOR_LOW,0.0,0.3333333333333333,0.3333333333333333,39.73333333333335,16.955000000000002,-22.778333333333347,PRIOR_LEVEL_INTERACTION -> PULLBACK_PRESENT -> LEVEL_BREAK_PRESENT -> LEVEL_HOLD_PRESENT -> REPEATED_LEVEL_TEST -> POST_INTERACTION_EXPANSION
30m,17,16102,16121,1764597600000,1764633599999,0.28648590174737437,14,16103,16121,3,3,1,7,9,4,PRIOR_BODY -> PRIOR_BODY -> PRIOR_LOW -> PRIOR_HIGH -> PRIOR_BODY -> PRIOR_BODY -> PRIOR_HIGH -> PRIOR_HIGH -> PRIOR_BODY -> PRIOR_BODY -> PRIOR_HIGH -> PRIOR_BODY -> PRIOR_HIGH -> PRIOR_BODY,-0.6666666666666666,0.3333333333333333,1.0,35.301666666666655,21.66833333333322,-13.633333333333436,PRIOR_LEVEL_INTERACTION -> PULLBACK_PRESENT -> REJECTION_PRESENT -> LEVEL_BREAK_PRESENT -> LEVEL_HOLD_PRESENT -> REPEATED_LEVEL_TEST -> POST_INTERACTION_EXPANSION
30m,18,5576,5595,1745650800000,1745686799999,0.28498674854743067,14,5579,5594,4,4,1,10,10,2,PRIOR_LOW -> PRIOR_BODY -> PRIOR_BODY -> PRIOR_LOW -> PRIOR_LOW -> PRIOR_LOW -> PRIOR_BODY -> PRIOR_BODY -> PRIOR_BODY -> PRIOR_LOW -> PRIOR_LOW -> PRIOR_LOW -> PRIOR_HIGH -> PRIOR_BODY,0.0,0.0,0.0,19.828333333333376,8.04000000000004,-11.788333333333336,PRIOR_LEVEL_INTERACTION -> PULLBACK_PRESENT -> REJECTION_PRESENT -> LEVEL_BREAK_PRESENT -> LEVEL_HOLD_PRESENT -> REPEATED_LEVEL_TEST -> POST_INTERACTION_EXPANSION
30m,19,22776,22795,1776610800000,1776646799999,0.2848392436462831,15,22779,22794,4,4,2,8,6,5,PRIOR_BODY -> PRIOR_BODY -> PRIOR_LOW -> PRIOR_LOW -> PRIOR_LOW -> PRIOR_LOW -> PRIOR_BODY -> PRIOR_BODY -> PRIOR_BODY -> PRIOR_LOW -> PRIOR_LOW -> PRIOR_BODY -> PRIOR_BODY -> PRIOR_LOW -> PRIOR_HIGH,-0.6666666666666666,0.0,0.6666666666666666,17.82166666666664,14.175000000000106,-3.646666666666535,PRIOR_LEVEL_INTERACTION -> PULLBACK_PRESENT -> REJECTION_PRESENT -> LEVEL_BREAK_PRESENT -> LEVEL_HOLD_PRESENT -> REPEATED_LEVEL_TEST -> POST_INTERACTION_EXPANSION
30m,20,22778,22797,1776614400000,1776650399999,0.2842909045817305,16,22779,22796,4,4,2,8,6,6,PRIOR_BODY -> PRIOR_BODY -> PRIOR_LOW -> PRIOR_LOW -> PRIOR_LOW -> PRIOR_LOW -> PRIOR_BODY -> PRIOR_BODY -> PRIOR_BODY -> PRIOR_LOW -> PRIOR_LOW -> PRIOR_BODY -> PRIOR_BODY -> PRIOR_LOW -> PRIOR_HIGH -> PRIOR_BODY,-0.3333333333333333,0.3333333333333333,0.6666666666666666,16.64666666666676,11.526666666666793,-5.119999999999967,PRIOR_LEVEL_INTERACTION -> PULLBACK_PRESENT -> REJECTION_PRESENT -> LEVEL_BREAK_PRESENT -> LEVEL_HOLD_PRESENT -> REPEATED_LEVEL_TEST -> POST_INTERACTION_EXPANSION
30m,21,23201,23220,1777375800000,1777411799999,0.28365008375669837,13,23203,23219,2,6,3,10,7,4,PRIOR_LOW -> PRIOR_LOW -> PRIOR_BODY -> PRIOR_BODY -> PRIOR_HIGH -> PRIOR_BODY -> PRIOR_HIGH -> PRIOR_HIGH -> PRIOR_HIGH -> PRIOR_BODY -> PRIOR_BODY -> PRIOR_HIGH -> PRIOR_HIGH,-0.3333333333333333,-0.3333333333333333,0.0,12.754999999999958,8.769999999999982,-3.9849999999999763,PRIOR_LEVEL_INTERACTION -> PULLBACK_PRESENT -> REJECTION_PRESENT -> LEVEL_BREAK_PRESENT -> LEVEL_HOLD_PRESENT -> REPEATED_LEVEL_TEST -> POST_INTERACTION_EXPANSION
30m,22,9151,9170,1752085800000,1752121799999,0.2833594003883669,16,9152,9169,5,6,2,10,11,4,PRIOR_BODY -> PRIOR_HIGH -> PRIOR_HIGH -> PRIOR_BODY -> PRIOR_BODY -> PRIOR_BODY -> PRIOR_HIGH -> PRIOR_HIGH -> PRIOR_HIGH -> PRIOR_HIGH -> PRIOR_BODY -> PRIOR_HIGH -> PRIOR_HIGH -> PRIOR_HIGH -> PRIOR_LOW -> PRIOR_LOW,0.0,-0.3333333333333333,-0.3333333333333333,26.636666666666617,13.480000000000018,-13.156666666666599,PRIOR_LEVEL_INTERACTION -> PULLBACK_PRESENT -> REJECTION_PRESENT -> LEVEL_BREAK_PRESENT -> LEVEL_HOLD_PRESENT -> REPEATED_LEVEL_TEST -> POST_INTERACTION_EXPANSION
30m,23,26537,26556,1783380600000,1783416599999,0.2832571308770032,14,26538,26556,2,6,2,9,7,4,PRIOR_HIGH -> PRIOR_BODY -> PRIOR_BODY -> PRIOR_BODY -> PRIOR_LOW -> PRIOR_LOW -> PRIOR_LOW -> PRIOR_HIGH -> PRIOR_HIGH -> PRIOR_BODY -> PRIOR_LOW -> PRIOR_BODY -> PRIOR_LOW -> PRIOR_BODY,-0.3333333333333333,0.0,0.3333333333333333,12.408333333333454,7.273333333333388,-5.135000000000066,PRIOR_LEVEL_INTERACTION -> PULLBACK_PRESENT -> REJECTION_PRESENT -> LEVEL_BREAK_PRESENT -> LEVEL_HOLD_PRESENT -> REPEATED_LEVEL_TEST -> POST_INTERACTION_EXPANSION
30m,24,18035,18054,1768077000000,1768112999999,0.2830701711383585,15,18036,18054,6,5,2,9,7,5,PRIOR_LOW -> PRIOR_HIGH -> PRIOR_LOW -> PRIOR_BODY -> PRIOR_LOW -> PRIOR_HIGH -> PRIOR_LOW -> PRIOR_BODY -> PRIOR_BODY -> PRIOR_BODY -> PRIOR_HIGH -> PRIOR_HIGH -> PRIOR_HIGH -> PRIOR_HIGH -> PRIOR_HIGH,-0.6666666666666666,0.0,0.6666666666666666,6.331666666666631,5.041666666666818,-1.2899999999998126,PRIOR_LEVEL_INTERACTION -> PULLBACK_PRESENT -> REJECTION_PRESENT -> LEVEL_BREAK_PRESENT -> LEVEL_HOLD_PRESENT -> REPEATED_LEVEL_TEST -> POST_INTERACTION_EXPANSION
30m,25,10156,10175,1753894800000,1753930799999,0.282825276690335,15,10157,10175,3,5,2,7,4,5,PRIOR_BODY -> PRIOR_BODY -> PRIOR_LOW -> PRIOR_BODY -> PRIOR_BODY -> PRIOR_BODY -> PRIOR_BODY -> PRIOR_LOW -> PRIOR_HIGH -> PRIOR_HIGH -> PRIOR_HIGH -> PRIOR_HIGH -> PRIOR_HIGH -> PRIOR_LOW -> PRIOR_BODY,0.3333333333333333,0.6666666666666666,0.3333333333333333,45.83833333333337,20.66499999999989,-25.173333333333478,PRIOR_LEVEL_INTERACTION -> PULLBACK_PRESENT -> REJECTION_PRESENT -> LEVEL_BREAK_PRESENT -> LEVEL_HOLD_PRESENT -> REPEATED_LEVEL_TEST -> POST_INTERACTION_EXPANSION
1h,1,2337,2356,1690027200000,1690099199999,0.3469396595048701,14,2338,2356,2,2,1,9,6,4,PRIOR_BODY -> PRIOR_BODY -> PRIOR_HIGH -> PRIOR_LOW -> PRIOR_BODY -> PRIOR_BODY -> PRIOR_BODY -> PRIOR_BODY -> PRIOR_HIGH -> PRIOR_BODY -> PRIOR_BODY -> PRIOR_BODY -> PRIOR_LOW -> PRIOR_BODY,0.3333333333333333,0.3333333333333333,0.0,3.6100000000000136,4.51166666666677,0.9016666666667561,PRIOR_LEVEL_INTERACTION -> PULLBACK_PRESENT -> REJECTION_PRESENT -> LEVEL_BREAK_PRESENT -> LEVEL_HOLD_PRESENT -> REPEATED_LEVEL_TEST -> POST_INTERACTION_EXPANSION
1h,2,20761,20780,1756353600000,1756425599999,0.32963494706688234,14,20762,20778,6,4,1,8,8,4,PRIOR_BODY -> PRIOR_BODY -> PRIOR_BODY -> PRIOR_HIGH -> PRIOR_HIGH -> PRIOR_LOW -> PRIOR_BODY -> PRIOR_LOW -> PRIOR_LOW -> PRIOR_LOW -> PRIOR_LOW -> PRIOR_LOW -> PRIOR_LOW -> PRIOR_HIGH,0.3333333333333333,0.3333333333333333,0.0,34.8733333333336,35.798333333333325,0.9249999999997272,PRIOR_LEVEL_INTERACTION -> PULLBACK_PRESENT -> REJECTION_PRESENT -> LEVEL_BREAK_PRESENT -> LEVEL_HOLD_PRESENT -> REPEATED_LEVEL_TEST -> POST_INTERACTION_EXPANSION
1h,3,15506,15525,1737435600000,1737507599999,0.3264616344767954,13,15507,15523,5,2,1,7,6,3,PRIOR_HIGH -> PRIOR_HIGH -> PRIOR_HIGH -> PRIOR_HIGH -> PRIOR_BODY -> PRIOR_BODY -> PRIOR_HIGH -> PRIOR_BODY -> PRIOR_BODY -> PRIOR_BODY -> PRIOR_BODY -> PRIOR_HIGH -> PRIOR_HIGH,0.3333333333333333,0.0,-0.3333333333333333,33.76499999999995,31.399999999999864,-2.3650000000000873,PRIOR_LEVEL_INTERACTION -> PULLBACK_PRESENT -> REJECTION_PRESENT -> LEVEL_BREAK_PRESENT -> LEVEL_HOLD_PRESENT -> REPEATED_LEVEL_TEST -> POST_INTERACTION_EXPANSION
1h,4,18791,18810,1749261600000,1749333599999,0.3228648242563793,13,18793,18810,7,5,1,6,6,2,PRIOR_HIGH -> PRIOR_HIGH -> PRIOR_BODY -> PRIOR_HIGH -> PRIOR_HIGH -> PRIOR_LOW -> PRIOR_HIGH -> PRIOR_LOW -> PRIOR_HIGH -> PRIOR_HIGH -> PRIOR_LOW -> PRIOR_HIGH -> PRIOR_HIGH,0.6666666666666666,0.3333333333333333,-0.3333333333333333,13.934999999999869,10.173333333333252,-3.761666666666617,PRIOR_LEVEL_INTERACTION -> PULLBACK_PRESENT -> REJECTION_PRESENT -> LEVEL_BREAK_PRESENT -> LEVEL_HOLD_PRESENT -> REPEATED_LEVEL_TEST -> POST_INTERACTION_EXPANSION
1h,5,17447,17466,1744423200000,1744495199999,0.3220890508222792,11,17449,17466,3,3,2,4,4,3,PRIOR_BODY -> PRIOR_HIGH -> PRIOR_BODY -> PRIOR_HIGH -> PRIOR_HIGH -> PRIOR_HIGH -> PRIOR_HIGH -> PRIOR_BODY -> PRIOR_BODY -> PRIOR_BODY -> PRIOR_HIGH,0.6666666666666666,-0.3333333333333333,-1.0,12.641666666666652,18.3433333333334,5.70166666666675,PRIOR_LEVEL_INTERACTION -> PULLBACK_PRESENT -> REJECTION_PRESENT -> LEVEL_BREAK_PRESENT -> LEVEL_HOLD_PRESENT -> REPEATED_LEVEL_TEST -> POST_INTERACTION_EXPANSION
1h,6,25464,25483,1773284400000,1773356399999,0.3215883423269641,11,25465,25483,1,3,2,4,6,3,PRIOR_BODY -> PRIOR_HIGH -> PRIOR_BODY -> PRIOR_HIGH -> PRIOR_HIGH -> PRIOR_LOW -> PRIOR_BODY -> PRIOR_BODY -> PRIOR_BODY -> PRIOR_BODY -> PRIOR_BODY,0.3333333333333333,0.0,-0.3333333333333333,12.141666666666652,16.87333333333326,4.731666666666609,PRIOR_LEVEL_INTERACTION -> PULLBACK_PRESENT -> REJECTION_PRESENT -> LEVEL_BREAK_PRESENT -> LEVEL_HOLD_PRESENT -> REPEATED_LEVEL_TEST -> POST_INTERACTION_EXPANSION
1h,7,12192,12211,1725505200000,1725577199999,0.3206679373255908,13,12193,12211,2,5,2,10,8,4,PRIOR_LOW -> PRIOR_BODY -> PRIOR_BODY -> PRIOR_BODY -> PRIOR_LOW -> PRIOR_LOW -> PRIOR_BODY -> PRIOR_BODY -> PRIOR_BODY -> PRIOR_LOW -> PRIOR_LOW -> PRIOR_LOW -> PRIOR_LOW,-0.3333333333333333,0.0,0.3333333333333333,23.698333333333267,22.624999999999925,-1.0733333333333412,PRIOR_LEVEL_INTERACTION -> PULLBACK_PRESENT -> REJECTION_PRESENT -> LEVEL_BREAK_PRESENT -> LEVEL_HOLD_PRESENT -> REPEATED_LEVEL_TEST -> POST_INTERACTION_EXPANSION
1h,8,12143,12162,1725328800000,1725400799999,0.3203199883977145,13,12144,12162,3,3,1,7,6,4,PRIOR_LOW -> PRIOR_HIGH -> PRIOR_HIGH -> PRIOR_LOW -> PRIOR_BODY -> PRIOR_BODY -> PRIOR_HIGH -> PRIOR_BODY -> PRIOR_LOW -> PRIOR_BODY -> PRIOR_BODY -> PRIOR_BODY -> PRIOR_BODY,0.0,0.3333333333333333,0.3333333333333333,13.23833333333323,20.148333333333312,6.910000000000082,PRIOR_LEVEL_INTERACTION -> PULLBACK_PRESENT -> REJECTION_PRESENT -> LEVEL_BREAK_PRESENT -> LEVEL_HOLD_PRESENT -> REPEATED_LEVEL_TEST -> POST_INTERACTION_EXPANSION
1h,9,24145,24164,1768536000000,1768607999999,0.31767735787299184,18,24146,24164,8,6,2,13,12,3,PRIOR_HIGH -> PRIOR_HIGH -> PRIOR_HIGH -> PRIOR_HIGH -> PRIOR_HIGH -> PRIOR_LOW -> PRIOR_LOW -> PRIOR_HIGH -> PRIOR_BODY -> PRIOR_LOW -> PRIOR_BODY -> PRIOR_LOW -> PRIOR_BODY -> PRIOR_LOW -> PRIOR_LOW -> PRIOR_HIGH -> PRIOR_HIGH -> PRIOR_BODY,0.0,0.3333333333333333,0.3333333333333333,18.114999999999934,13.425000000000031,-4.689999999999904,PRIOR_LEVEL_INTERACTION -> PULLBACK_PRESENT -> REJECTION_PRESENT -> LEVEL_BREAK_PRESENT -> LEVEL_HOLD_PRESENT -> REPEATED_LEVEL_TEST -> POST_INTERACTION_EXPANSION
1h,10,25187,25206,1772287200000,1772359199999,0.3142213884703696,16,25188,25206,9,2,0,6,6,4,PRIOR_BODY -> PRIOR_HIGH -> PRIOR_HIGH -> PRIOR_BODY -> PRIOR_HIGH -> PRIOR_BODY -> PRIOR_HIGH -> PRIOR_HIGH -> PRIOR_HIGH -> PRIOR_HIGH -> PRIOR_LOW -> PRIOR_BODY -> PRIOR_LOW -> PRIOR_LOW -> PRIOR_BODY -> PRIOR_LOW,0.6666666666666666,-0.6666666666666666,-1.3333333333333333,31.216666666666658,22.593333333333362,-8.623333333333296,PRIOR_LEVEL_INTERACTION -> PULLBACK_PRESENT -> LEVEL_BREAK_PRESENT -> LEVEL_HOLD_PRESENT -> REPEATED_LEVEL_TEST -> POST_INTERACTION_EXPANSION
1h,11,25656,25675,1773975600000,1774047599999,0.3131734194912714,13,25657,25675,3,3,0,8,9,4,PRIOR_BODY -> PRIOR_LOW -> PRIOR_LOW -> PRIOR_BODY -> PRIOR_BODY -> PRIOR_HIGH -> PRIOR_BODY -> PRIOR_BODY -> PRIOR_BODY -> PRIOR_LOW -> PRIOR_LOW -> PRIOR_BODY -> PRIOR_HIGH,0.0,0.3333333333333333,0.3333333333333333,19.953333333333376,19.849999999999984,-0.10333333333339212,PRIOR_LEVEL_INTERACTION -> PULLBACK_PRESENT -> LEVEL_BREAK_PRESENT -> LEVEL_HOLD_PRESENT -> REPEATED_LEVEL_TEST -> POST_INTERACTION_EXPANSION
1h,12,25751,25770,1774317600000,1774389599999,0.31283302520117967,12,25752,25770,4,5,2,7,6,4,PRIOR_LOW -> PRIOR_BODY -> PRIOR_HIGH -> PRIOR_HIGH -> PRIOR_BODY -> PRIOR_LOW -> PRIOR_HIGH -> PRIOR_LOW -> PRIOR_LOW -> PRIOR_BODY -> PRIOR_HIGH -> PRIOR_HIGH,0.0,0.0,0.0,16.100000000000062,21.976666666666688,5.876666666666626,PRIOR_LEVEL_INTERACTION -> PULLBACK_PRESENT -> REJECTION_PRESENT -> LEVEL_BREAK_PRESENT -> LEVEL_HOLD_PRESENT -> REPEATED_LEVEL_TEST -> POST_INTERACTION_EXPANSION
1h,13,16780,16799,1742022000000,1742093999999,0.3127619714288004,17,16781,16799,8,5,2,10,10,3,PRIOR_BODY -> PRIOR_LOW -> PRIOR_HIGH -> PRIOR_HIGH -> PRIOR_BODY -> PRIOR_HIGH -> PRIOR_BODY -> PRIOR_HIGH -> PRIOR_HIGH -> PRIOR_HIGH -> PRIOR_HIGH -> PRIOR_BODY -> PRIOR_HIGH -> PRIOR_LOW -> PRIOR_HIGH -> PRIOR_LOW -> PRIOR_LOW,0.3333333333333333,-0.6666666666666666,-1.0,10.026666666666605,12.68500000000006,2.658333333333454,PRIOR_LEVEL_INTERACTION -> PULLBACK_PRESENT -> REJECTION_PRESENT -> LEVEL_BREAK_PRESENT -> LEVEL_HOLD_PRESENT -> REPEATED_LEVEL_TEST -> POST_INTERACTION_EXPANSION
1h,14,7584,7603,1708916400000,1708988399999,0.31262242528287354,14,7585,7602,3,6,1,6,6,5,PRIOR_HIGH -> PRIOR_LOW -> PRIOR_BODY -> PRIOR_LOW -> PRIOR_BODY -> PRIOR_HIGH -> PRIOR_BODY -> PRIOR_BODY -> PRIOR_LOW -> PRIOR_HIGH -> PRIOR_BODY -> PRIOR_LOW -> PRIOR_HIGH -> PRIOR_HIGH,0.3333333333333333,0.3333333333333333,0.0,18.114999999999856,32.058333333333245,13.943333333333388,PRIOR_LEVEL_INTERACTION -> PULLBACK_PRESENT -> REJECTION_PRESENT -> LEVEL_BREAK_PRESENT -> LEVEL_HOLD_PRESENT -> REPEATED_LEVEL_TEST -> POST_INTERACTION_EXPANSION
1h,15,23160,23179,1764990000000,1765061999999,0.3070998553024255,11,23161,23179,1,4,0,8,6,3,PRIOR_BODY -> PRIOR_BODY -> PRIOR_BODY -> PRIOR_BODY -> PRIOR_BODY -> PRIOR_HIGH -> PRIOR_BODY -> PRIOR_HIGH -> PRIOR_LOW -> PRIOR_HIGH -> PRIOR_HIGH,0.0,0.0,0.0,14.471666666666806,15.018333333333354,0.5466666666665478,PRIOR_LEVEL_INTERACTION -> PULLBACK_PRESENT -> LEVEL_BREAK_PRESENT -> LEVEL_HOLD_PRESENT -> REPEATED_LEVEL_TEST -> POST_INTERACTION_EXPANSION
1h,16,11831,11850,1724205600000,1724277599999,0.3070448639612116,13,11832,11850,2,2,1,3,5,7,PRIOR_BODY -> PRIOR_BODY -> PRIOR_BODY -> PRIOR_HIGH -> PRIOR_HIGH -> PRIOR_BODY -> PRIOR_BODY -> PRIOR_BODY -> PRIOR_BODY -> PRIOR_BODY -> PRIOR_HIGH -> PRIOR_HIGH -> PRIOR_BODY,1.0,0.6666666666666666,-0.33333333333333337,9.744999999999967,26.440000000000055,16.695000000000086,PRIOR_LEVEL_INTERACTION -> PULLBACK_PRESENT -> REJECTION_PRESENT -> LEVEL_BREAK_PRESENT -> LEVEL_HOLD_PRESENT -> REPEATED_LEVEL_TEST -> POST_INTERACTION_EXPANSION
1h,17,6971,6990,1706709600000,1706781599999,0.3066415487328908,12,6975,6990,5,3,1,7,6,4,PRIOR_HIGH -> PRIOR_BODY -> PRIOR_LOW -> PRIOR_LOW -> PRIOR_BODY -> PRIOR_BODY -> PRIOR_LOW -> PRIOR_LOW -> PRIOR_LOW -> PRIOR_BODY -> PRIOR_LOW -> PRIOR_HIGH,0.0,0.3333333333333333,0.3333333333333333,23.828333333333376,8.760000000000067,-15.068333333333308,PRIOR_LEVEL_INTERACTION -> PULLBACK_PRESENT -> REJECTION_PRESENT -> LEVEL_BREAK_PRESENT -> LEVEL_HOLD_PRESENT -> REPEATED_LEVEL_TEST -> POST_INTERACTION_EXPANSION
1h,18,19704,19723,1752548400000,1752620399999,0.3055487612137304,13,19705,19722,3,6,1,9,8,2,PRIOR_HIGH -> PRIOR_BODY -> PRIOR_HIGH -> PRIOR_HIGH -> PRIOR_HIGH -> PRIOR_LOW -> PRIOR_BODY -> PRIOR_HIGH -> PRIOR_BODY -> PRIOR_HIGH -> PRIOR_LOW -> PRIOR_LOW -> PRIOR_BODY,0.0,0.3333333333333333,0.3333333333333333,26.946666666666562,44.03666666666663,17.09000000000007,PRIOR_LEVEL_INTERACTION -> PULLBACK_PRESENT -> REJECTION_PRESENT -> LEVEL_BREAK_PRESENT -> LEVEL_HOLD_PRESENT -> REPEATED_LEVEL_TEST -> POST_INTERACTION_EXPANSION
1h,19,15532,15551,1737529200000,1737601199999,0.3050155904049879,18,15533,15551,7,2,2,13,9,7,PRIOR_BODY -> PRIOR_BODY -> PRIOR_LOW -> PRIOR_BODY -> PRIOR_BODY -> PRIOR_BODY -> PRIOR_LOW -> PRIOR_LOW -> PRIOR_LOW -> PRIOR_BODY -> PRIOR_LOW -> PRIOR_BODY -> PRIOR_BODY -> PRIOR_LOW -> PRIOR_LOW -> PRIOR_LOW -> PRIOR_BODY -> PRIOR_LOW,0.0,0.0,0.0,21.886666666666617,29.19000000000013,7.303333333333512,PRIOR_LEVEL_INTERACTION -> PULLBACK_PRESENT -> REJECTION_PRESENT -> LEVEL_BREAK_PRESENT -> LEVEL_HOLD_PRESENT -> REPEATED_LEVEL_TEST -> POST_INTERACTION_EXPANSION
1h,20,27336,27355,1780023600000,1780095599999,0.30473047749930343,12,27337,27355,3,3,0,6,6,3,PRIOR_HIGH -> PRIOR_HIGH -> PRIOR_BODY -> PRIOR_BODY -> PRIOR_BODY -> PRIOR_HIGH -> PRIOR_LOW -> PRIOR_LOW -> PRIOR_BODY -> PRIOR_HIGH -> PRIOR_BODY -> PRIOR_BODY,0.3333333333333333,0.0,-0.3333333333333333,10.0316666666666,15.794999999999996,5.763333333333396,PRIOR_LEVEL_INTERACTION -> PULLBACK_PRESENT -> LEVEL_BREAK_PRESENT -> LEVEL_HOLD_PRESENT -> REPEATED_LEVEL_TEST -> POST_INTERACTION_EXPANSION
1h,21,6697,6716,1705723200000,1705795199999,0.3041861280432216,16,6699,6715,4,7,2,8,9,4,PRIOR_HIGH -> PRIOR_LOW -> PRIOR_BODY -> PRIOR_LOW -> PRIOR_BODY -> PRIOR_BODY -> PRIOR_BODY -> PRIOR_LOW -> PRIOR_LOW -> PRIOR_LOW -> PRIOR_LOW -> PRIOR_LOW -> PRIOR_BODY -> PRIOR_HIGH -> PRIOR_HIGH -> PRIOR_LOW,-0.3333333333333333,0.3333333333333333,0.6666666666666666,8.863333333333381,8.076666666666824,-0.7866666666665569,PRIOR_LEVEL_INTERACTION -> PULLBACK_PRESENT -> REJECTION_PRESENT -> LEVEL_BREAK_PRESENT -> LEVEL_HOLD_PRESENT -> REPEATED_LEVEL_TEST -> POST_INTERACTION_EXPANSION
1h,22,25397,25416,1773043200000,1773115199999,0.3041004258053452,9,25398,25416,2,2,1,5,6,2,PRIOR_BODY -> PRIOR_LOW -> PRIOR_HIGH -> PRIOR_BODY -> PRIOR_BODY -> PRIOR_LOW -> PRIOR_BODY -> PRIOR_BODY -> PRIOR_HIGH,0.3333333333333333,0.0,-0.3333333333333333,23.37833333333329,27.94833333333338,4.570000000000089,PRIOR_LEVEL_INTERACTION -> PULLBACK_PRESENT -> REJECTION_PRESENT -> LEVEL_BREAK_PRESENT -> LEVEL_HOLD_PRESENT -> REPEATED_LEVEL_TEST -> POST_INTERACTION_EXPANSION
1h,23,19754,19773,1752728400000,1752800399999,0.30343727095639916,13,19757,19772,1,8,4,5,9,7,PRIOR_HIGH -> PRIOR_HIGH -> PRIOR_LOW -> PRIOR_LOW -> PRIOR_HIGH -> PRIOR_HIGH -> PRIOR_BODY -> PRIOR_HIGH -> PRIOR_BODY -> PRIOR_BODY -> PRIOR_HIGH -> PRIOR_HIGH -> PRIOR_BODY,0.6666666666666666,0.3333333333333333,-0.3333333333333333,45.88500000000007,61.33833333333329,15.45333333333322,PRIOR_LEVEL_INTERACTION -> PULLBACK_PRESENT -> REJECTION_PRESENT -> LEVEL_BREAK_PRESENT -> LEVEL_HOLD_PRESENT -> REPEATED_LEVEL_TEST -> POST_INTERACTION_EXPANSION
1h,24,8327,8346,1711591200000,1711663199999,0.3032958613630696,15,8328,8346,4,7,5,10,9,6,PRIOR_BODY -> PRIOR_HIGH -> PRIOR_HIGH -> PRIOR_HIGH -> PRIOR_HIGH -> PRIOR_LOW -> PRIOR_LOW -> PRIOR_HIGH -> PRIOR_BODY -> PRIOR_HIGH -> PRIOR_LOW -> PRIOR_BODY -> PRIOR_LOW -> PRIOR_LOW -> PRIOR_BODY,0.3333333333333333,-0.3333333333333333,-0.6666666666666666,31.40333333333312,21.74166666666656,-9.661666666666559,PRIOR_LEVEL_INTERACTION -> PULLBACK_PRESENT -> REJECTION_PRESENT -> LEVEL_BREAK_PRESENT -> LEVEL_HOLD_PRESENT -> REPEATED_LEVEL_TEST -> POST_INTERACTION_EXPANSION
1h,25,27286,27305,1779843600000,1779915599999,0.30205866634994916,17,27288,27305,4,6,2,7,10,6,PRIOR_LOW -> PRIOR_BODY -> PRIOR_LOW -> PRIOR_HIGH -> PRIOR_HIGH -> PRIOR_LOW -> PRIOR_HIGH -> PRIOR_BODY -> PRIOR_BODY -> PRIOR_BODY -> PRIOR_LOW -> PRIOR_BODY -> PRIOR_LOW -> PRIOR_LOW -> PRIOR_LOW -> PRIOR_BODY -> PRIOR_BODY,0.3333333333333333,0.3333333333333333,0.0,10.186666666666573,14.751666666666702,4.565000000000129,PRIOR_LEVEL_INTERACTION -> PULLBACK_PRESENT -> REJECTION_PRESENT -> LEVEL_BREAK_PRESENT -> LEVEL_HOLD_PRESENT -> REPEATED_LEVEL_TEST -> POST_INTERACTION_EXPANSION
4h,1,6175,6194,1734523200000,1734811199999,0.33667401151723175,14,6177,6194,3,6,3,6,6,2,PRIOR_LOW -> PRIOR_BODY -> PRIOR_BODY -> PRIOR_BODY -> PRIOR_LOW -> PRIOR_LOW -> PRIOR_HIGH -> PRIOR_LOW -> PRIOR_LOW -> PRIOR_LOW -> PRIOR_BODY -> PRIOR_BODY -> PRIOR_HIGH -> PRIOR_LOW,0.0,-0.6666666666666666,-0.6666666666666666,100.99833333333338,85.24166666666649,-15.756666666666888,PRIOR_LEVEL_INTERACTION -> PULLBACK_PRESENT -> REJECTION_PRESENT -> LEVEL_BREAK_PRESENT -> LEVEL_HOLD_PRESENT -> REPEATED_LEVEL_TEST -> POST_INTERACTION_EXPANSION
4h,2,9307,9326,1779624000000,1779911999999,0.3136913652893642,14,9310,9324,3,7,0,8,8,4,PRIOR_LOW -> PRIOR_LOW -> PRIOR_BODY -> PRIOR_HIGH -> PRIOR_BODY -> PRIOR_HIGH -> PRIOR_LOW -> PRIOR_LOW -> PRIOR_BODY -> PRIOR_LOW -> PRIOR_LOW -> PRIOR_LOW -> PRIOR_HIGH -> PRIOR_BODY,-0.3333333333333333,-0.6666666666666666,-0.3333333333333333,27.20166666666667,25.17666666666666,-2.025000000000013,PRIOR_LEVEL_INTERACTION -> PULLBACK_PRESENT -> LEVEL_BREAK_PRESENT -> LEVEL_HOLD_PRESENT -> REPEATED_LEVEL_TEST -> POST_INTERACTION_EXPANSION
4h,3,2679,2698,1684180800000,1684468799999,0.3136568170942352,16,2680,2698,2,6,1,12,13,6,PRIOR_BODY -> PRIOR_HIGH -> PRIOR_BODY -> PRIOR_HIGH -> PRIOR_BODY -> PRIOR_BODY -> PRIOR_HIGH -> PRIOR_LOW -> PRIOR_LOW -> PRIOR_BODY -> PRIOR_HIGH -> PRIOR_HIGH -> PRIOR_HIGH -> PRIOR_BODY -> PRIOR_BODY -> PRIOR_BODY,-0.3333333333333333,0.0,0.3333333333333333,17.978333333333353,20.99666666666671,3.0183333333333557,PRIOR_LEVEL_INTERACTION -> PULLBACK_PRESENT -> REJECTION_PRESENT -> LEVEL_BREAK_PRESENT -> LEVEL_HOLD_PRESENT -> REPEATED_LEVEL_TEST -> POST_INTERACTION_EXPANSION
4h,4,9326,9345,1779897600000,1780185599999,0.3112080729793453,16,9327,9345,5,5,2,9,9,3,PRIOR_BODY -> PRIOR_LOW -> PRIOR_BODY -> PRIOR_HIGH -> PRIOR_BODY -> PRIOR_BODY -> PRIOR_HIGH -> PRIOR_LOW -> PRIOR_HIGH -> PRIOR_BODY -> PRIOR_LOW -> PRIOR_LOW -> PRIOR_HIGH -> PRIOR_HIGH -> PRIOR_HIGH -> PRIOR_BODY,-0.3333333333333333,0.3333333333333333,0.6666666666666666,36.163333333333334,12.654999999999973,-23.50833333333336,PRIOR_LEVEL_INTERACTION -> PULLBACK_PRESENT -> REJECTION_PRESENT -> LEVEL_BREAK_PRESENT -> LEVEL_HOLD_PRESENT -> REPEATED_LEVEL_TEST -> POST_INTERACTION_EXPANSION
4h,5,8798,8817,1772294400000,1772582399999,0.3111648688882593,15,8799,8816,3,6,3,8,9,7,PRIOR_HIGH -> PRIOR_BODY -> PRIOR_HIGH -> PRIOR_BODY -> PRIOR_HIGH -> PRIOR_LOW -> PRIOR_LOW -> PRIOR_LOW -> PRIOR_BODY -> PRIOR_BODY -> PRIOR_HIGH -> PRIOR_BODY -> PRIOR_BODY -> PRIOR_LOW -> PRIOR_HIGH,0.3333333333333333,-0.3333333333333333,-0.6666666666666666,60.85166666666672,49.160000000000046,-11.691666666666677,PRIOR_LEVEL_INTERACTION -> PULLBACK_PRESENT -> REJECTION_PRESENT -> LEVEL_BREAK_PRESENT -> LEVEL_HOLD_PRESENT -> REPEATED_LEVEL_TEST -> POST_INTERACTION_EXPANSION
4h,6,8147,8166,1762920000000,1763207999999,0.3109807064625408,9,8149,8166,3,3,1,4,4,2,PRIOR_LOW -> PRIOR_LOW -> PRIOR_LOW -> PRIOR_HIGH -> PRIOR_LOW -> PRIOR_BODY -> PRIOR_BODY -> PRIOR_LOW -> PRIOR_BODY,0.0,0.0,0.0,95.2200000000001,91.51833333333327,-3.7016666666668243,PRIOR_LEVEL_INTERACTION -> PULLBACK_PRESENT -> REJECTION_PRESENT -> LEVEL_BREAK_PRESENT -> LEVEL_HOLD_PRESENT -> REPEATED_LEVEL_TEST -> POST_INTERACTION_EXPANSION
4h,7,2900,2919,1687363200000,1687651199999,0.31054588855822524,17,2901,2919,4,6,4,9,11,4,PRIOR_HIGH -> PRIOR_BODY -> PRIOR_BODY -> PRIOR_BODY -> PRIOR_BODY -> PRIOR_LOW -> PRIOR_LOW -> PRIOR_LOW -> PRIOR_BODY -> PRIOR_LOW -> PRIOR_LOW -> PRIOR_HIGH -> PRIOR_HIGH -> PRIOR_BODY -> PRIOR_BODY -> PRIOR_LOW -> PRIOR_LOW,0.0,0.0,0.0,37.073333333333345,21.2816666666666,-15.791666666666746,PRIOR_LEVEL_INTERACTION -> PULLBACK_PRESENT -> REJECTION_PRESENT -> LEVEL_BREAK_PRESENT -> LEVEL_HOLD_PRESENT -> REPEATED_LEVEL_TEST -> POST_INTERACTION_EXPANSION
4h,8,7223,7242,1749614400000,1749902399999,0.306785361404897,11,7224,7242,3,2,1,5,6,2,PRIOR_BODY -> PRIOR_LOW -> PRIOR_LOW -> PRIOR_LOW -> PRIOR_LOW -> PRIOR_HIGH -> PRIOR_BODY -> PRIOR_BODY -> PRIOR_BODY -> PRIOR_BODY -> PRIOR_BODY,-0.3333333333333333,0.0,0.3333333333333333,63.09833333333336,46.528333333333116,-16.570000000000242,PRIOR_LEVEL_INTERACTION -> PULLBACK_PRESENT -> REJECTION_PRESENT -> LEVEL_BREAK_PRESENT -> LEVEL_HOLD_PRESENT -> REPEATED_LEVEL_TEST -> POST_INTERACTION_EXPANSION
4h,9,4939,4958,1716724800000,1717012799999,0.3062930836026302,11,4940,4958,4,3,2,4,8,3,PRIOR_HIGH -> PRIOR_BODY -> PRIOR_BODY -> PRIOR_HIGH -> PRIOR_BODY -> PRIOR_LOW -> PRIOR_LOW -> PRIOR_LOW -> PRIOR_BODY -> PRIOR_LOW -> PRIOR_LOW,0.0,-0.3333333333333333,-0.3333333333333333,71.9216666666667,52.96500000000007,-18.956666666666628,PRIOR_LEVEL_INTERACTION -> PULLBACK_PRESENT -> REJECTION_PRESENT -> LEVEL_BREAK_PRESENT -> LEVEL_HOLD_PRESENT -> REPEATED_LEVEL_TEST -> POST_INTERACTION_EXPANSION
4h,10,6762,6781,1742976000000,1743263999999,0.3060926861932875,13,6763,6781,2,5,1,5,6,2,PRIOR_BODY -> PRIOR_LOW -> PRIOR_LOW -> PRIOR_BODY -> PRIOR_BODY -> PRIOR_BODY -> PRIOR_LOW -> PRIOR_LOW -> PRIOR_BODY -> PRIOR_LOW -> PRIOR_BODY -> PRIOR_HIGH -> PRIOR_LOW,-0.3333333333333333,0.0,0.3333333333333333,31.856666666666758,32.32666666666663,0.4699999999998745,PRIOR_LEVEL_INTERACTION -> PULLBACK_PRESENT -> REJECTION_PRESENT -> LEVEL_BREAK_PRESENT -> LEVEL_HOLD_PRESENT -> REPEATED_LEVEL_TEST -> POST_INTERACTION_EXPANSION
4h,11,3274,3293,1692748800000,1693036799999,0.3060018420674329,16,3276,3293,6,3,1,9,11,7,PRIOR_HIGH -> PRIOR_HIGH -> PRIOR_HIGH -> PRIOR_HIGH -> PRIOR_BODY -> PRIOR_BODY -> PRIOR_HIGH -> PRIOR_BODY -> PRIOR_LOW -> PRIOR_BODY -> PRIOR_LOW -> PRIOR_LOW -> PRIOR_BODY -> PRIOR_LOW -> PRIOR_BODY -> PRIOR_BODY,0.0,0.3333333333333333,0.3333333333333333,25.724999999999984,14.340000000000032,-11.384999999999952,PRIOR_LEVEL_INTERACTION -> PULLBACK_PRESENT -> REJECTION_PRESENT -> LEVEL_BREAK_PRESENT -> LEVEL_HOLD_PRESENT -> REPEATED_LEVEL_TEST -> POST_INTERACTION_EXPANSION
4h,12,8091,8110,1762113600000,1762401599999,0.3025347724007012,12,8093,8109,4,4,3,7,4,6,PRIOR_LOW -> PRIOR_LOW -> PRIOR_LOW -> PRIOR_LOW -> PRIOR_BODY -> PRIOR_LOW -> PRIOR_LOW -> PRIOR_BODY -> PRIOR_BODY -> PRIOR_HIGH -> PRIOR_BODY -> PRIOR_HIGH,-0.3333333333333333,0.0,0.3333333333333333,116.92833333333321,74.23333333333335,-42.694999999999865,PRIOR_LEVEL_INTERACTION -> PULLBACK_PRESENT -> REJECTION_PRESENT -> LEVEL_BREAK_PRESENT -> LEVEL_HOLD_PRESENT -> REPEATED_LEVEL_TEST -> POST_INTERACTION_EXPANSION
4h,13,4783,4802,1714478400000,1714766399999,0.30232305820650707,14,4786,4802,0,7,5,9,10,2,PRIOR_BODY -> PRIOR_BODY -> PRIOR_HIGH -> PRIOR_BODY -> PRIOR_LOW -> PRIOR_LOW -> PRIOR_BODY -> PRIOR_HIGH -> PRIOR_HIGH -> PRIOR_BODY -> PRIOR_LOW -> PRIOR_BODY -> PRIOR_BODY -> PRIOR_HIGH,-0.3333333333333333,0.0,0.3333333333333333,92.95999999999988,56.46166666666651,-36.49833333333337,PRIOR_LEVEL_INTERACTION -> PULLBACK_PRESENT -> REJECTION_PRESENT -> LEVEL_HOLD_PRESENT -> REPEATED_LEVEL_TEST -> POST_INTERACTION_EXPANSION
4h,14,5353,5372,1722686400000,1722974399999,0.3021690943548673,12,5355,5372,3,5,2,7,6,4,PRIOR_BODY -> PRIOR_LOW -> PRIOR_HIGH -> PRIOR_LOW -> PRIOR_LOW -> PRIOR_BODY -> PRIOR_HIGH -> PRIOR_BODY -> PRIOR_HIGH -> PRIOR_HIGH -> PRIOR_LOW -> PRIOR_BODY,0.0,0.3333333333333333,0.3333333333333333,60.208333333333336,92.82833333333322,32.619999999999884,PRIOR_LEVEL_INTERACTION -> PULLBACK_PRESENT -> REJECTION_PRESENT -> LEVEL_BREAK_PRESENT -> LEVEL_HOLD_PRESENT -> REPEATED_LEVEL_TEST -> POST_INTERACTION_EXPANSION
4h,15,6474,6493,1738828800000,1739116799999,0.30119770414292935,16,6476,6493,3,7,2,6,11,4,PRIOR_LOW -> PRIOR_LOW -> PRIOR_LOW -> PRIOR_BODY -> PRIOR_BODY -> PRIOR_LOW -> PRIOR_LOW -> PRIOR_BODY -> PRIOR_BODY -> PRIOR_BODY -> PRIOR_BODY -> PRIOR_HIGH -> PRIOR_HIGH -> PRIOR_LOW -> PRIOR_LOW -> PRIOR_HIGH,-0.6666666666666666,-0.3333333333333333,0.3333333333333333,72.74666666666651,42.67500000000003,-30.07166666666648,PRIOR_LEVEL_INTERACTION -> PULLBACK_PRESENT -> REJECTION_PRESENT -> LEVEL_BREAK_PRESENT -> LEVEL_HOLD_PRESENT -> REPEATED_LEVEL_TEST -> POST_INTERACTION_EXPANSION
4h,16,3147,3166,1690920000000,1691207999999,0.3006036084050496,15,3148,3166,4,3,2,9,8,7,PRIOR_BODY -> PRIOR_BODY -> PRIOR_BODY -> PRIOR_LOW -> PRIOR_BODY -> PRIOR_BODY -> PRIOR_LOW -> PRIOR_BODY -> PRIOR_HIGH -> PRIOR_LOW -> PRIOR_BODY -> PRIOR_BODY -> PRIOR_LOW -> PRIOR_LOW -> PRIOR_HIGH,-0.3333333333333333,0.0,0.3333333333333333,19.11333333333327,13.40999999999993,-5.7033333333333385,PRIOR_LEVEL_INTERACTION -> PULLBACK_PRESENT -> REJECTION_PRESENT -> LEVEL_BREAK_PRESENT -> LEVEL_HOLD_PRESENT -> REPEATED_LEVEL_TEST -> POST_INTERACTION_EXPANSION
4h,17,529,548,1653220800000,1653508799999,0.3005878781476463,10,532,548,4,3,1,7,6,3,PRIOR_HIGH -> PRIOR_BODY -> PRIOR_LOW -> PRIOR_LOW -> PRIOR_LOW -> PRIOR_BODY -> PRIOR_HIGH -> PRIOR_LOW -> PRIOR_BODY -> PRIOR_LOW,0.3333333333333333,0.0,-0.3333333333333333,41.65166666666661,43.68666666666669,2.035000000000082,PRIOR_LEVEL_INTERACTION -> PULLBACK_PRESENT -> REJECTION_PRESENT -> LEVEL_BREAK_PRESENT -> LEVEL_HOLD_PRESENT -> REPEATED_LEVEL_TEST -> POST_INTERACTION_EXPANSION
4h,18,1728,1747,1670486400000,1670774399999,0.296204025641452,14,1729,1747,3,3,3,9,7,4,PRIOR_BODY -> PRIOR_HIGH -> PRIOR_BODY -> PRIOR_HIGH -> PRIOR_LOW -> PRIOR_BODY -> PRIOR_LOW -> PRIOR_BODY -> PRIOR_BODY -> PRIOR_BODY -> PRIOR_BODY -> PRIOR_LOW -> PRIOR_BODY -> PRIOR_HIGH,0.3333333333333333,-0.3333333333333333,-0.6666666666666666,19.254999999999995,9.305000000000026,-9.949999999999969,PRIOR_LEVEL_INTERACTION -> PULLBACK_PRESENT -> REJECTION_PRESENT -> LEVEL_BREAK_PRESENT -> LEVEL_HOLD_PRESENT -> REPEATED_LEVEL_TEST -> POST_INTERACTION_EXPANSION
4h,19,8006,8025,1760889600000,1761177599999,0.2959883142294938,16,8007,8024,4,7,3,7,10,7,PRIOR_BODY -> PRIOR_HIGH -> PRIOR_HIGH -> PRIOR_HIGH -> PRIOR_BODY -> PRIOR_BODY -> PRIOR_LOW -> PRIOR_LOW -> PRIOR_LOW -> PRIOR_HIGH -> PRIOR_BODY -> PRIOR_LOW -> PRIOR_LOW -> PRIOR_BODY -> PRIOR_LOW -> PRIOR_LOW,0.0,0.0,0.0,71.28500000000001,82.25833333333337,10.973333333333358,PRIOR_LEVEL_INTERACTION -> PULLBACK_PRESENT -> REJECTION_PRESENT -> LEVEL_BREAK_PRESENT -> LEVEL_HOLD_PRESENT -> REPEATED_LEVEL_TEST -> POST_INTERACTION_EXPANSION
4h,20,9321,9340,1779825600000,1780113599999,0.29596488452121533,14,9323,9340,5,4,1,8,4,5,PRIOR_HIGH -> PRIOR_HIGH -> PRIOR_BODY -> PRIOR_LOW -> PRIOR_LOW -> PRIOR_BODY -> PRIOR_HIGH -> PRIOR_BODY -> PRIOR_BODY -> PRIOR_HIGH -> PRIOR_LOW -> PRIOR_HIGH -> PRIOR_BODY -> PRIOR_LOW,-0.6666666666666666,0.0,0.6666666666666666,25.17666666666666,29.35333333333328,4.17666666666662,PRIOR_LEVEL_INTERACTION -> PULLBACK_PRESENT -> REJECTION_PRESENT -> LEVEL_BREAK_PRESENT -> LEVEL_HOLD_PRESENT -> REPEATED_LEVEL_TEST -> POST_INTERACTION_EXPANSION
4h,21,6995,7014,1746331200000,1746619199999,0.295415198889369,14,6996,7014,3,6,5,8,7,3,PRIOR_LOW -> PRIOR_BODY -> PRIOR_HIGH -> PRIOR_LOW -> PRIOR_LOW -> PRIOR_BODY -> PRIOR_BODY -> PRIOR_HIGH -> PRIOR_LOW -> PRIOR_LOW -> PRIOR_LOW -> PRIOR_BODY -> PRIOR_HIGH -> PRIOR_BODY,-0.3333333333333333,0.6666666666666666,1.0,23.70833333333337,30.673333333333364,6.964999999999993,PRIOR_LEVEL_INTERACTION -> PULLBACK_PRESENT -> REJECTION_PRESENT -> LEVEL_BREAK_PRESENT -> LEVEL_HOLD_PRESENT -> REPEATED_LEVEL_TEST -> POST_INTERACTION_EXPANSION
4h,22,4944,4963,1716796800000,1717084799999,0.2945715490571879,13,4947,4963,5,6,2,7,8,2,PRIOR_LOW -> PRIOR_LOW -> PRIOR_LOW -> PRIOR_LOW -> PRIOR_LOW -> PRIOR_BODY -> PRIOR_LOW -> PRIOR_LOW -> PRIOR_LOW -> PRIOR_LOW -> PRIOR_HIGH -> PRIOR_BODY -> PRIOR_LOW,-0.3333333333333333,0.3333333333333333,0.6666666666666666,74.29166666666667,57.0333333333333,-17.25833333333337,PRIOR_LEVEL_INTERACTION -> PULLBACK_PRESENT -> REJECTION_PRESENT -> LEVEL_BREAK_PRESENT -> LEVEL_HOLD_PRESENT -> REPEATED_LEVEL_TEST -> POST_INTERACTION_EXPANSION
4h,23,2769,2788,1685476800000,1685764799999,0.2944653126117805,16,2770,2788,5,7,3,8,12,6,PRIOR_LOW -> PRIOR_LOW -> PRIOR_LOW -> PRIOR_BODY -> PRIOR_BODY -> PRIOR_LOW -> PRIOR_LOW -> PRIOR_LOW -> PRIOR_BODY -> PRIOR_LOW -> PRIOR_BODY -> PRIOR_LOW -> PRIOR_HIGH -> PRIOR_HIGH -> PRIOR_HIGH -> PRIOR_HIGH,-0.6666666666666666,0.0,0.6666666666666666,22.655000000000012,16.650000000000016,-6.0049999999999955,PRIOR_LEVEL_INTERACTION -> PULLBACK_PRESENT -> REJECTION_PRESENT -> LEVEL_BREAK_PRESENT -> LEVEL_HOLD_PRESENT -> REPEATED_LEVEL_TEST -> POST_INTERACTION_EXPANSION
4h,24,9109,9128,1776772800000,1777060799999,0.293969646000924,14,9110,9128,6,4,1,10,8,4,PRIOR_HIGH -> PRIOR_HIGH -> PRIOR_HIGH -> PRIOR_BODY -> PRIOR_HIGH -> PRIOR_LOW -> PRIOR_BODY -> PRIOR_LOW -> PRIOR_BODY -> PRIOR_LOW -> PRIOR_LOW -> PRIOR_HIGH -> PRIOR_HIGH -> PRIOR_BODY,0.3333333333333333,0.0,-0.3333333333333333,43.05000000000003,25.71166666666674,-17.338333333333292,PRIOR_LEVEL_INTERACTION -> PULLBACK_PRESENT -> REJECTION_PRESENT -> LEVEL_BREAK_PRESENT -> LEVEL_HOLD_PRESENT -> REPEATED_LEVEL_TEST -> POST_INTERACTION_EXPANSION
4h,25,1700,1719,1670083200000,1670371199999,0.2939434656237131,15,1703,1719,2,7,2,7,8,7,PRIOR_BODY -> PRIOR_LOW -> PRIOR_BODY -> PRIOR_BODY -> PRIOR_HIGH -> PRIOR_HIGH -> PRIOR_HIGH -> PRIOR_BODY -> PRIOR_LOW -> PRIOR_LOW -> PRIOR_BODY -> PRIOR_BODY -> PRIOR_LOW -> PRIOR_LOW -> PRIOR_HIGH,-0.16666666666666666,-0.3333333333333333,-0.16666666666666666,16.973333333333358,17.389999999999947,0.4166666666665897,PRIOR_LEVEL_INTERACTION -> PULLBACK_PRESENT -> REJECTION_PRESENT -> LEVEL_BREAK_PRESENT -> LEVEL_HOLD_PRESENT -> REPEATED_LEVEL_TEST -> POST_INTERACTION_EXPANSION
1d,1,1065,1084,1622419200000,1624147199999,0.27433409943675846,11,1066,1084,2,5,1,6,6,1,PRIOR_HIGH -> PRIOR_BODY -> PRIOR_HIGH -> PRIOR_LOW -> PRIOR_HIGH -> PRIOR_LOW -> PRIOR_LOW -> PRIOR_BODY -> PRIOR_BODY -> PRIOR_BODY -> PRIOR_LOW,0.0,-0.3333333333333333,-0.3333333333333333,286.6666666666666,166.02166666666676,-120.64499999999981,PRIOR_LEVEL_INTERACTION -> PULLBACK_PRESENT -> REJECTION_PRESENT -> LEVEL_BREAK_PRESENT -> LEVEL_HOLD_PRESENT -> REPEATED_LEVEL_TEST -> POST_INTERACTION_EXPANSION
1d,2,1891,1910,1693785600000,1695513599999,0.2738171051226423,14,1892,1910,2,3,2,8,9,3,PRIOR_BODY -> PRIOR_BODY -> PRIOR_HIGH -> PRIOR_LOW -> PRIOR_BODY -> PRIOR_LOW -> PRIOR_LOW -> PRIOR_HIGH -> PRIOR_BODY -> PRIOR_BODY -> PRIOR_BODY -> PRIOR_BODY -> PRIOR_BODY -> PRIOR_BODY,-0.3333333333333333,0.3333333333333333,0.6666666666666666,35.7883333333333,39.93166666666665,4.143333333333352,PRIOR_LEVEL_INTERACTION -> PULLBACK_PRESENT -> REJECTION_PRESENT -> LEVEL_BREAK_PRESENT -> LEVEL_HOLD_PRESENT -> REPEATED_LEVEL_TEST -> POST_INTERACTION_EXPANSION
1d,3,391,410,1564185600000,1565913599999,0.2734563558174049,17,392,410,6,4,2,7,11,4,PRIOR_BODY -> PRIOR_BODY -> PRIOR_BODY -> PRIOR_BODY -> PRIOR_BODY -> PRIOR_HIGH -> PRIOR_HIGH -> PRIOR_BODY -> PRIOR_HIGH -> PRIOR_LOW -> PRIOR_LOW -> PRIOR_LOW -> PRIOR_LOW -> PRIOR_LOW -> PRIOR_BODY -> PRIOR_LOW -> PRIOR_LOW,-0.3333333333333333,-0.3333333333333333,0.0,12.203333333333338,12.615000000000004,0.4116666666666653,PRIOR_LEVEL_INTERACTION -> PULLBACK_PRESENT -> REJECTION_PRESENT -> LEVEL_BREAK_PRESENT -> LEVEL_HOLD_PRESENT -> REPEATED_LEVEL_TEST -> POST_INTERACTION_EXPANSION
1d,4,144,163,1542844800000,1544572799999,0.2721544206195058,11,145,162,3,6,4,6,4,4,PRIOR_LOW -> PRIOR_LOW -> PRIOR_LOW -> PRIOR_BODY -> PRIOR_LOW -> PRIOR_LOW -> PRIOR_LOW -> PRIOR_BODY -> PRIOR_LOW -> PRIOR_HIGH -> PRIOR_LOW,-0.3333333333333333,-0.3333333333333333,0.0,15.005000000000003,10.958333333333337,-4.046666666666665,PRIOR_LEVEL_INTERACTION -> PULLBACK_PRESENT -> REJECTION_PRESENT -> LEVEL_BREAK_PRESENT -> LEVEL_HOLD_PRESENT -> REPEATED_LEVEL_TEST -> POST_INTERACTION_EXPANSION
1d,5,2714,2733,1764892800000,1766620799999,0.2714769692971006,14,2715,2730,3,1,1,6,9,5,PRIOR_BODY -> PRIOR_BODY -> PRIOR_BODY -> PRIOR_BODY -> PRIOR_HIGH -> PRIOR_HIGH -> PRIOR_BODY -> PRIOR_BODY -> PRIOR_BODY -> PRIOR_LOW -> PRIOR_BODY -> PRIOR_LOW -> PRIOR_BODY -> PRIOR_BODY,0.6666666666666666,0.0,-0.6666666666666666,185.86333333333337,108.21333333333337,-77.65,PRIOR_LEVEL_INTERACTION -> PULLBACK_PRESENT -> REJECTION_PRESENT -> LEVEL_BREAK_PRESENT -> LEVEL_HOLD_PRESENT -> REPEATED_LEVEL_TEST -> POST_INTERACTION_EXPANSION
1d,6,981,1000,1615161600000,1616889599999,0.2688190496102354,11,983,1000,3,2,0,7,6,4,PRIOR_LOW -> PRIOR_HIGH -> PRIOR_HIGH -> PRIOR_BODY -> PRIOR_BODY -> PRIOR_LOW -> PRIOR_BODY -> PRIOR_BODY -> PRIOR_LOW -> PRIOR_BODY -> PRIOR_BODY,0.3333333333333333,0.0,-0.3333333333333333,138.71666666666667,113.41166666666663,-25.305000000000035,PRIOR_LEVEL_INTERACTION -> PULLBACK_PRESENT -> LEVEL_BREAK_PRESENT -> LEVEL_HOLD_PRESENT -> REPEATED_LEVEL_TEST -> POST_INTERACTION_EXPANSION
1d,7,1072,1091,1623024000000,1624751999999,0.26519060866981164,12,1074,1091,5,4,1,7,4,1,PRIOR_HIGH -> PRIOR_LOW -> PRIOR_LOW -> PRIOR_BODY -> PRIOR_BODY -> PRIOR_BODY -> PRIOR_HIGH -> PRIOR_LOW -> PRIOR_LOW -> PRIOR_LOW -> PRIOR_LOW -> PRIOR_LOW,-0.3333333333333333,0.0,0.3333333333333333,231.54333333333338,238.5433333333333,6.999999999999915,PRIOR_LEVEL_INTERACTION -> PULLBACK_PRESENT -> REJECTION_PRESENT -> LEVEL_BREAK_PRESENT -> LEVEL_HOLD_PRESENT -> REPEATED_LEVEL_TEST -> POST_INTERACTION_EXPANSION
1d,8,2896,2915,1780617600000,1782345599999,0.2647747289045391,17,2897,2915,3,7,3,8,12,4,PRIOR_LOW -> PRIOR_BODY -> PRIOR_HIGH -> PRIOR_BODY -> PRIOR_BODY -> PRIOR_BODY -> PRIOR_HIGH -> PRIOR_HIGH -> PRIOR_HIGH -> PRIOR_BODY -> PRIOR_HIGH -> PRIOR_LOW -> PRIOR_BODY -> PRIOR_BODY -> PRIOR_LOW -> PRIOR_HIGH -> PRIOR_HIGH,-0.6666666666666666,0.0,0.6666666666666666,117.50833333333337,73.27000000000002,-44.238333333333344,PRIOR_LEVEL_INTERACTION -> PULLBACK_PRESENT -> REJECTION_PRESENT -> LEVEL_BREAK_PRESENT -> LEVEL_HOLD_PRESENT -> REPEATED_LEVEL_TEST -> POST_INTERACTION_EXPANSION
1d,9,662,681,1587600000000,1589327999999,0.2638811950598586,13,664,680,2,3,1,5,7,4,PRIOR_HIGH -> PRIOR_HIGH -> PRIOR_HIGH -> PRIOR_BODY -> PRIOR_BODY -> PRIOR_BODY -> PRIOR_HIGH -> PRIOR_BODY -> PRIOR_BODY -> PRIOR_BODY -> PRIOR_BODY -> PRIOR_BODY -> PRIOR_LOW,0.3333333333333333,-0.3333333333333333,-0.6666666666666666,9.458333333333337,14.905000000000001,5.446666666666664,PRIOR_LEVEL_INTERACTION -> PULLBACK_PRESENT -> REJECTION_PRESENT -> LEVEL_BREAK_PRESENT -> LEVEL_HOLD_PRESENT -> REPEATED_LEVEL_TEST -> POST_INTERACTION_EXPANSION
1d,10,1068,1087,1622678400000,1624406399999,0.26183563727713444,12,1069,1087,3,5,2,7,3,1,PRIOR_LOW -> PRIOR_BODY -> PRIOR_LOW -> PRIOR_HIGH -> PRIOR_LOW -> PRIOR_LOW -> PRIOR_BODY -> PRIOR_BODY -> PRIOR_BODY -> PRIOR_HIGH -> PRIOR_LOW -> PRIOR_LOW,-0.3333333333333333,-0.3333333333333333,0.0,254.46999999999994,240.35333333333335,-14.116666666666589,PRIOR_LEVEL_INTERACTION -> PULLBACK_PRESENT -> REJECTION_PRESENT -> LEVEL_BREAK_PRESENT -> LEVEL_HOLD_PRESENT -> REPEATED_LEVEL_TEST -> POST_INTERACTION_EXPANSION
1d,11,1234,1253,1637020800000,1638748799999,0.26182512670138164,16,1235,1253,3,5,1,11,10,6,PRIOR_LOW -> PRIOR_HIGH -> PRIOR_BODY -> PRIOR_BODY -> PRIOR_HIGH -> PRIOR_BODY -> PRIOR_BODY -> PRIOR_BODY -> PRIOR_HIGH -> PRIOR_LOW -> PRIOR_HIGH -> PRIOR_BODY -> PRIOR_BODY -> PRIOR_HIGH -> PRIOR_BODY -> PRIOR_LOW,0.0,-0.3333333333333333,-0.3333333333333333,311.02333333333354,406.2200000000001,95.19666666666654,PRIOR_LEVEL_INTERACTION -> PULLBACK_PRESENT -> REJECTION_PRESENT -> LEVEL_BREAK_PRESENT -> LEVEL_HOLD_PRESENT -> REPEATED_LEVEL_TEST -> POST_INTERACTION_EXPANSION
1d,12,1795,1814,1685491200000,1687219199999,0.26131651866956906,13,1796,1814,1,6,2,8,6,4,PRIOR_BODY -> PRIOR_HIGH -> PRIOR_HIGH -> PRIOR_BODY -> PRIOR_BODY -> PRIOR_BODY -> PRIOR_LOW -> PRIOR_LOW -> PRIOR_LOW -> PRIOR_LOW -> PRIOR_LOW -> PRIOR_BODY -> PRIOR_BODY,-0.6666666666666666,0.3333333333333333,1.0,56.87166666666675,66.65166666666669,9.779999999999937,PRIOR_LEVEL_INTERACTION -> PULLBACK_PRESENT -> REJECTION_PRESENT -> LEVEL_BREAK_PRESENT -> LEVEL_HOLD_PRESENT -> REPEATED_LEVEL_TEST -> POST_INTERACTION_EXPANSION
1d,13,2444,2463,1741564800000,1743292799999,0.2608597763334945,15,2445,2463,4,3,1,9,9,4,PRIOR_BODY -> PRIOR_LOW -> PRIOR_BODY -> PRIOR_BODY -> PRIOR_BODY -> PRIOR_BODY -> PRIOR_BODY -> PRIOR_BODY -> PRIOR_HIGH -> PRIOR_HIGH -> PRIOR_HIGH -> PRIOR_BODY -> PRIOR_HIGH -> PRIOR_LOW -> PRIOR_LOW,0.0,-0.6666666666666666,-0.6666666666666666,153.44000000000005,101.22000000000003,-52.22000000000003,PRIOR_LEVEL_INTERACTION -> PULLBACK_PRESENT -> REJECTION_PRESENT -> LEVEL_BREAK_PRESENT -> LEVEL_HOLD_PRESENT -> REPEATED_LEVEL_TEST -> POST_INTERACTION_EXPANSION
1d,14,2231,2250,1723161600000,1724889599999,0.26057492887255074,16,2232,2250,3,7,1,11,13,6,PRIOR_BODY -> PRIOR_LOW -> PRIOR_HIGH -> PRIOR_HIGH -> PRIOR_BODY -> PRIOR_BODY -> PRIOR_LOW -> PRIOR_BODY -> PRIOR_LOW -> PRIOR_HIGH -> PRIOR_BODY -> PRIOR_HIGH -> PRIOR_HIGH -> PRIOR_BODY -> PRIOR_HIGH -> PRIOR_LOW,-0.3333333333333333,0.0,0.3333333333333333,153.06000000000003,143.94999999999996,-9.11000000000007,PRIOR_LEVEL_INTERACTION -> PULLBACK_PRESENT -> REJECTION_PRESENT -> LEVEL_BREAK_PRESENT -> LEVEL_HOLD_PRESENT -> REPEATED_LEVEL_TEST -> POST_INTERACTION_EXPANSION
1d,15,1791,1810,1685145600000,1686873599999,0.26017771827303643,11,1794,1810,2,4,2,7,4,4,PRIOR_BODY -> PRIOR_LOW -> PRIOR_BODY -> PRIOR_HIGH -> PRIOR_BODY -> PRIOR_BODY -> PRIOR_BODY -> PRIOR_LOW -> PRIOR_LOW -> PRIOR_LOW -> PRIOR_LOW,0.0,-0.3333333333333333,-0.3333333333333333,53.02499999999998,71.53833333333334,18.513333333333364,PRIOR_LEVEL_INTERACTION -> PULLBACK_PRESENT -> REJECTION_PRESENT -> LEVEL_BREAK_PRESENT -> LEVEL_HOLD_PRESENT -> REPEATED_LEVEL_TEST -> POST_INTERACTION_EXPANSION
1d,16,1321,1340,1644537600000,1646265599999,0.25983361705314156,8,1323,1338,2,3,0,4,4,5,PRIOR_LOW -> PRIOR_BODY -> PRIOR_BODY -> PRIOR_LOW -> PRIOR_LOW -> PRIOR_BODY -> PRIOR_LOW -> PRIOR_LOW,-0.3333333333333333,0.3333333333333333,0.6666666666666666,177.97166666666658,231.43833333333328,53.4666666666667,PRIOR_LEVEL_INTERACTION -> PULLBACK_PRESENT -> LEVEL_BREAK_PRESENT -> LEVEL_HOLD_PRESENT -> REPEATED_LEVEL_TEST -> POST_INTERACTION_EXPANSION
1d,17,1446,1465,1655337600000,1657065599999,0.2593606741549332,13,1447,1465,1,4,2,8,7,3,PRIOR_LOW -> PRIOR_BODY -> PRIOR_BODY -> PRIOR_BODY -> PRIOR_BODY -> PRIOR_HIGH -> PRIOR_HIGH -> PRIOR_HIGH -> PRIOR_BODY -> PRIOR_BODY -> PRIOR_BODY -> PRIOR_BODY -> PRIOR_LOW,-0.3333333333333333,0.0,0.3333333333333333,152.24166666666665,84.07000000000005,-68.1716666666666,PRIOR_LEVEL_INTERACTION -> PULLBACK_PRESENT -> REJECTION_PRESENT -> LEVEL_BREAK_PRESENT -> LEVEL_HOLD_PRESENT -> REPEATED_LEVEL_TEST -> POST_INTERACTION_EXPANSION
1d,18,23,42,1532390400000,1534118399999,0.2587049972105805,12,24,42,5,3,1,5,3,6,PRIOR_BODY -> PRIOR_HIGH -> PRIOR_HIGH -> PRIOR_BODY -> PRIOR_LOW -> PRIOR_BODY -> PRIOR_LOW -> PRIOR_HIGH -> PRIOR_BODY -> PRIOR_LOW -> PRIOR_LOW -> PRIOR_LOW,-0.3333333333333333,-0.3333333333333333,0.0,20.38499999999999,29.715000000000003,9.330000000000013,PRIOR_LEVEL_INTERACTION -> PULLBACK_PRESENT -> REJECTION_PRESENT -> LEVEL_BREAK_PRESENT -> LEVEL_HOLD_PRESENT -> REPEATED_LEVEL_TEST -> POST_INTERACTION_EXPANSION
1d,19,281,300,1554681600000,1556409599999,0.25775985473890634,14,283,297,4,3,1,6,8,4,PRIOR_BODY -> PRIOR_BODY -> PRIOR_LOW -> PRIOR_BODY -> PRIOR_LOW -> PRIOR_LOW -> PRIOR_HIGH -> PRIOR_BODY -> PRIOR_BODY -> PRIOR_HIGH -> PRIOR_BODY -> PRIOR_LOW -> PRIOR_BODY -> PRIOR_LOW,-0.3333333333333333,0.0,0.3333333333333333,11.848333333333324,10.025000000000011,-1.8233333333333128,PRIOR_LEVEL_INTERACTION -> PULLBACK_PRESENT -> REJECTION_PRESENT -> LEVEL_BREAK_PRESENT -> LEVEL_HOLD_PRESENT -> REPEATED_LEVEL_TEST -> POST_INTERACTION_EXPANSION
1d,20,979,998,1614988800000,1616716799999,0.2577281015079168,12,981,998,5,2,0,7,6,3,PRIOR_HIGH -> PRIOR_LOW -> PRIOR_HIGH -> PRIOR_HIGH -> PRIOR_BODY -> PRIOR_BODY -> PRIOR_LOW -> PRIOR_HIGH -> PRIOR_BODY -> PRIOR_BODY -> PRIOR_LOW -> PRIOR_BODY,0.6666666666666666,-0.6666666666666666,-1.3333333333333333,125.99166666666667,106.36666666666663,-19.625000000000043,PRIOR_LEVEL_INTERACTION -> PULLBACK_PRESENT -> LEVEL_BREAK_PRESENT -> LEVEL_HOLD_PRESENT -> REPEATED_LEVEL_TEST -> POST_INTERACTION_EXPANSION
1d,21,68,87,1536278400000,1538006399999,0.2574517554701999,16,70,87,5,4,1,8,10,3,PRIOR_BODY -> PRIOR_BODY -> PRIOR_LOW -> PRIOR_LOW -> PRIOR_BODY -> PRIOR_HIGH -> PRIOR_HIGH -> PRIOR_HIGH -> PRIOR_BODY -> PRIOR_BODY -> PRIOR_BODY -> PRIOR_HIGH -> PRIOR_HIGH -> PRIOR_BODY -> PRIOR_HIGH -> PRIOR_HIGH,-0.6666666666666666,-0.3333333333333333,0.3333333333333333,22.20333333333333,21.349999999999994,-0.8533333333333353,PRIOR_LEVEL_INTERACTION -> PULLBACK_PRESENT -> REJECTION_PRESENT -> LEVEL_BREAK_PRESENT -> LEVEL_HOLD_PRESENT -> REPEATED_LEVEL_TEST -> POST_INTERACTION_EXPANSION
1d,22,2782,2801,1770768000000,1772495999999,0.2568240925431699,13,2783,2801,1,5,3,7,8,5,PRIOR_LOW -> PRIOR_HIGH -> PRIOR_BODY -> PRIOR_BODY -> PRIOR_LOW -> PRIOR_BODY -> PRIOR_BODY -> PRIOR_BODY -> PRIOR_LOW -> PRIOR_BODY -> PRIOR_LOW -> PRIOR_LOW -> PRIOR_BODY,0.3333333333333333,0.0,-0.3333333333333333,118.045,175.52833333333334,57.483333333333334,PRIOR_LEVEL_INTERACTION -> PULLBACK_PRESENT -> REJECTION_PRESENT -> LEVEL_BREAK_PRESENT -> LEVEL_HOLD_PRESENT -> REPEATED_LEVEL_TEST -> POST_INTERACTION_EXPANSION
1d,23,1055,1074,1621555200000,1623283199999,0.25656555663145875,14,1057,1074,4,7,1,9,10,1,PRIOR_LOW -> PRIOR_LOW -> PRIOR_HIGH -> PRIOR_HIGH -> PRIOR_HIGH -> PRIOR_HIGH -> PRIOR_HIGH -> PRIOR_HIGH -> PRIOR_LOW -> PRIOR_HIGH -> PRIOR_HIGH -> PRIOR_BODY -> PRIOR_BODY -> PRIOR_BODY,0.0,-0.3333333333333333,-0.3333333333333333,510.64833333333337,253.10333333333332,-257.5450000000001,PRIOR_LEVEL_INTERACTION -> PULLBACK_PRESENT -> REJECTION_PRESENT -> LEVEL_BREAK_PRESENT -> LEVEL_HOLD_PRESENT -> REPEATED_LEVEL_TEST -> POST_INTERACTION_EXPANSION
1d,24,1571,1590,1666137600000,1667865599999,0.2555745519677011,13,1572,1590,3,6,2,9,4,7,PRIOR_LOW -> PRIOR_BODY -> PRIOR_HIGH -> PRIOR_BODY -> PRIOR_BODY -> PRIOR_HIGH -> PRIOR_LOW -> PRIOR_HIGH -> PRIOR_LOW -> PRIOR_BODY -> PRIOR_HIGH -> PRIOR_LOW -> PRIOR_LOW,0.0,-0.3333333333333333,-0.3333333333333333,45.40666666666664,82.99833333333329,37.591666666666654,PRIOR_LEVEL_INTERACTION -> PULLBACK_PRESENT -> REJECTION_PRESENT -> LEVEL_BREAK_PRESENT -> LEVEL_HOLD_PRESENT -> REPEATED_LEVEL_TEST -> POST_INTERACTION_EXPANSION
1d,25,1873,1892,1692230400000,1693958399999,0.254708755165269,14,1875,1892,3,4,3,8,11,4,PRIOR_BODY -> PRIOR_BODY -> PRIOR_HIGH -> PRIOR_LOW -> PRIOR_BODY -> PRIOR_BODY -> PRIOR_BODY -> PRIOR_BODY -> PRIOR_HIGH -> PRIOR_LOW -> PRIOR_BODY -> PRIOR_LOW -> PRIOR_LOW -> PRIOR_LOW,-0.3333333333333333,-0.3333333333333333,0.0,87.0116666666667,42.89333333333332,-44.11833333333338,PRIOR_LEVEL_INTERACTION -> PULLBACK_PRESENT -> REJECTION_PRESENT -> LEVEL_BREAK_PRESENT -> LEVEL_HOLD_PRESENT -> REPEATED_LEVEL_TEST -> POST_INTERACTION_EXPANSION
