timeframe,rank,similarity,candidate_start,candidate_end,local_index,open_time,prior_high,prior_low,prior_body_high,prior_body_low,current_high,current_low,current_close
1m,1,0.2277370034458535,20590,20609,1.0,1789049400000.0,2432.87,2430.0,2432.86,2430.92,2434.97,2430.59,2430.66
1m,1,0.2277370034458535,20590,20609,2.0,1789049460000.0,2434.97,2430.59,2432.87,2430.66,2433.64,2430.65,2433.19
1m,1,0.2277370034458535,20590,20609,3.0,1789049520000.0,2433.64,2430.65,2433.19,2430.66,2436.22,2433.19,2434.13
1m,1,0.2277370034458535,20590,20609,4.0,1789049580000.0,2436.22,2433.19,2434.13,2433.19,2434.63,2432.95,2433.86
1m,1,0.2277370034458535,20590,20609,5.0,1789049640000.0,2434.63,2432.95,2434.14,2433.86,2434.15,2431.83,2432.07
1m,1,0.2277370034458535,20590,20609,6.0,1789049700000.0,2434.15,2431.83,2433.86,2432.07,2432.08,2430.62,2430.86
1m,1,0.2277370034458535,20590,20609,7.0,1789049760000.0,2432.08,2430.62,2432.07,2430.86,2430.86,2428.66,2430.73
1m,1,0.2277370034458535,20590,20609,8.0,1789049820000.0,2430.86,2428.66,2430.86,2430.73,2431.72,2428.66,2430.15
1m,1,0.2277370034458535,20590,20609,9.0,1789049880000.0,2431.72,2428.66,2430.73,2430.15,2430.18,2428.86,2429.94
1m,1,0.2277370034458535,20590,20609,10.0,1789049940000.0,2430.18,2428.86,2430.16,2429.94,2434.31,2429.95,2434.01
1m,1,0.2277370034458535,20590,20609,11.0,1789050000000.0,2434.31,2429.95,2434.01,2429.95,2435.05,2433.47,2434.4
1m,1,0.2277370034458535,20590,20609,12.0,1789050060000.0,2435.05,2433.47,2434.4,2434.01,2434.45,2432.39,2434.45
1m,1,0.2277370034458535,20590,20609,13.0,1789050120000.0,2434.45,2432.39,2434.45,2434.4,2437.98,2434.45,2437.57
1m,1,0.2277370034458535,20590,20609,14.0,1789050180000.0,2437.98,2434.45,2437.57,2434.45,2438.75,2436.21,2437.98
1m,1,0.2277370034458535,20590,20609,15.0,1789050240000.0,2438.75,2436.21,2437.98,2437.57,2444.84,2437.07,2441.27
1m,1,0.2277370034458535,20590,20609,16.0,1789050300000.0,2444.84,2437.07,2441.27,2437.98,2443.7,2441.27,2442.15
1m,1,0.2277370034458535,20590,20609,17.0,1789050360000.0,2443.7,2441.27,2442.15,2441.27,2442.19,2438.57,2440.14
1m,1,0.2277370034458535,20590,20609,18.0,1789050420000.0,2442.19,2438.57,2442.14,2440.14,2441.42,2439.21,2440.96
1m,1,0.2277370034458535,20590,20609,19.0,1789050480000.0,2441.42,2439.21,2440.96,2440.14,2442.86,2440.97,2442.85
1m,2,0.2190209695900002,10381,10400,1.0,1788436860000.0,2407.31,2405.86,2407.2,2406.76,2407.27,2406.15,2406.23
1m,2,0.2190209695900002,10381,10400,2.0,1788436920000.0,2407.27,2406.15,2406.76,2406.23,2407.71,2406.24,2407.71
1m,2,0.2190209695900002,10381,10400,3.0,1788436980000.0,2407.71,2406.24,2407.71,2406.24,2407.71,2406.61,2406.61
1m,2,0.2190209695900002,10381,10400,4.0,1788437040000.0,2407.71,2406.61,2407.7,2406.61,2407.29,2405.4,2407.28
1m,2,0.2190209695900002,10381,10400,5.0,1788437100000.0,2407.29,2405.4,2407.28,2406.6,2407.6,2407.27,2407.59
1m,2,0.2190209695900002,10381,10400,6.0,1788437160000.0,2407.6,2407.27,2407.59,2407.29,2407.59,2406.58,2406.68
1m,2,0.2190209695900002,10381,10400,7.0,1788437220000.0,2407.59,2406.58,2407.59,2406.68,2406.8,2405.52,2406.11
1m,2,0.2190209695900002,10381,10400,8.0,1788437280000.0,2406.8,2405.52,2406.68,2406.11,2406.6,2405.09,2405.59
1m,2,0.2190209695900002,10381,10400,9.0,1788437340000.0,2406.6,2405.09,2406.11,2405.59,2407.41,2405.6,2407.4
1m,2,0.2190209695900002,10381,10400,10.0,1788437400000.0,2407.41,2405.6,2407.4,2405.6,2410.0,2407.22,2409.98
1m,2,0.2190209695900002,10381,10400,11.0,1788437460000.0,2410.0,2407.22,2409.98,2407.4,2411.13,2409.55,2410.33
1m,2,0.2190209695900002,10381,10400,12.0,1788437520000.0,2411.13,2409.55,2410.33,2409.98,2410.33,2408.65,2409.25
1m,2,0.2190209695900002,10381,10400,13.0,1788437580000.0,2410.33,2408.65,2410.33,2409.25,2409.46,2407.92,2409.26
1m,2,0.2190209695900002,10381,10400,14.0,1788437640000.0,2409.46,2407.92,2409.26,2409.24,2409.93,2408.82,2409.77
1m,2,0.2190209695900002,10381,10400,15.0,1788437700000.0,2409.93,2408.82,2409.77,2409.26,2411.87,2409.32,2411.65
1m,2,0.2190209695900002,10381,10400,16.0,1788437760000.0,2411.87,2409.32,2411.65,2409.76,2411.93,2409.14,2409.67
1m,2,0.2190209695900002,10381,10400,17.0,1788437820000.0,2411.93,2409.14,2411.64,2409.67,2411.61,2407.94,2407.99
1m,2,0.2190209695900002,10381,10400,18.0,1788437880000.0,2411.61,2407.94,2409.67,2407.99,2408.0,2406.64,2407.24
1m,2,0.2190209695900002,10381,10400,19.0,1788437940000.0,2408.0,2406.64,2407.98,2407.24,2407.52,2407.05,2407.35
1m,3,0.21503974953568714,131,150,1.0,1787821860000.0,2535.58,2532.33,2535.58,2532.34,2536.91,2535.4,2535.65
1m,3,0.21503974953568714,131,150,2.0,1787821920000.0,2536.91,2535.4,2535.65,2535.58,2536.14,2534.69,2534.7
1m,3,0.21503974953568714,131,150,3.0,1787821980000.0,2536.14,2534.69,2535.65,2534.7,2535.72,2534.69,2535.02
1m,3,0.21503974953568714,131,150,4.0,1787822040000.0,2535.72,2534.69,2535.02,2534.7,2535.62,2533.6,2535.61
1m,3,0.21503974953568714,131,150,5.0,1787822100000.0,2535.62,2533.6,2535.61,2535.01,2536.0,2532.31,2533.29
1m,3,0.21503974953568714,131,150,6.0,1787822160000.0,2536.0,2532.31,2535.62,2533.29,2535.73,2533.28,2535.73
1m,3,0.21503974953568714,131,150,7.0,1787822220000.0,2535.73,2533.28,2535.73,2533.29,2535.9,2534.16,2535.61
1m,3,0.21503974953568714,131,150,8.0,1787822280000.0,2535.9,2534.16,2535.72,2535.61,2535.61,2531.16,2532.95
1m,3,0.21503974953568714,131,150,9.0,1787822340000.0,2535.61,2531.16,2535.61,2532.95,2537.67,2532.94,2537.66
1m,3,0.21503974953568714,131,150,10.0,1787822400000.0,2537.67,2532.94,2537.66,2532.94,2542.23,2536.77,2541.99
1m,3,0.21503974953568714,131,150,11.0,1787822460000.0,2542.23,2536.77,2541.99,2537.67,2541.99,2537.99,2540.57
1m,3,0.21503974953568714,131,150,12.0,1787822520000.0,2541.99,2537.99,2541.98,2540.57,2540.73,2538.62,2539.77
1m,3,0.21503974953568714,131,150,13.0,1787822580000.0,2540.73,2538.62,2540.56,2539.77,2539.76,2536.5,2538.21
1m,3,0.21503974953568714,131,150,14.0,1787822640000.0,2539.76,2536.5,2539.76,2538.21,2541.38,2538.21,2540.19
1m,3,0.21503974953568714,131,150,15.0,1787822700000.0,2541.38,2538.21,2540.19,2538.21,2559.45,2540.19,2550.56
1m,3,0.21503974953568714,131,150,16.0,1787822760000.0,2559.45,2540.19,2550.56,2540.19,2560.0,2550.55,2558.59
1m,3,0.21503974953568714,131,150,17.0,1787822820000.0,2560.0,2550.55,2558.59,2550.55,2566.53,2555.42,2556.24
1m,3,0.21503974953568714,131,150,18.0,1787822880000.0,2566.53,2555.42,2558.59,2556.24,2556.43,2549.1,2552.95
1m,3,0.21503974953568714,131,150,19.0,1787822940000.0,2556.43,2549.1,2556.24,2552.95,2554.46,2552.42,2554.44
1m,4,0.21005384391756163,6335,6354,1.0,1788194100000.0,2466.15,2464.79,2466.03,2465.14,2467.02,2465.93,2466.17
1m,4,0.21005384391756163,6335,6354,2.0,1788194160000.0,2467.02,2465.93,2466.17,2466.03,2468.38,2466.16,2467.14
1m,4,0.21005384391756163,6335,6354,3.0,1788194220000.0,2468.38,2466.16,2467.14,2466.16,2467.22,2465.74,2466.35
1m,4,0.21005384391756163,6335,6354,4.0,1788194280000.0,2467.22,2465.74,2467.14,2466.35,2467.29,2466.06,2466.07
1m,4,0.21005384391756163,6335,6354,5.0,1788194340000.0,2467.29,2466.06,2466.34,2466.07,2466.41,2464.93,2466.34
1m,4,0.21005384391756163,6335,6354,6.0,1788194400000.0,2466.41,2464.93,2466.34,2466.06,2467.22,2466.33,2467.16
1m,4,0.21005384391756163,6335,6354,7.0,1788194460000.0,2467.22,2466.33,2467.16,2466.33,2468.13,2466.67,2468.04
1m,4,0.21005384391756163,6335,6354,8.0,1788194520000.0,2468.13,2466.67,2468.04,2467.17,2469.39,2467.79,2468.43
1m,4,0.21005384391756163,6335,6354,9.0,1788194580000.0,2469.39,2467.79,2468.43,2468.03,2470.0,2467.99,2469.99
1m,4,0.21005384391756163,6335,6354,10.0,1788194640000.0,2470.0,2467.99,2469.99,2468.43,2472.33,2470.0,2471.52
1m,4,0.21005384391756163,6335,6354,11.0,1788194700000.0,2472.33,2470.0,2471.52,2470.0,2472.7,2471.28,2471.29
1m,4,0.21005384391756163,6335,6354,12.0,1788194760000.0,2472.7,2471.28,2471.52,2471.29,2471.28,2468.5,2470.07
1m,4,0.21005384391756163,6335,6354,13.0,1788194820000.0,2471.28,2468.5,2471.28,2470.07,2472.04,2470.07,2471.78
1m,4,0.21005384391756163,6335,6354,14.0,1788194880000.0,2472.04,2470.07,2471.78,2470.08,2472.1,2471.18,2471.73
1m,4,0.21005384391756163,6335,6354,15.0,1788194940000.0,2472.1,2471.18,2471.78,2471.73,2471.98,2470.63,2471.11
1m,4,0.21005384391756163,6335,6354,16.0,1788195000000.0,2471.98,2470.63,2471.73,2471.11,2471.37,2470.16,2470.29
1m,4,0.21005384391756163,6335,6354,17.0,1788195060000.0,2471.37,2470.16,2471.12,2470.29,2470.94,2470.0,2470.0
1m,4,0.21005384391756163,6335,6354,18.0,1788195120000.0,2470.94,2470.0,2470.29,2470.0,2470.48,2469.24,2470.18
1m,4,0.21005384391756163,6335,6354,19.0,1788195180000.0,2470.48,2469.24,2470.18,2470.01,2472.0,2470.18,2472.0
1m,5,0.207871415240803,20688,20707,1.0,1789055280000.0,2436.92,2436.15,2436.45,2436.34,2437.43,2436.34,2436.36
1m,5,0.207871415240803,20688,20707,2.0,1789055340000.0,2437.43,2436.34,2436.36,2436.34,2438.0,2435.99,2437.99
1m,5,0.207871415240803,20688,20707,3.0,1789055400000.0,2438.0,2435.99,2437.99,2436.37,2439.62,2437.57,2437.8
1m,5,0.207871415240803,20688,20707,4.0,1789055460000.0,2439.62,2437.57,2438.0,2437.8,2437.97,2436.75,2437.05
1m,5,0.207871415240803,20688,20707,5.0,1789055520000.0,2437.97,2436.75,2437.8,2437.05,2439.95,2437.04,2438.7
1m,5,0.207871415240803,20688,20707,6.0,1789055580000.0,2439.95,2437.04,2438.7,2437.04,2438.71,2437.67,2437.68
1m,5,0.207871415240803,20688,20707,7.0,1789055640000.0,2438.71,2437.67,2438.71,2437.68,2437.84,2436.81,2437.38
1m,5,0.207871415240803,20688,20707,8.0,1789055700000.0,2437.84,2436.81,2437.67,2437.38,2438.4,2437.07,2437.69
1m,5,0.207871415240803,20688,20707,9.0,1789055760000.0,2438.4,2437.07,2437.69,2437.38,2439.68,2437.4,2439.48
1m,5,0.207871415240803,20688,20707,10.0,1789055820000.0,2439.68,2437.4,2439.48,2437.7,2439.79,2439.36,2439.75
1m,5,0.207871415240803,20688,20707,11.0,1789055880000.0,2439.79,2439.36,2439.75,2439.49,2440.98,2439.38,2440.36
1m,5,0.207871415240803,20688,20707,12.0,1789055940000.0,2440.98,2439.38,2440.36,2439.75,2441.9,2440.37,2441.54
1m,5,0.207871415240803,20688,20707,13.0,1789056000000.0,2441.9,2440.37,2441.54,2440.37,2443.63,2441.07,2443.63
1m,5,0.207871415240803,20688,20707,14.0,1789056060000.0,2443.63,2441.07,2443.63,2441.54,2444.05,2442.81,2444.0
1m,5,0.207871415240803,20688,20707,15.0,1789056120000.0,2444.05,2442.81,2444.0,2443.64,2444.11,2440.32,2440.32
1m,5,0.207871415240803,20688,20707,16.0,1789056180000.0,2444.11,2440.32,2444.0,2440.32,2440.64,2438.83,2440.46
1m,5,0.207871415240803,20688,20707,17.0,1789056240000.0,2440.64,2438.83,2440.46,2440.33,2440.76,2439.81,2439.81
1m,5,0.207871415240803,20688,20707,18.0,1789056300000.0,2440.76,2439.81,2440.47,2439.81,2440.42,2439.66,2440.41
1m,5,0.207871415240803,20688,20707,19.0,1789056360000.0,2440.42,2439.66,2440.41,2439.81,2440.55,2439.86,2440.15
1m,6,0.2056113090870499,20895,20914,1.0,1789067700000.0,2465.25,2464.06,2464.77,2464.07,2466.24,2464.7,2465.64
1m,6,0.2056113090870499,20895,20914,2.0,1789067760000.0,2466.24,2464.7,2465.64,2464.77,2465.8,2465.28,2465.34
1m,6,0.2056113090870499,20895,20914,3.0,1789067820000.0,2465.8,2465.28,2465.66,2465.34,2466.11,2464.97,2464.97
1m,6,0.2056113090870499,20895,20914,4.0,1789067880000.0,2466.11,2464.97,2465.34,2464.97,2464.97,2464.18,2464.97
1m,6,0.2056113090870499,20895,20914,5.0,1789067940000.0,2464.97,2464.18,2464.97,2464.97,2465.04,2464.57,2464.82
1m,6,0.2056113090870499,20895,20914,6.0,1789068000000.0,2465.04,2464.57,2464.97,2464.82,2464.84,2463.75,2463.79
1m,6,0.2056113090870499,20895,20914,7.0,1789068060000.0,2464.84,2463.75,2464.81,2463.79,2464.0,2463.49,2463.93
1m,6,0.2056113090870499,20895,20914,8.0,1789068120000.0,2464.0,2463.49,2463.93,2463.78,2465.0,2463.92,2464.48
1m,6,0.2056113090870499,20895,20914,9.0,1789068180000.0,2465.0,2463.92,2464.48,2463.92,2464.9,2462.57,2462.57
1m,6,0.2056113090870499,20895,20914,10.0,1789068240000.0,2464.9,2462.57,2464.49,2462.57,2466.13,2462.27,2466.12
1m,6,0.2056113090870499,20895,20914,11.0,1789068300000.0,2466.13,2462.27,2466.12,2462.57,2468.0,2466.07,2466.15
1m,6,0.2056113090870499,20895,20914,12.0,1789068360000.0,2468.0,2466.07,2466.15,2466.12,2466.51,2465.86,2466.4
1m,6,0.2056113090870499,20895,20914,13.0,1789068420000.0,2466.51,2465.86,2466.4,2466.16,2466.79,2466.26,2466.78
1m,6,0.2056113090870499,20895,20914,14.0,1789068480000.0,2466.79,2466.26,2466.78,2466.4,2467.69,2466.2,2467.68
1m,6,0.2056113090870499,20895,20914,15.0,1789068540000.0,2467.69,2466.2,2467.68,2466.79,2468.29,2464.91,2466.71
1m,6,0.2056113090870499,20895,20914,16.0,1789068600000.0,2468.29,2464.91,2467.69,2466.71,2466.91,2464.24,2464.24
1m,6,0.2056113090870499,20895,20914,17.0,1789068660000.0,2466.91,2464.24,2466.71,2464.24,2464.66,2463.38,2464.42
1m,6,0.2056113090870499,20895,20914,18.0,1789068720000.0,2464.66,2463.38,2464.42,2464.24,2465.0,2464.03,2464.22
1m,6,0.2056113090870499,20895,20914,19.0,1789068780000.0,2465.0,2464.03,2464.43,2464.22,2464.52,2463.05,2464.46
1m,7,0.20415577709325144,29192,29211,1.0,1789565520000.0,2400.66,2396.2,2399.18,2398.4,2400.59,2396.48,2398.11
1m,7,0.20415577709325144,29192,29211,2.0,1789565580000.0,2400.59,2396.48,2399.19,2398.11,2399.68,2397.23,2398.15
1m,7,0.20415577709325144,29192,29211,3.0,1789565640000.0,2399.68,2397.23,2398.15,2398.11,2398.66,2395.59,2396.01
1m,7,0.20415577709325144,29192,29211,4.0,1789565700000.0,2398.66,2395.59,2398.15,2396.01,2399.09,2396.01,2397.01
1m,7,0.20415577709325144,29192,29211,5.0,1789565760000.0,2399.09,2396.01,2397.01,2396.01,2397.01,2395.1,2395.11
1m,7,0.20415577709325144,29192,29211,6.0,1789565820000.0,2397.01,2395.1,2397.01,2395.11,2395.7,2391.88,2392.99
1m,7,0.20415577709325144,29192,29211,7.0,1789565880000.0,2395.7,2391.88,2395.1,2392.99,2393.39,2390.0,2393.38
1m,7,0.20415577709325144,29192,29211,8.0,1789565940000.0,2393.39,2390.0,2393.38,2392.98,2396.5,2391.3,2391.3
1m,7,0.20415577709325144,29192,29211,9.0,1789566000000.0,2396.5,2391.3,2393.39,2391.3,2394.0,2390.72,2393.58
1m,7,0.20415577709325144,29192,29211,10.0,1789566060000.0,2394.0,2390.72,2393.58,2391.3,2398.39,2393.1,2397.84
1m,7,0.20415577709325144,29192,29211,11.0,1789566120000.0,2398.39,2393.1,2397.84,2393.57,2398.13,2395.16,2397.48
1m,7,0.20415577709325144,29192,29211,12.0,1789566180000.0,2398.13,2395.16,2397.83,2397.48,2398.5,2396.61,2398.5
1m,7,0.20415577709325144,29192,29211,13.0,1789566240000.0,2398.5,2396.61,2398.5,2397.49,2400.08,2398.49,2399.12
1m,7,0.20415577709325144,29192,29211,14.0,1789566300000.0,2400.08,2398.49,2399.12,2398.5,2399.12,2396.32,2396.67
1m,7,0.20415577709325144,29192,29211,15.0,1789566360000.0,2399.12,2396.32,2399.12,2396.67,2396.98,2392.07,2394.01
1m,7,0.20415577709325144,29192,29211,16.0,1789566420000.0,2396.98,2392.07,2396.68,2394.01,2402.51,2393.82,2402.31
1m,7,0.20415577709325144,29192,29211,17.0,1789566480000.0,2402.51,2393.82,2402.31,2394.02,2402.84,2399.75,2399.75
1m,7,0.20415577709325144,29192,29211,18.0,1789566540000.0,2402.84,2399.75,2402.31,2399.75,2400.79,2398.01,2400.79
1m,7,0.20415577709325144,29192,29211,19.0,1789566600000.0,2400.79,2398.01,2400.79,2399.58,2404.31,2399.68,2400.06
1m,8,0.20290517304452302,1875,1894,1.0,1787926500000.0,2480.02,2475.0,2477.91,2477.29,2477.92,2472.01,2473.84
1m,8,0.20290517304452302,1875,1894,2.0,1787926560000.0,2477.92,2472.01,2477.91,2473.84,2476.66,2473.08,2476.66
1m,8,0.20290517304452302,1875,1894,3.0,1787926620000.0,2476.66,2473.08,2476.66,2473.85,2483.49,2476.41,2481.4
1m,8,0.20290517304452302,1875,1894,4.0,1787926680000.0,2483.49,2476.41,2481.4,2476.67,2484.22,2480.4,2482.05
1m,8,0.20290517304452302,1875,1894,5.0,1787926740000.0,2484.22,2480.4,2482.05,2481.4,2486.65,2482.05,2486.0
1m,8,0.20290517304452302,1875,1894,6.0,1787926800000.0,2486.65,2482.05,2486.0,2482.05,2488.3,2485.17,2487.82
1m,8,0.20290517304452302,1875,1894,7.0,1787926860000.0,2488.3,2485.17,2487.82,2486.0,2490.56,2486.38,2488.82
1m,8,0.20290517304452302,1875,1894,8.0,1787926920000.0,2490.56,2486.38,2488.82,2487.83,2493.07,2488.1,2490.95
1m,8,0.20290517304452302,1875,1894,9.0,1787926980000.0,2493.07,2488.1,2490.95,2488.83,2491.2,2484.61,2485.12
1m,8,0.20290517304452302,1875,1894,10.0,1787927040000.0,2491.2,2484.61,2490.94,2485.12,2487.36,2482.4,2487.27
1m,8,0.20290517304452302,1875,1894,11.0,1787927100000.0,2487.36,2482.4,2487.27,2485.12,2491.11,2486.38,2486.38
1m,8,0.20290517304452302,1875,1894,12.0,1787927160000.0,2491.11,2486.38,2487.28,2486.38,2487.16,2482.96,2487.15
1m,8,0.20290517304452302,1875,1894,13.0,1787927220000.0,2487.16,2482.96,2487.15,2486.34,2487.44,2482.31,2483.74
1m,8,0.20290517304452302,1875,1894,14.0,1787927280000.0,2487.44,2482.31,2487.16,2483.74,2485.42,2481.81,2484.48
1m,8,0.20290517304452302,1875,1894,15.0,1787927340000.0,2485.42,2481.81,2484.48,2483.75,2493.35,2483.63,2492.12
1m,8,0.20290517304452302,1875,1894,16.0,1787927400000.0,2493.35,2483.63,2492.12,2484.47,2492.11,2486.89,2488.44
1m,8,0.20290517304452302,1875,1894,17.0,1787927460000.0,2492.11,2486.89,2492.11,2488.44,2492.29,2486.67,2492.27
1m,8,0.20290517304452302,1875,1894,18.0,1787927520000.0,2492.29,2486.67,2492.27,2488.44,2496.51,2492.11,2495.11
1m,8,0.20290517304452302,1875,1894,19.0,1787927580000.0,2496.51,2492.11,2495.11,2492.27,2497.16,2494.11,2495.97
1m,9,0.20201717572910238,5410,5429,1.0,1788138600000.0,2417.95,2415.84,2416.69,2416.16,2419.67,2416.14,2416.74
1m,9,0.20201717572910238,5410,5429,2.0,1788138660000.0,2419.67,2416.14,2416.74,2416.14,2418.78,2416.51,2417.56
1m,9,0.20201717572910238,5410,5429,3.0,1788138720000.0,2418.78,2416.51,2417.56,2416.75,2417.56,2415.0,2415.97
1m,9,0.20201717572910238,5410,5429,4.0,1788138780000.0,2417.56,2415.0,2417.55,2415.97,2416.41,2413.59,2416.09
1m,9,0.20201717572910238,5410,5429,5.0,1788138840000.0,2416.41,2413.59,2416.09,2415.97,2418.87,2415.86,2418.0
1m,9,0.20201717572910238,5410,5429,6.0,1788138900000.0,2418.87,2415.86,2418.0,2416.08,2418.0,2415.89,2416.55
1m,9,0.20201717572910238,5410,5429,7.0,1788138960000.0,2418.0,2415.89,2418.0,2416.55,2418.18,2415.93,2416.79
1m,9,0.20201717572910238,5410,5429,8.0,1788139020000.0,2418.18,2415.93,2416.79,2416.56,2417.88,2415.0,2415.2
1m,9,0.20201717572910238,5410,5429,9.0,1788139080000.0,2417.88,2415.0,2416.8,2415.2,2417.36,2415.19,2417.24
1m,9,0.20201717572910238,5410,5429,10.0,1788139140000.0,2417.36,2415.19,2417.24,2415.19,2421.67,2416.75,2421.28
1m,9,0.20201717572910238,5410,5429,11.0,1788139200000.0,2421.67,2416.75,2421.28,2417.25,2423.0,2420.23,2420.23
1m,9,0.20201717572910238,5410,5429,12.0,1788139260000.0,2423.0,2420.23,2421.28,2420.23,2420.62,2416.8,2418.34
1m,9,0.20201717572910238,5410,5429,13.0,1788139320000.0,2420.62,2416.8,2420.22,2418.34,2419.35,2417.23,2418.88
1m,9,0.20201717572910238,5410,5429,14.0,1788139380000.0,2419.35,2417.23,2418.88,2418.34,2422.58,2418.87,2419.89
1m,9,0.20201717572910238,5410,5429,15.0,1788139440000.0,2422.58,2418.87,2419.89,2418.87,2423.0,2419.02,2423.0
1m,9,0.20201717572910238,5410,5429,16.0,1788139500000.0,2423.0,2419.02,2423.0,2419.82,2423.0,2420.83,2421.21
1m,9,0.20201717572910238,5410,5429,17.0,1788139560000.0,2423.0,2420.83,2423.0,2421.21,2422.65,2420.68,2421.52
1m,9,0.20201717572910238,5410,5429,18.0,1788139620000.0,2422.65,2420.68,2421.52,2421.21,2421.52,2419.95,2421.35
1m,9,0.20201717572910238,5410,5429,19.0,1788139680000.0,2421.52,2419.95,2421.52,2421.35,2423.15,2421.32,2422.06
1m,10,0.2013897150309097,25724,25743,1.0,1789357440000.0,2509.55,2508.03,2509.55,2508.42,2509.9,2509.1,2509.54
1m,10,0.2013897150309097,25724,25743,2.0,1789357500000.0,2509.9,2509.1,2509.55,2509.54,2510.0,2509.53,2510.0
1m,10,0.2013897150309097,25724,25743,3.0,1789357560000.0,2510.0,2509.53,2510.0,2509.54,2510.8,2509.99,2510.8
1m,10,0.2013897150309097,25724,25743,4.0,1789357620000.0,2510.8,2509.99,2510.8,2510.0,2510.99,2509.78,2510.99
1m,10,0.2013897150309097,25724,25743,5.0,1789357680000.0,2510.99,2509.78,2510.99,2510.79,2511.48,2510.73,2511.33
1m,10,0.2013897150309097,25724,25743,6.0,1789357740000.0,2511.48,2510.73,2511.33,2510.99,2511.32,2510.89,2510.96
1m,10,0.2013897150309097,25724,25743,7.0,1789357800000.0,2511.32,2510.89,2511.32,2510.96,2510.96,2509.24,2510.05
1m,10,0.2013897150309097,25724,25743,8.0,1789357860000.0,2510.96,2509.24,2510.96,2510.05,2510.65,2509.99,2510.08
1m,10,0.2013897150309097,25724,25743,9.0,1789357920000.0,2510.65,2509.99,2510.08,2510.06,2511.12,2510.08,2511.11
1m,10,0.2013897150309097,25724,25743,10.0,1789357980000.0,2511.12,2510.08,2511.11,2510.08,2512.58,2511.12,2512.44
1m,10,0.2013897150309097,25724,25743,11.0,1789358040000.0,2512.58,2511.12,2512.44,2511.12,2512.68,2511.94,2512.66
1m,10,0.2013897150309097,25724,25743,12.0,1789358100000.0,2512.68,2511.94,2512.66,2512.43,2512.66,2511.84,2512.34
1m,10,0.2013897150309097,25724,25743,13.0,1789358160000.0,2512.66,2511.84,2512.66,2512.34,2512.56,2511.65,2512.04
1m,10,0.2013897150309097,25724,25743,14.0,1789358220000.0,2512.56,2511.65,2512.35,2512.04,2512.57,2511.28,2511.28
1m,10,0.2013897150309097,25724,25743,15.0,1789358280000.0,2512.57,2511.28,2512.04,2511.28,2512.49,2511.02,2512.49
1m,10,0.2013897150309097,25724,25743,16.0,1789358340000.0,2512.49,2511.02,2512.49,2511.28,2513.17,2512.12,2512.96
1m,10,0.2013897150309097,25724,25743,17.0,1789358400000.0,2513.17,2512.12,2512.96,2512.48,2515.0,2512.94,2513.12
1m,10,0.2013897150309097,25724,25743,18.0,1789358460000.0,2515.0,2512.94,2513.12,2512.96,2513.51,2511.87,2512.52
1m,10,0.2013897150309097,25724,25743,19.0,1789358520000.0,2513.51,2511.87,2513.12,2512.52,2512.85,2511.71,2511.71
1m,11,0.20080522015889665,26352,26371,1.0,1789395120000.0,2514.1,2511.52,2513.05,2511.75,2512.68,2510.16,2510.4
1m,11,0.20080522015889665,26352,26371,2.0,1789395180000.0,2512.68,2510.16,2511.76,2510.4,2514.78,2510.17,2514.78
1m,11,0.20080522015889665,26352,26371,3.0,1789395240000.0,2514.78,2510.17,2514.78,2510.4,2515.7,2513.09,2514.39
1m,11,0.20080522015889665,26352,26371,4.0,1789395300000.0,2515.7,2513.09,2514.77,2514.39,2515.55,2514.2,2514.28
1m,11,0.20080522015889665,26352,26371,5.0,1789395360000.0,2515.55,2514.2,2514.39,2514.28,2515.55,2514.15,2515.0
1m,11,0.20080522015889665,26352,26371,6.0,1789395420000.0,2515.55,2514.15,2515.0,2514.28,2518.0,2513.52,2514.18
1m,11,0.20080522015889665,26352,26371,7.0,1789395480000.0,2518.0,2513.52,2515.0,2514.18,2514.19,2510.36,2512.06
1m,11,0.20080522015889665,26352,26371,8.0,1789395540000.0,2514.19,2510.36,2514.18,2512.06,2515.77,2512.05,2515.76
1m,11,0.20080522015889665,26352,26371,9.0,1789395600000.0,2515.77,2512.05,2515.76,2512.06,2515.76,2513.0,2513.0
1m,11,0.20080522015889665,26352,26371,10.0,1789395660000.0,2515.76,2513.0,2515.76,2513.0,2513.0,2505.0,2507.05
1m,11,0.20080522015889665,26352,26371,11.0,1789395720000.0,2513.0,2505.0,2513.0,2507.05,2508.5,2506.43,2506.46
1m,11,0.20080522015889665,26352,26371,12.0,1789395780000.0,2508.5,2506.43,2507.06,2506.46,2506.47,2503.84,2505.05
1m,11,0.20080522015889665,26352,26371,13.0,1789395840000.0,2506.47,2503.84,2506.47,2505.05,2505.47,2500.76,2500.82
1m,11,0.20080522015889665,26352,26371,14.0,1789395900000.0,2505.47,2500.76,2505.05,2500.82,2502.51,2500.61,2502.26
1m,11,0.20080522015889665,26352,26371,15.0,1789395960000.0,2502.51,2500.61,2502.26,2500.81,2502.26,2495.0,2496.73
1m,11,0.20080522015889665,26352,26371,16.0,1789396020000.0,2502.26,2495.0,2502.26,2496.73,2502.39,2496.73,2502.39
1m,11,0.20080522015889665,26352,26371,17.0,1789396080000.0,2502.39,2496.73,2502.39,2496.74,2507.43,2502.39,2507.09
1m,11,0.20080522015889665,26352,26371,18.0,1789396140000.0,2507.43,2502.39,2507.09,2502.39,2507.1,2504.06,2505.29
1m,11,0.20080522015889665,26352,26371,19.0,1789396200000.0,2507.1,2504.06,2507.1,2505.29,2509.28,2504.36,2508.61
1m,12,0.20041989941314475,7756,7775,1.0,1788279360000.0,2437.5,2434.69,2437.27,2434.69,2438.68,2437.27,2437.72
1m,12,0.20041989941314475,7756,7775,2.0,1788279420000.0,2438.68,2437.27,2437.72,2437.27,2437.73,2434.4,2435.0
1m,12,0.20041989941314475,7756,7775,3.0,1788279480000.0,2437.73,2434.4,2437.73,2435.0,2435.77,2433.65,2433.79
1m,12,0.20041989941314475,7756,7775,4.0,1788279540000.0,2435.77,2433.65,2434.99,2433.79,2434.42,2432.85,2433.24
1m,12,0.20041989941314475,7756,7775,5.0,1788279600000.0,2434.42,2432.85,2433.79,2433.24,2433.31,2430.43,2430.44
1m,12,0.20041989941314475,7756,7775,6.0,1788279660000.0,2433.31,2430.43,2433.23,2430.44,2431.0,2428.44,2428.89
1m,12,0.20041989941314475,7756,7775,7.0,1788279720000.0,2431.0,2428.44,2430.44,2428.89,2430.07,2426.0,2428.86
1m,12,0.20041989941314475,7756,7775,8.0,1788279780000.0,2430.07,2426.0,2428.89,2428.86,2432.18,2427.9,2432.17
1m,12,0.20041989941314475,7756,7775,9.0,1788279840000.0,2432.18,2427.9,2432.17,2428.86,2432.17,2428.76,2429.2
1m,12,0.20041989941314475,7756,7775,10.0,1788279900000.0,2432.17,2428.76,2432.17,2429.2,2430.69,2429.16,2430.69
1m,12,0.20041989941314475,7756,7775,11.0,1788279960000.0,2430.69,2429.16,2430.69,2429.2,2434.57,2430.69,2432.83
1m,12,0.20041989941314475,7756,7775,12.0,1788280020000.0,2434.57,2430.69,2432.83,2430.69,2434.12,2432.17,2433.24
1m,12,0.20041989941314475,7756,7775,13.0,1788280080000.0,2434.12,2432.17,2433.24,2432.82,2434.94,2433.26,2434.94
1m,12,0.20041989941314475,7756,7775,14.0,1788280140000.0,2434.94,2433.26,2434.94,2433.26,2435.13,2433.0,2433.59
1m,12,0.20041989941314475,7756,7775,15.0,1788280200000.0,2435.13,2433.0,2434.94,2433.59,2433.85,2430.05,2430.45
1m,12,0.20041989941314475,7756,7775,16.0,1788280260000.0,2433.85,2430.05,2433.58,2430.45,2430.46,2428.81,2429.51
1m,12,0.20041989941314475,7756,7775,17.0,1788280320000.0,2430.46,2428.81,2430.46,2429.51,2432.42,2428.35,2432.19
1m,12,0.20041989941314475,7756,7775,18.0,1788280380000.0,2432.42,2428.35,2432.19,2429.5,2433.47,2431.6,2432.95
1m,12,0.20041989941314475,7756,7775,19.0,1788280440000.0,2433.47,2431.6,2432.95,2432.19,2433.09,2429.59,2429.59
1m,13,0.2003521171479866,29725,29744,1.0,1789597500000.0,2394.31,2392.94,2394.19,2393.39,2394.28,2393.91,2394.12
1m,13,0.2003521171479866,29725,29744,2.0,1789597560000.0,2394.28,2393.91,2394.19,2394.12,2396.05,2394.12,2395.76
1m,13,0.2003521171479866,29725,29744,3.0,1789597620000.0,2396.05,2394.12,2395.76,2394.12,2395.76,2394.95,2395.23
1m,13,0.2003521171479866,29725,29744,4.0,1789597680000.0,2395.76,2394.95,2395.75,2395.23,2395.93,2395.23,2395.93
1m,13,0.2003521171479866,29725,29744,5.0,1789597740000.0,2395.93,2395.23,2395.93,2395.24,2395.93,2394.68,2394.69
1m,13,0.2003521171479866,29725,29744,6.0,1789597800000.0,2395.93,2394.68,2395.92,2394.69,2394.68,2392.94,2392.94
1m,13,0.2003521171479866,29725,29744,7.0,1789597860000.0,2394.68,2392.94,2394.68,2392.94,2394.0,2392.27,2393.29
1m,13,0.2003521171479866,29725,29744,8.0,1789597920000.0,2394.0,2392.27,2393.29,2392.94,2393.3,2392.25,2392.52
1m,13,0.2003521171479866,29725,29744,9.0,1789597980000.0,2393.3,2392.25,2393.3,2392.52,2393.48,2392.51,2393.48
1m,13,0.2003521171479866,29725,29744,10.0,1789598040000.0,2393.48,2392.51,2393.48,2392.51,2393.48,2392.57,2392.58
1m,13,0.2003521171479866,29725,29744,11.0,1789598100000.0,2393.48,2392.57,2393.48,2392.58,2393.75,2392.33,2393.13
1m,13,0.2003521171479866,29725,29744,12.0,1789598160000.0,2393.75,2392.33,2393.13,2392.57,2393.13,2391.98,2392.51
1m,13,0.2003521171479866,29725,29744,13.0,1789598220000.0,2393.13,2391.98,2393.13,2392.51,2394.86,2392.51,2394.67
1m,13,0.2003521171479866,29725,29744,14.0,1789598280000.0,2394.86,2392.51,2394.67,2392.52,2395.19,2394.27,2394.45
1m,13,0.2003521171479866,29725,29744,15.0,1789598340000.0,2395.19,2394.27,2394.67,2394.45,2396.98,2394.44,2396.94
1m,13,0.2003521171479866,29725,29744,16.0,1789598400000.0,2396.98,2394.44,2396.94,2394.44,2397.12,2395.45,2395.61
1m,13,0.2003521171479866,29725,29744,17.0,1789598460000.0,2397.12,2395.45,2396.93,2395.61,2396.19,2395.61,2396.07
1m,13,0.2003521171479866,29725,29744,18.0,1789598520000.0,2396.19,2395.61,2396.07,2395.62,2397.81,2396.07,2397.25
1m,13,0.2003521171479866,29725,29744,19.0,1789598580000.0,2397.81,2396.07,2397.25,2396.07,2397.66,2396.93,2397.66
1m,14,0.1995406014649154,29786,29805,1.0,1789601160000.0,2413.59,2411.41,2413.21,2412.09,2413.6,2411.16,2412.29
1m,14,0.1995406014649154,29786,29805,2.0,1789601220000.0,2413.6,2411.16,2412.29,2412.09,2412.9,2412.19,2412.81
1m,14,0.1995406014649154,29786,29805,3.0,1789601280000.0,2412.9,2412.19,2412.81,2412.3,2415.16,2412.53,2414.6
1m,14,0.1995406014649154,29786,29805,4.0,1789601340000.0,2415.16,2412.53,2414.6,2412.82,2414.6,2413.02,2413.04
1m,14,0.1995406014649154,29786,29805,5.0,1789601400000.0,2414.6,2413.02,2414.6,2413.04,2415.0,2412.87,2415.0
1m,14,0.1995406014649154,29786,29805,6.0,1789601460000.0,2415.0,2412.87,2415.0,2413.03,2415.0,2412.07,2412.77
1m,14,0.1995406014649154,29786,29805,7.0,1789601520000.0,2415.0,2412.07,2415.0,2412.77,2413.86,2412.02,2412.62
1m,14,0.1995406014649154,29786,29805,8.0,1789601580000.0,2413.86,2412.02,2412.76,2412.62,2413.98,2412.51,2413.86
1m,14,0.1995406014649154,29786,29805,9.0,1789601640000.0,2413.98,2412.51,2413.86,2412.61,2416.41,2413.65,2415.81
1m,14,0.1995406014649154,29786,29805,10.0,1789601700000.0,2416.41,2413.65,2415.81,2413.87,2415.8,2413.83,2413.84
1m,14,0.1995406014649154,29786,29805,11.0,1789601760000.0,2415.8,2413.83,2415.8,2413.84,2414.22,2412.79,2412.79
1m,14,0.1995406014649154,29786,29805,12.0,1789601820000.0,2414.22,2412.79,2413.83,2412.79,2415.44,2412.8,2414.64
1m,14,0.1995406014649154,29786,29805,13.0,1789601880000.0,2415.44,2412.8,2414.64,2412.8,2415.97,2414.63,2415.02
1m,14,0.1995406014649154,29786,29805,14.0,1789601940000.0,2415.97,2414.63,2415.02,2414.64,2416.84,2414.73,2416.32
1m,14,0.1995406014649154,29786,29805,15.0,1789602000000.0,2416.84,2414.73,2416.32,2415.02,2422.65,2416.32,2422.12
1m,14,0.1995406014649154,29786,29805,16.0,1789602060000.0,2422.65,2416.32,2422.12,2416.32,2422.12,2417.82,2418.3
1m,14,0.1995406014649154,29786,29805,17.0,1789602120000.0,2422.12,2417.82,2422.11,2418.3,2420.42,2418.13,2418.28
1m,14,0.1995406014649154,29786,29805,18.0,1789602180000.0,2420.42,2418.13,2418.35,2418.28,2421.4,2418.27,2420.87
1m,14,0.1995406014649154,29786,29805,19.0,1789602240000.0,2421.4,2418.27,2420.87,2418.27,2420.87,2419.49,2419.55
1m,15,0.19719585149129015,11161,11180,1.0,1788483660000.0,2505.09,2501.48,2503.34,2501.48,2503.75,2502.46,2503.23
1m,15,0.19719585149129015,11161,11180,2.0,1788483720000.0,2503.75,2502.46,2503.34,2503.23,2503.26,2502.08,2502.43
1m,15,0.19719585149129015,11161,11180,3.0,1788483780000.0,2503.26,2502.08,2503.23,2502.43,2502.43,2500.01,2500.45
1m,15,0.19719585149129015,11161,11180,4.0,1788483840000.0,2502.43,2500.01,2502.43,2500.45,2500.82,2498.64,2498.65
1m,15,0.19719585149129015,11161,11180,5.0,1788483900000.0,2500.82,2498.64,2500.45,2498.65,2500.62,2497.26,2500.62
1m,15,0.19719585149129015,11161,11180,6.0,1788483960000.0,2500.62,2497.26,2500.62,2498.65,2503.95,2500.63,2503.65
1m,15,0.19719585149129015,11161,11180,7.0,1788484020000.0,2503.95,2500.63,2503.65,2500.63,2504.79,2503.42,2504.37
1m,15,0.19719585149129015,11161,11180,8.0,1788484080000.0,2504.79,2503.42,2504.37,2503.65,2505.99,2504.38,2504.92
1m,15,0.19719585149129015,11161,11180,9.0,1788484140000.0,2505.99,2504.38,2504.92,2504.38,2506.25,2504.49,2505.31
1m,15,0.19719585149129015,11161,11180,10.0,1788484200000.0,2506.25,2504.49,2505.31,2504.93,2506.55,2505.21,2506.54
1m,15,0.19719585149129015,11161,11180,11.0,1788484260000.0,2506.55,2505.21,2506.54,2505.3,2507.76,2506.21,2507.13
1m,15,0.19719585149129015,11161,11180,12.0,1788484320000.0,2507.76,2506.21,2507.13,2506.54,2507.14,2506.31,2506.71
1m,15,0.19719585149129015,11161,11180,13.0,1788484380000.0,2507.14,2506.31,2507.13,2506.71,2506.88,2504.41,2504.42
1m,15,0.19719585149129015,11161,11180,14.0,1788484440000.0,2506.88,2504.41,2506.71,2504.42,2504.68,2503.45,2504.11
1m,15,0.19719585149129015,11161,11180,15.0,1788484500000.0,2504.68,2503.45,2504.42,2504.11,2506.38,2504.11,2506.38
1m,15,0.19719585149129015,11161,11180,16.0,1788484560000.0,2506.38,2504.11,2506.38,2504.11,2508.02,2506.38,2506.84
1m,15,0.19719585149129015,11161,11180,17.0,1788484620000.0,2508.02,2506.38,2506.84,2506.38,2507.46,2506.66,2506.85
1m,15,0.19719585149129015,11161,11180,18.0,1788484680000.0,2507.46,2506.66,2506.85,2506.85,2507.07,2506.36,2507.07
1m,15,0.19719585149129015,11161,11180,19.0,1788484740000.0,2507.07,2506.36,2507.07,2506.84,2507.08,2506.17,2506.17
1m,16,0.1970835649573064,6328,6347,1.0,1788193680000.0,2464.24,2463.43,2464.24,2463.69,2465.71,2463.96,2464.68
1m,16,0.1970835649573064,6328,6347,2.0,1788193740000.0,2465.71,2463.96,2464.68,2464.24,2465.88,2464.07,2464.77
1m,16,0.1970835649573064,6328,6347,3.0,1788193800000.0,2465.88,2464.07,2464.77,2464.68,2466.0,2464.0,2465.71
1m,16,0.1970835649573064,6328,6347,4.0,1788193860000.0,2466.0,2464.0,2465.71,2464.78,2466.98,2464.48,2465.63
1m,16,0.1970835649573064,6328,6347,5.0,1788193920000.0,2466.98,2464.48,2465.71,2465.63,2467.34,2465.08,2466.78
1m,16,0.1970835649573064,6328,6347,6.0,1788193980000.0,2467.34,2465.08,2466.78,2465.64,2467.07,2465.13,2465.13
1m,16,0.1970835649573064,6328,6347,7.0,1788194040000.0,2467.07,2465.13,2466.78,2465.13,2466.15,2464.79,2466.03
1m,16,0.1970835649573064,6328,6347,8.0,1788194100000.0,2466.15,2464.79,2466.03,2465.14,2467.02,2465.93,2466.17
1m,16,0.1970835649573064,6328,6347,9.0,1788194160000.0,2467.02,2465.93,2466.17,2466.03,2468.38,2466.16,2467.14
1m,16,0.1970835649573064,6328,6347,10.0,1788194220000.0,2468.38,2466.16,2467.14,2466.16,2467.22,2465.74,2466.35
1m,16,0.1970835649573064,6328,6347,11.0,1788194280000.0,2467.22,2465.74,2467.14,2466.35,2467.29,2466.06,2466.07
1m,16,0.1970835649573064,6328,6347,12.0,1788194340000.0,2467.29,2466.06,2466.34,2466.07,2466.41,2464.93,2466.34
1m,16,0.1970835649573064,6328,6347,13.0,1788194400000.0,2466.41,2464.93,2466.34,2466.06,2467.22,2466.33,2467.16
1m,16,0.1970835649573064,6328,6347,14.0,1788194460000.0,2467.22,2466.33,2467.16,2466.33,2468.13,2466.67,2468.04
1m,16,0.1970835649573064,6328,6347,15.0,1788194520000.0,2468.13,2466.67,2468.04,2467.17,2469.39,2467.79,2468.43
1m,16,0.1970835649573064,6328,6347,16.0,1788194580000.0,2469.39,2467.79,2468.43,2468.03,2470.0,2467.99,2469.99
1m,16,0.1970835649573064,6328,6347,17.0,1788194640000.0,2470.0,2467.99,2469.99,2468.43,2472.33,2470.0,2471.52
1m,16,0.1970835649573064,6328,6347,18.0,1788194700000.0,2472.33,2470.0,2471.52,2470.0,2472.7,2471.28,2471.29
1m,16,0.1970835649573064,6328,6347,19.0,1788194760000.0,2472.7,2471.28,2471.52,2471.29,2471.28,2468.5,2470.07
1m,17,0.19657197330789256,6332,6351,1.0,1788193920000.0,2466.98,2464.48,2465.71,2465.63,2467.34,2465.08,2466.78
1m,17,0.19657197330789256,6332,6351,2.0,1788193980000.0,2467.34,2465.08,2466.78,2465.64,2467.07,2465.13,2465.13
1m,17,0.19657197330789256,6332,6351,3.0,1788194040000.0,2467.07,2465.13,2466.78,2465.13,2466.15,2464.79,2466.03
1m,17,0.19657197330789256,6332,6351,4.0,1788194100000.0,2466.15,2464.79,2466.03,2465.14,2467.02,2465.93,2466.17
1m,17,0.19657197330789256,6332,6351,5.0,1788194160000.0,2467.02,2465.93,2466.17,2466.03,2468.38,2466.16,2467.14
1m,17,0.19657197330789256,6332,6351,6.0,1788194220000.0,2468.38,2466.16,2467.14,2466.16,2467.22,2465.74,2466.35
1m,17,0.19657197330789256,6332,6351,7.0,1788194280000.0,2467.22,2465.74,2467.14,2466.35,2467.29,2466.06,2466.07
1m,17,0.19657197330789256,6332,6351,8.0,1788194340000.0,2467.29,2466.06,2466.34,2466.07,2466.41,2464.93,2466.34
1m,17,0.19657197330789256,6332,6351,9.0,1788194400000.0,2466.41,2464.93,2466.34,2466.06,2467.22,2466.33,2467.16
1m,17,0.19657197330789256,6332,6351,10.0,1788194460000.0,2467.22,2466.33,2467.16,2466.33,2468.13,2466.67,2468.04
1m,17,0.19657197330789256,6332,6351,11.0,1788194520000.0,2468.13,2466.67,2468.04,2467.17,2469.39,2467.79,2468.43
1m,17,0.19657197330789256,6332,6351,12.0,1788194580000.0,2469.39,2467.79,2468.43,2468.03,2470.0,2467.99,2469.99
1m,17,0.19657197330789256,6332,6351,13.0,1788194640000.0,2470.0,2467.99,2469.99,2468.43,2472.33,2470.0,2471.52
1m,17,0.19657197330789256,6332,6351,14.0,1788194700000.0,2472.33,2470.0,2471.52,2470.0,2472.7,2471.28,2471.29
1m,17,0.19657197330789256,6332,6351,15.0,1788194760000.0,2472.7,2471.28,2471.52,2471.29,2471.28,2468.5,2470.07
1m,17,0.19657197330789256,6332,6351,16.0,1788194820000.0,2471.28,2468.5,2471.28,2470.07,2472.04,2470.07,2471.78
1m,17,0.19657197330789256,6332,6351,17.0,1788194880000.0,2472.04,2470.07,2471.78,2470.08,2472.1,2471.18,2471.73
1m,17,0.19657197330789256,6332,6351,18.0,1788194940000.0,2472.1,2471.18,2471.78,2471.73,2471.98,2470.63,2471.11
1m,17,0.19657197330789256,6332,6351,19.0,1788195000000.0,2471.98,2470.63,2471.73,2471.11,2471.37,2470.16,2470.29
1m,18,0.19651736326416036,15293,15312,1.0,1788731580000.0,2507.24,2506.0,2507.18,2507.03,2507.39,2506.98,2507.17
1m,18,0.19651736326416036,15293,15312,2.0,1788731640000.0,2507.39,2506.98,2507.17,2507.03,2507.4,2507.17,2507.39
1m,18,0.19651736326416036,15293,15312,3.0,1788731700000.0,2507.4,2507.17,2507.39,2507.18,2507.4,2506.69,2506.91
1m,18,0.19651736326416036,15293,15312,4.0,1788731760000.0,2507.4,2506.69,2507.39,2506.91,2506.92,2506.03,2506.03
1m,18,0.19651736326416036,15293,15312,5.0,1788731820000.0,2506.92,2506.03,2506.91,2506.03,2506.86,2506.04,2506.85
1m,18,0.19651736326416036,15293,15312,6.0,1788731880000.0,2506.86,2506.04,2506.85,2506.04,2508.46,2506.85,2507.42
1m,18,0.19651736326416036,15293,15312,7.0,1788731940000.0,2508.46,2506.85,2507.42,2506.85,2508.3,2506.72,2508.09
1m,18,0.19651736326416036,15293,15312,8.0,1788732000000.0,2508.3,2506.72,2508.09,2507.41,2508.33,2505.79,2506.16
1m,18,0.19651736326416036,15293,15312,9.0,1788732060000.0,2508.33,2505.79,2508.08,2506.16,2506.89,2504.6,2506.51
1m,18,0.19651736326416036,15293,15312,10.0,1788732120000.0,2506.89,2504.6,2506.51,2506.15,2506.52,2502.46,2502.46
1m,18,0.19651736326416036,15293,15312,11.0,1788732180000.0,2506.52,2502.46,2506.52,2502.46,2503.16,2501.79,2502.58
1m,18,0.19651736326416036,15293,15312,12.0,1788732240000.0,2503.16,2501.79,2502.58,2502.46,2502.88,2501.79,2502.87
1m,18,0.19651736326416036,15293,15312,13.0,1788732300000.0,2502.88,2501.79,2502.87,2502.57,2505.57,2502.86,2504.71
1m,18,0.19651736326416036,15293,15312,14.0,1788732360000.0,2505.57,2502.86,2504.71,2502.87,2505.03,2503.29,2503.31
1m,18,0.19651736326416036,15293,15312,15.0,1788732420000.0,2505.03,2503.29,2504.72,2503.31,2503.74,2498.65,2500.26
1m,18,0.19651736326416036,15293,15312,16.0,1788732480000.0,2503.74,2498.65,2503.3,2500.26,2501.08,2499.41,2500.69
1m,18,0.19651736326416036,15293,15312,17.0,1788732540000.0,2501.08,2499.41,2500.69,2500.26,2501.04,2496.44,2496.72
1m,18,0.19651736326416036,15293,15312,18.0,1788732600000.0,2501.04,2496.44,2500.69,2496.72,2498.11,2495.29,2497.44
1m,18,0.19651736326416036,15293,15312,19.0,1788732660000.0,2498.11,2495.29,2497.44,2496.73,2499.34,2497.24,2498.36
1m,19,0.1959982126353152,22326,22345,1.0,1789153560000.0,2544.06,2541.89,2543.81,2542.0,2546.62,2543.46,2543.86
1m,19,0.1959982126353152,22326,22345,2.0,1789153620000.0,2546.62,2543.46,2543.86,2543.82,2544.84,2542.18,2542.28
1m,19,0.1959982126353152,22326,22345,3.0,1789153680000.0,2544.84,2542.18,2543.85,2542.28,2546.37,2542.15,2546.37
1m,19,0.1959982126353152,22326,22345,4.0,1789153740000.0,2546.37,2542.15,2546.37,2542.29,2547.4,2543.46,2545.06
1m,19,0.1959982126353152,22326,22345,5.0,1789153800000.0,2547.4,2543.46,2546.36,2545.06,2545.06,2543.02,2543.76
1m,19,0.1959982126353152,22326,22345,6.0,1789153860000.0,2545.06,2543.02,2545.05,2543.76,2545.89,2542.61,2545.89
1m,19,0.1959982126353152,22326,22345,7.0,1789153920000.0,2545.89,2542.61,2545.89,2543.76,2546.59,2545.64,2546.58
1m,19,0.1959982126353152,22326,22345,8.0,1789153980000.0,2546.59,2545.64,2546.58,2545.89,2546.59,2544.94,2545.95
1m,19,0.1959982126353152,22326,22345,9.0,1789154040000.0,2546.59,2544.94,2546.59,2545.95,2545.95,2544.54,2545.37
1m,19,0.1959982126353152,22326,22345,10.0,1789154100000.0,2545.95,2544.54,2545.95,2545.37,2545.65,2540.64,2540.77
1m,19,0.1959982126353152,22326,22345,11.0,1789154160000.0,2545.65,2540.64,2545.37,2540.77,2541.85,2539.3,2539.83
1m,19,0.1959982126353152,22326,22345,12.0,1789154220000.0,2541.85,2539.3,2540.78,2539.83,2543.11,2538.13,2541.48
1m,19,0.1959982126353152,22326,22345,13.0,1789154280000.0,2543.11,2538.13,2541.48,2539.82,2543.25,2541.44,2543.17
1m,19,0.1959982126353152,22326,22345,14.0,1789154340000.0,2543.25,2541.44,2543.17,2541.49,2543.33,2540.75,2541.4
1m,19,0.1959982126353152,22326,22345,15.0,1789154400000.0,2543.33,2540.75,2543.17,2541.4,2541.41,2539.29,2539.85
1m,19,0.1959982126353152,22326,22345,16.0,1789154460000.0,2541.41,2539.29,2541.41,2539.85,2542.23,2539.52,2541.42
1m,19,0.1959982126353152,22326,22345,17.0,1789154520000.0,2542.23,2539.52,2541.42,2539.85,2543.1,2541.42,2542.87
1m,19,0.1959982126353152,22326,22345,18.0,1789154580000.0,2543.1,2541.42,2542.87,2541.43,2542.94,2542.21,2542.87
1m,19,0.1959982126353152,22326,22345,19.0,1789154640000.0,2542.94,2542.21,2542.87,2542.87,2545.59,2542.87,2545.42
1m,20,0.19560309562019873,20435,20454,1.0,1789040100000.0,2469.15,2468.49,2468.86,2468.71,2469.16,2468.71,2469.04
1m,20,0.19560309562019873,20435,20454,2.0,1789040160000.0,2469.16,2468.71,2469.04,2468.71,2469.03,2468.5,2468.65
1m,20,0.19560309562019873,20435,20454,3.0,1789040220000.0,2469.03,2468.5,2469.03,2468.65,2468.66,2467.71,2468.42
1m,20,0.19560309562019873,20435,20454,4.0,1789040280000.0,2468.66,2467.71,2468.65,2468.42,2470.08,2467.45,2469.47
1m,20,0.19560309562019873,20435,20454,5.0,1789040340000.0,2470.08,2467.45,2469.47,2468.42,2469.79,2469.48,2469.72
1m,20,0.19560309562019873,20435,20454,6.0,1789040400000.0,2469.79,2469.48,2469.72,2469.48,2469.71,2468.99,2469.0
1m,20,0.19560309562019873,20435,20454,7.0,1789040460000.0,2469.71,2468.99,2469.71,2469.0,2469.41,2468.74,2469.06
1m,20,0.19560309562019873,20435,20454,8.0,1789040520000.0,2469.41,2468.74,2469.06,2469.0,2469.58,2468.82,2469.5
1m,20,0.19560309562019873,20435,20454,9.0,1789040580000.0,2469.58,2468.82,2469.5,2469.06,2469.51,2467.1,2467.42
1m,20,0.19560309562019873,20435,20454,10.0,1789040640000.0,2469.51,2467.1,2469.5,2467.42,2467.78,2467.21,2467.77
1m,20,0.19560309562019873,20435,20454,11.0,1789040700000.0,2467.78,2467.21,2467.77,2467.43,2468.59,2467.55,2467.66
1m,20,0.19560309562019873,20435,20454,12.0,1789040760000.0,2468.59,2467.55,2467.78,2467.66,2467.93,2466.31,2466.31
1m,20,0.19560309562019873,20435,20454,13.0,1789040820000.0,2467.93,2466.31,2467.66,2466.31,2466.3,2463.75,2463.76
1m,20,0.19560309562019873,20435,20454,14.0,1789040880000.0,2466.3,2463.75,2466.3,2463.76,2465.63,2463.25,2465.13
1m,20,0.19560309562019873,20435,20454,15.0,1789040940000.0,2465.63,2463.25,2465.13,2463.75,2466.54,2465.13,2466.54
1m,20,0.19560309562019873,20435,20454,16.0,1789041000000.0,2466.54,2465.13,2466.54,2465.13,2466.54,2464.17,2464.18
1m,20,0.19560309562019873,20435,20454,17.0,1789041060000.0,2466.54,2464.17,2466.53,2464.18,2464.49,2463.39,2463.39
1m,20,0.19560309562019873,20435,20454,18.0,1789041120000.0,2464.49,2463.39,2464.18,2463.39,2464.15,2463.26,2464.15
1m,20,0.19560309562019873,20435,20454,19.0,1789041180000.0,2464.15,2463.26,2464.15,2463.38,2466.71,2464.15,2466.71
1m,21,0.19544380172326437,17266,17285,1.0,1788849960000.0,2466.66,2465.05,2466.5,2465.67,2467.44,2466.42,2466.6
1m,21,0.19544380172326437,17266,17285,2.0,1788850020000.0,2467.44,2466.42,2466.6,2466.5,2469.14,2466.51,2468.96
1m,21,0.19544380172326437,17266,17285,3.0,1788850080000.0,2469.14,2466.51,2468.96,2466.61,2468.97,2467.36,2467.5
1m,21,0.19544380172326437,17266,17285,4.0,1788850140000.0,2468.97,2467.36,2468.97,2467.5,2467.51,2465.23,2465.85
1m,21,0.19544380172326437,17266,17285,5.0,1788850200000.0,2467.51,2465.23,2467.51,2465.85,2468.07,2465.84,2467.85
1m,21,0.19544380172326437,17266,17285,6.0,1788850260000.0,2468.07,2465.84,2467.85,2465.84,2468.18,2465.21,2465.45
1m,21,0.19544380172326437,17266,17285,7.0,1788850320000.0,2468.18,2465.21,2467.84,2465.45,2466.14,2464.16,2464.82
1m,21,0.19544380172326437,17266,17285,8.0,1788850380000.0,2466.14,2464.16,2465.46,2464.82,2465.42,2463.72,2463.77
1m,21,0.19544380172326437,17266,17285,9.0,1788850440000.0,2465.42,2463.72,2464.82,2463.77,2465.17,2463.76,2464.82
1m,21,0.19544380172326437,17266,17285,10.0,1788850500000.0,2465.17,2463.76,2464.82,2463.77,2467.3,2464.58,2467.29
1m,21,0.19544380172326437,17266,17285,11.0,1788850560000.0,2467.3,2464.58,2467.29,2464.82,2468.96,2466.61,2468.22
1m,21,0.19544380172326437,17266,17285,12.0,1788850620000.0,2468.96,2466.61,2468.22,2467.29,2468.41,2467.42,2468.29
1m,21,0.19544380172326437,17266,17285,13.0,1788850680000.0,2468.41,2467.42,2468.29,2468.23,2469.37,2468.05,2469.05
1m,21,0.19544380172326437,17266,17285,14.0,1788850740000.0,2469.37,2468.05,2469.05,2468.3,2469.51,2468.27,2468.53
1m,21,0.19544380172326437,17266,17285,15.0,1788850800000.0,2469.51,2468.27,2469.06,2468.53,2469.03,2467.99,2469.03
1m,21,0.19544380172326437,17266,17285,16.0,1788850860000.0,2469.03,2467.99,2469.03,2468.52,2470.69,2469.02,2470.68
1m,21,0.19544380172326437,17266,17285,17.0,1788850920000.0,2470.69,2469.02,2470.68,2469.03,2471.01,2469.0,2469.01
1m,21,0.19544380172326437,17266,17285,18.0,1788850980000.0,2471.01,2469.0,2470.69,2469.01,2469.99,2469.0,2469.52
1m,21,0.19544380172326437,17266,17285,19.0,1788851040000.0,2469.99,2469.0,2469.52,2469.0,2470.55,2469.51,2470.26
1m,22,0.19528382511589723,16888,16907,1.0,1788827280000.0,2486.6,2485.65,2486.3,2485.91,2486.31,2485.39,2485.39
1m,22,0.19528382511589723,16888,16907,2.0,1788827340000.0,2486.31,2485.39,2486.31,2485.39,2485.46,2483.82,2483.83
1m,22,0.19528382511589723,16888,16907,3.0,1788827400000.0,2485.46,2483.82,2485.4,2483.83,2484.4,2483.54,2483.66
1m,22,0.19528382511589723,16888,16907,4.0,1788827460000.0,2484.4,2483.54,2483.83,2483.66,2485.46,2483.65,2485.46
1m,22,0.19528382511589723,16888,16907,5.0,1788827520000.0,2485.46,2483.65,2485.46,2483.65,2487.51,2485.46,2487.51
1m,22,0.19528382511589723,16888,16907,6.0,1788827580000.0,2487.51,2485.46,2487.51,2485.46,2490.17,2487.5,2490.02
1m,22,0.19528382511589723,16888,16907,7.0,1788827640000.0,2490.17,2487.5,2490.02,2487.5,2490.37,2488.51,2490.36
1m,22,0.19528382511589723,16888,16907,8.0,1788827700000.0,2490.37,2488.51,2490.36,2490.01,2492.51,2490.36,2491.91
1m,22,0.19528382511589723,16888,16907,9.0,1788827760000.0,2492.51,2490.36,2491.91,2490.36,2492.28,2491.37,2491.97
1m,22,0.19528382511589723,16888,16907,10.0,1788827820000.0,2492.28,2491.37,2491.97,2491.91,2493.0,2491.24,2492.74
1m,22,0.19528382511589723,16888,16907,11.0,1788827880000.0,2493.0,2491.24,2492.74,2491.98,2493.38,2492.23,2492.44
1m,22,0.19528382511589723,16888,16907,12.0,1788827940000.0,2493.38,2492.23,2492.74,2492.44,2493.22,2492.08,2492.61
1m,22,0.19528382511589723,16888,16907,13.0,1788828000000.0,2493.22,2492.08,2492.61,2492.45,2494.2,2492.23,2493.46
1m,22,0.19528382511589723,16888,16907,14.0,1788828060000.0,2494.2,2492.23,2493.46,2492.6,2494.26,2493.33,2494.25
1m,22,0.19528382511589723,16888,16907,15.0,1788828120000.0,2494.26,2493.33,2494.25,2493.45,2494.26,2492.0,2492.01
1m,22,0.19528382511589723,16888,16907,16.0,1788828180000.0,2494.26,2492.0,2494.26,2492.01,2492.0,2490.13,2490.15
1m,22,0.19528382511589723,16888,16907,17.0,1788828240000.0,2492.0,2490.13,2492.0,2490.15,2490.71,2489.83,2490.55
1m,22,0.19528382511589723,16888,16907,18.0,1788828300000.0,2490.71,2489.83,2490.55,2490.15,2491.08,2490.23,2490.65
1m,22,0.19528382511589723,16888,16907,19.0,1788828360000.0,2491.08,2490.23,2490.65,2490.54,2491.04,2490.15,2491.04
1m,23,0.1951703855680882,7576,7595,1.0,1788268560000.0,2442.04,2440.54,2441.51,2441.44,2441.74,2440.31,2441.74
1m,23,0.1951703855680882,7576,7595,2.0,1788268620000.0,2441.74,2440.31,2441.74,2441.44,2444.51,2441.43,2443.33
1m,23,0.1951703855680882,7576,7595,3.0,1788268680000.0,2444.51,2441.43,2443.33,2441.73,2443.33,2440.44,2441.57
1m,23,0.1951703855680882,7576,7595,4.0,1788268740000.0,2443.33,2440.44,2443.33,2441.57,2441.62,2438.78,2440.69
1m,23,0.1951703855680882,7576,7595,5.0,1788268800000.0,2441.62,2438.78,2441.57,2440.69,2441.2,2439.9,2440.86
1m,23,0.1951703855680882,7576,7595,6.0,1788268860000.0,2441.2,2439.9,2440.86,2440.72,2441.14,2439.32,2441.13
1m,23,0.1951703855680882,7576,7595,7.0,1788268920000.0,2441.14,2439.32,2441.13,2440.85,2441.29,2440.48,2440.87
1m,23,0.1951703855680882,7576,7595,8.0,1788268980000.0,2441.29,2440.48,2441.14,2440.87,2441.11,2439.83,2441.0
1m,23,0.1951703855680882,7576,7595,9.0,1788269040000.0,2441.11,2439.83,2441.0,2440.87,2440.99,2439.36,2440.38
1m,23,0.1951703855680882,7576,7595,10.0,1788269100000.0,2440.99,2439.36,2440.99,2440.38,2443.02,2439.57,2442.64
1m,23,0.1951703855680882,7576,7595,11.0,1788269160000.0,2443.02,2439.57,2442.64,2440.37,2443.64,2442.0,2443.64
1m,23,0.1951703855680882,7576,7595,12.0,1788269220000.0,2443.64,2442.0,2443.64,2442.64,2444.02,2440.47,2440.89
1m,23,0.1951703855680882,7576,7595,13.0,1788269280000.0,2444.02,2440.47,2443.64,2440.89,2443.71,2440.89,2443.71
1m,23,0.1951703855680882,7576,7595,14.0,1788269340000.0,2443.71,2440.89,2443.71,2440.89,2445.0,2443.71,2444.31
1m,23,0.1951703855680882,7576,7595,15.0,1788269400000.0,2445.0,2443.71,2444.31,2443.71,2447.48,2443.8,2446.94
1m,23,0.1951703855680882,7576,7595,16.0,1788269460000.0,2447.48,2443.8,2446.94,2444.31,2450.0,2445.16,2445.97
1m,23,0.1951703855680882,7576,7595,17.0,1788269520000.0,2450.0,2445.16,2446.95,2445.97,2447.75,2445.37,2445.88
1m,23,0.1951703855680882,7576,7595,18.0,1788269580000.0,2447.75,2445.37,2445.97,2445.88,2446.09,2443.29,2444.0
1m,23,0.1951703855680882,7576,7595,19.0,1788269640000.0,2446.09,2443.29,2445.88,2444.0,2444.72,2442.64,2443.51
1m,24,0.19514865620956373,6412,6431,1.0,1788198720000.0,2476.08,2473.16,2475.08,2473.16,2477.37,2474.79,2475.62
1m,24,0.19514865620956373,6412,6431,2.0,1788198780000.0,2477.37,2474.79,2475.62,2475.07,2475.62,2474.48,2474.81
1m,24,0.19514865620956373,6412,6431,3.0,1788198840000.0,2475.62,2474.48,2475.62,2474.81,2475.97,2474.82,2475.97
1m,24,0.19514865620956373,6412,6431,4.0,1788198900000.0,2475.97,2474.82,2475.97,2474.82,2476.07,2475.6,2475.85
1m,24,0.19514865620956373,6412,6431,5.0,1788198960000.0,2476.07,2475.6,2475.96,2475.85,2476.16,2475.3,2476.15
1m,24,0.19514865620956373,6412,6431,6.0,1788199020000.0,2476.16,2475.3,2476.15,2475.85,2476.36,2474.82,2475.01
1m,24,0.19514865620956373,6412,6431,7.0,1788199080000.0,2476.36,2474.82,2476.16,2475.01,2475.05,2474.5,2475.04
1m,24,0.19514865620956373,6412,6431,8.0,1788199140000.0,2475.05,2474.5,2475.04,2475.01,2476.32,2475.04,2475.42
1m,24,0.19514865620956373,6412,6431,9.0,1788199200000.0,2476.32,2475.04,2475.42,2475.05,2475.41,2473.32,2473.74
1m,24,0.19514865620956373,6412,6431,10.0,1788199260000.0,2475.41,2473.32,2475.41,2473.74,2473.75,2472.48,2473.23
1m,24,0.19514865620956373,6412,6431,11.0,1788199320000.0,2473.75,2472.48,2473.7,2473.23,2473.77,2472.36,2472.61
1m,24,0.19514865620956373,6412,6431,12.0,1788199380000.0,2473.77,2472.36,2473.22,2472.61,2473.07,2470.71,2471.95
1m,24,0.19514865620956373,6412,6431,13.0,1788199440000.0,2473.07,2470.71,2472.62,2471.95,2471.95,2471.05,2471.05
1m,24,0.19514865620956373,6412,6431,14.0,1788199500000.0,2471.95,2471.05,2471.95,2471.05,2471.8,2469.82,2469.82
1m,24,0.19514865620956373,6412,6431,15.0,1788199560000.0,2471.8,2469.82,2471.06,2469.82,2472.17,2469.81,2472.17
1m,24,0.19514865620956373,6412,6431,16.0,1788199620000.0,2472.17,2469.81,2472.17,2469.82,2472.47,2471.82,2472.25
1m,24,0.19514865620956373,6412,6431,17.0,1788199680000.0,2472.47,2471.82,2472.25,2472.17,2472.25,2471.18,2471.19
1m,24,0.19514865620956373,6412,6431,18.0,1788199740000.0,2472.25,2471.18,2472.25,2471.19,2471.89,2470.69,2471.88
1m,24,0.19514865620956373,6412,6431,19.0,1788199800000.0,2471.89,2470.69,2471.88,2471.19,2471.88,2471.0,2471.59
1m,25,0.1951051768103642,17359,17378,1.0,1788855540000.0,2473.7,2471.64,2473.13,2472.24,2474.19,2472.0,2472.75
1m,25,0.1951051768103642,17359,17378,2.0,1788855600000.0,2474.19,2472.0,2472.75,2472.23,2473.19,2472.29,2473.18
1m,25,0.1951051768103642,17359,17378,3.0,1788855660000.0,2473.19,2472.29,2473.18,2472.75,2473.19,2472.3,2472.37
1m,25,0.1951051768103642,17359,17378,4.0,1788855720000.0,2473.19,2472.3,2473.19,2472.37,2472.96,2471.27,2471.69
1m,25,0.1951051768103642,17359,17378,5.0,1788855780000.0,2472.96,2471.27,2472.38,2471.69,2473.42,2471.7,2473.42
1m,25,0.1951051768103642,17359,17378,6.0,1788855840000.0,2473.42,2471.7,2473.42,2471.7,2475.41,2473.42,2475.41
1m,25,0.1951051768103642,17359,17378,7.0,1788855900000.0,2475.41,2473.42,2475.41,2473.42,2475.84,2472.8,2473.78
1m,25,0.1951051768103642,17359,17378,8.0,1788855960000.0,2475.84,2472.8,2475.42,2473.78,2475.23,2473.77,2475.23
1m,25,0.1951051768103642,17359,17378,9.0,1788856020000.0,2475.23,2473.77,2475.23,2473.78,2476.56,2475.22,2476.56
1m,25,0.1951051768103642,17359,17378,10.0,1788856080000.0,2476.56,2475.22,2476.56,2475.22,2477.04,2476.0,2477.04
1m,25,0.1951051768103642,17359,17378,11.0,1788856140000.0,2477.04,2476.0,2477.04,2476.55,2477.5,2476.09,2476.09
1m,25,0.1951051768103642,17359,17378,12.0,1788856200000.0,2477.5,2476.09,2477.04,2476.09,2476.09,2474.61,2474.81
1m,25,0.1951051768103642,17359,17378,13.0,1788856260000.0,2476.09,2474.61,2476.09,2474.81,2478.2,2474.81,2478.2
1m,25,0.1951051768103642,17359,17378,14.0,1788856320000.0,2478.2,2474.81,2478.2,2474.81,2478.53,2477.62,2477.62
1m,25,0.1951051768103642,17359,17378,15.0,1788856380000.0,2478.53,2477.62,2478.24,2477.62,2479.27,2477.15,2479.21
1m,25,0.1951051768103642,17359,17378,16.0,1788856440000.0,2479.27,2477.15,2479.21,2477.62,2479.89,2478.52,2479.74
1m,25,0.1951051768103642,17359,17378,17.0,1788856500000.0,2479.89,2478.52,2479.74,2479.21,2482.01,2479.74,2481.15
1m,25,0.1951051768103642,17359,17378,18.0,1788856560000.0,2482.01,2479.74,2481.15,2479.74,2482.0,2479.72,2480.75
1m,25,0.1951051768103642,17359,17378,19.0,1788856620000.0,2482.0,2479.72,2481.14,2480.75,2481.15,2480.5,2480.59
3m,1,0.3606024429579151,21149,21168,1.0,1788020820000.0,2448.81,2445.59,2448.31,2445.62,2448.0,2445.62,2447.99
3m,1,0.3606024429579151,21149,21168,2.0,1788021000000.0,2448.0,2445.62,2447.99,2445.62,2448.99,2445.87,2448.99
3m,1,0.3606024429579151,21149,21168,3.0,1788021180000.0,2448.99,2445.87,2448.99,2448.0,2450.88,2448.54,2448.97
3m,1,0.3606024429579151,21149,21168,4.0,1788021360000.0,2450.88,2448.54,2448.99,2448.97,2449.9,2447.32,2448.89
3m,1,0.3606024429579151,21149,21168,5.0,1788021540000.0,2449.9,2447.32,2448.97,2448.89,2451.66,2448.89,2450.74
3m,1,0.3606024429579151,21149,21168,6.0,1788021720000.0,2451.66,2448.89,2450.74,2448.9,2450.75,2449.72,2450.6
3m,1,0.3606024429579151,21149,21168,7.0,1788021900000.0,2450.75,2449.72,2450.75,2450.6,2451.17,2449.75,2450.25
3m,1,0.3606024429579151,21149,21168,8.0,1788022080000.0,2451.17,2449.75,2450.6,2450.25,2453.67,2450.25,2453.54
3m,1,0.3606024429579151,21149,21168,9.0,1788022260000.0,2453.67,2450.25,2453.54,2450.25,2454.81,2451.79,2452.09
3m,1,0.3606024429579151,21149,21168,10.0,1788022440000.0,2454.81,2451.79,2453.55,2452.09,2452.55,2450.64,2450.93
3m,1,0.3606024429579151,21149,21168,11.0,1788022620000.0,2452.55,2450.64,2452.09,2450.93,2451.29,2450.44,2450.98
3m,1,0.3606024429579151,21149,21168,12.0,1788022800000.0,2451.29,2450.44,2450.98,2450.93,2452.32,2450.99,2452.3
3m,1,0.3606024429579151,21149,21168,13.0,1788022980000.0,2452.32,2450.99,2452.3,2450.99,2454.45,2451.32,2453.02
3m,1,0.3606024429579151,21149,21168,14.0,1788023160000.0,2454.45,2451.32,2453.02,2452.3,2453.17,2452.0,2452.0
3m,1,0.3606024429579151,21149,21168,15.0,1788023340000.0,2453.17,2452.0,2453.02,2452.0,2453.8,2451.2,2453.2
3m,1,0.3606024429579151,21149,21168,16.0,1788023520000.0,2453.8,2451.2,2453.2,2452.0,2454.17,2452.39,2453.16
3m,1,0.3606024429579151,21149,21168,17.0,1788023700000.0,2454.17,2452.39,2453.2,2453.16,2455.44,2453.16,2455.23
3m,1,0.3606024429579151,21149,21168,18.0,1788023880000.0,2455.44,2453.16,2455.23,2453.16,2455.24,2450.92,2450.93
3m,1,0.3606024429579151,21149,21168,19.0,1788024060000.0,2455.24,2450.92,2455.23,2450.93,2451.6,2449.35,2451.56
3m,2,0.35843502662239035,6938,6957,1.0,1785462840000.0,1912.67,1908.03,1911.5,1908.78,1911.65,1907.61,1910.74
3m,2,0.35843502662239035,6938,6957,2.0,1785463020000.0,1911.65,1907.61,1911.51,1910.74,1911.93,1909.81,1910.36
3m,2,0.35843502662239035,6938,6957,3.0,1785463200000.0,1911.93,1909.81,1910.75,1910.36,1911.22,1907.92,1907.92
3m,2,0.35843502662239035,6938,6957,4.0,1785463380000.0,1911.22,1907.92,1910.35,1907.92,1909.55,1906.5,1909.55
3m,2,0.35843502662239035,6938,6957,5.0,1785463560000.0,1909.55,1906.5,1909.55,1907.93,1911.55,1909.52,1911.3
3m,2,0.35843502662239035,6938,6957,6.0,1785463740000.0,1911.55,1909.52,1911.3,1909.55,1912.0,1910.14,1910.53
3m,2,0.35843502662239035,6938,6957,7.0,1785463920000.0,1912.0,1910.14,1911.3,1910.53,1911.58,1908.73,1908.73
3m,2,0.35843502662239035,6938,6957,8.0,1785464100000.0,1911.58,1908.73,1910.52,1908.73,1908.73,1904.1,1905.9
3m,2,0.35843502662239035,6938,6957,9.0,1785464280000.0,1908.73,1904.1,1908.73,1905.9,1907.22,1905.2,1905.33
3m,2,0.35843502662239035,6938,6957,10.0,1785464460000.0,1907.22,1905.2,1905.9,1905.33,1906.73,1904.5,1905.4
3m,2,0.35843502662239035,6938,6957,11.0,1785464640000.0,1906.73,1904.5,1905.4,1905.33,1905.41,1904.04,1904.73
3m,2,0.35843502662239035,6938,6957,12.0,1785464820000.0,1905.41,1904.04,1905.41,1904.73,1906.6,1904.3,1904.49
3m,2,0.35843502662239035,6938,6957,13.0,1785465000000.0,1906.6,1904.3,1904.73,1904.49,1907.1,1903.08,1906.94
3m,2,0.35843502662239035,6938,6957,14.0,1785465180000.0,1907.1,1903.08,1906.94,1904.49,1907.08,1903.94,1903.94
3m,2,0.35843502662239035,6938,6957,15.0,1785465360000.0,1907.08,1903.94,1906.93,1903.94,1905.26,1902.67,1903.79
3m,2,0.35843502662239035,6938,6957,16.0,1785465540000.0,1905.26,1902.67,1903.95,1903.79,1904.01,1903.07,1903.67
3m,2,0.35843502662239035,6938,6957,17.0,1785465720000.0,1904.01,1903.07,1903.8,1903.67,1903.67,1901.6,1902.15
3m,2,0.35843502662239035,6938,6957,18.0,1785465900000.0,1903.67,1901.6,1903.67,1902.15,1906.31,1902.15,1906.31
3m,2,0.35843502662239035,6938,6957,19.0,1785466080000.0,1906.31,1902.15,1906.31,1902.15,1906.44,1904.0,1904.99
3m,3,0.35641327281381985,6629,6648,1.0,1785407220000.0,1920.52,1919.25,1920.36,1919.79,1920.37,1919.98,1920.24
3m,3,0.35641327281381985,6629,6648,2.0,1785407400000.0,1920.37,1919.98,1920.36,1920.24,1920.4,1919.39,1919.4
3m,3,0.35641327281381985,6629,6648,3.0,1785407580000.0,1920.4,1919.39,1920.25,1919.4,1919.68,1919.02,1919.22
3m,3,0.35641327281381985,6629,6648,4.0,1785407760000.0,1919.68,1919.02,1919.4,1919.22,1919.57,1919.22,1919.31
3m,3,0.35641327281381985,6629,6648,5.0,1785407940000.0,1919.57,1919.22,1919.31,1919.22,1921.31,1919.26,1920.87
3m,3,0.35641327281381985,6629,6648,6.0,1785408120000.0,1921.31,1919.26,1920.87,1919.3,1921.78,1920.6,1921.37
3m,3,0.35641327281381985,6629,6648,7.0,1785408300000.0,1921.78,1920.6,1921.37,1920.87,1921.9,1920.75,1920.78
3m,3,0.35641327281381985,6629,6648,8.0,1785408480000.0,1921.9,1920.75,1921.37,1920.78,1920.79,1918.01,1918.74
3m,3,0.35641327281381985,6629,6648,9.0,1785408660000.0,1920.79,1918.01,1920.79,1918.74,1918.75,1917.89,1917.89
3m,3,0.35641327281381985,6629,6648,10.0,1785408840000.0,1918.75,1917.89,1918.74,1917.89,1918.39,1916.7,1918.39
3m,3,0.35641327281381985,6629,6648,11.0,1785409020000.0,1918.39,1916.7,1918.39,1917.89,1918.44,1918.19,1918.26
3m,3,0.35641327281381985,6629,6648,12.0,1785409200000.0,1918.44,1918.19,1918.38,1918.26,1918.62,1916.91,1917.2
3m,3,0.35641327281381985,6629,6648,13.0,1785409380000.0,1918.62,1916.91,1918.27,1917.2,1917.51,1916.7,1917.45
3m,3,0.35641327281381985,6629,6648,14.0,1785409560000.0,1917.51,1916.7,1917.45,1917.2,1918.82,1917.17,1918.51
3m,3,0.35641327281381985,6629,6648,15.0,1785409740000.0,1918.82,1917.17,1918.51,1917.45,1919.93,1918.51,1919.22
3m,3,0.35641327281381985,6629,6648,16.0,1785409920000.0,1919.93,1918.51,1919.22,1918.52,1920.0,1918.96,1919.35
3m,3,0.35641327281381985,6629,6648,17.0,1785410100000.0,1920.0,1918.96,1919.35,1919.22,1921.29,1919.34,1920.41
3m,3,0.35641327281381985,6629,6648,18.0,1785410280000.0,1921.29,1919.34,1920.41,1919.36,1921.33,1919.7,1919.7
3m,3,0.35641327281381985,6629,6648,19.0,1785410460000.0,1921.33,1919.7,1920.41,1919.7,1919.7,1918.4,1919.11
3m,4,0.35456339709417184,13910,13929,1.0,1786717800000.0,1869.75,1867.72,1868.55,1867.72,1870.33,1867.86,1870.33
3m,4,0.35456339709417184,13910,13929,2.0,1786717980000.0,1870.33,1867.86,1870.33,1868.56,1871.29,1868.43,1870.95
3m,4,0.35456339709417184,13910,13929,3.0,1786718160000.0,1871.29,1868.43,1870.95,1870.32,1872.66,1870.92,1872.65
3m,4,0.35456339709417184,13910,13929,4.0,1786718340000.0,1872.66,1870.92,1872.65,1870.95,1873.54,1872.23,1872.46
3m,4,0.35456339709417184,13910,13929,5.0,1786718520000.0,1873.54,1872.23,1872.65,1872.46,1872.46,1870.55,1870.69
3m,4,0.35456339709417184,13910,13929,6.0,1786718700000.0,1872.46,1870.55,1872.46,1870.69,1872.25,1870.53,1870.57
3m,4,0.35456339709417184,13910,13929,7.0,1786718880000.0,1872.25,1870.53,1870.7,1870.57,1871.51,1870.09,1870.13
3m,4,0.35456339709417184,13910,13929,8.0,1786719060000.0,1871.51,1870.09,1870.57,1870.13,1870.14,1867.19,1867.29
3m,4,0.35456339709417184,13910,13929,9.0,1786719240000.0,1870.14,1867.19,1870.13,1867.29,1868.21,1865.1,1865.6
3m,4,0.35456339709417184,13910,13929,10.0,1786719420000.0,1868.21,1865.1,1867.29,1865.6,1867.63,1864.52,1866.93
3m,4,0.35456339709417184,13910,13929,11.0,1786719600000.0,1867.63,1864.52,1866.93,1865.59,1868.56,1866.4,1867.07
3m,4,0.35456339709417184,13910,13929,12.0,1786719780000.0,1868.56,1866.4,1867.07,1866.94,1867.52,1866.28,1867.36
3m,4,0.35456339709417184,13910,13929,13.0,1786719960000.0,1867.52,1866.28,1867.36,1867.06,1869.09,1866.82,1867.2
3m,4,0.35456339709417184,13910,13929,14.0,1786720140000.0,1869.09,1866.82,1867.36,1867.2,1869.25,1866.82,1868.64
3m,4,0.35456339709417184,13910,13929,15.0,1786720320000.0,1869.25,1866.82,1868.64,1867.21,1869.07,1868.27,1868.75
3m,4,0.35456339709417184,13910,13929,16.0,1786720500000.0,1869.07,1868.27,1868.75,1868.64,1869.58,1868.29,1869.34
3m,4,0.35456339709417184,13910,13929,17.0,1786720680000.0,1869.58,1868.29,1869.34,1868.76,1871.4,1868.97,1870.84
3m,4,0.35456339709417184,13910,13929,18.0,1786720860000.0,1871.4,1868.97,1870.84,1869.34,1875.52,1870.84,1873.75
3m,4,0.35456339709417184,13910,13929,19.0,1786721040000.0,1875.52,1870.84,1873.75,1870.85,1875.33,1873.07,1873.53
3m,5,0.34713643275905137,15843,15862,1.0,1787065740000.0,1915.84,1911.46,1914.51,1911.69,1912.43,1908.44,1912.42
3m,5,0.34713643275905137,15843,15862,2.0,1787065920000.0,1912.43,1908.44,1912.42,1911.68,1913.33,1911.81,1912.66
3m,5,0.34713643275905137,15843,15862,3.0,1787066100000.0,1913.33,1911.81,1912.66,1912.43,1914.73,1912.33,1914.48
3m,5,0.34713643275905137,15843,15862,4.0,1787066280000.0,1914.73,1912.33,1914.48,1912.66,1915.25,1913.87,1915.25
3m,5,0.34713643275905137,15843,15862,5.0,1787066460000.0,1915.25,1913.87,1915.25,1914.49,1915.44,1913.23,1913.42
3m,5,0.34713643275905137,15843,15862,6.0,1787066640000.0,1915.44,1913.23,1915.25,1913.42,1916.28,1912.71,1916.28
3m,5,0.34713643275905137,15843,15862,7.0,1787066820000.0,1916.28,1912.71,1916.28,1913.42,1917.0,1916.0,1916.01
3m,5,0.34713643275905137,15843,15862,8.0,1787067000000.0,1917.0,1916.0,1916.27,1916.01,1917.58,1915.43,1915.62
3m,5,0.34713643275905137,15843,15862,9.0,1787067180000.0,1917.58,1915.43,1916.01,1915.62,1919.0,1915.52,1918.43
3m,5,0.34713643275905137,15843,15862,10.0,1787067360000.0,1919.0,1915.52,1918.43,1915.62,1919.93,1917.73,1918.22
3m,5,0.34713643275905137,15843,15862,11.0,1787067540000.0,1919.93,1917.73,1918.43,1918.22,1918.64,1917.74,1918.11
3m,5,0.34713643275905137,15843,15862,12.0,1787067720000.0,1918.64,1917.74,1918.21,1918.11,1918.79,1916.96,1916.97
3m,5,0.34713643275905137,15843,15862,13.0,1787067900000.0,1918.79,1916.96,1918.11,1916.97,1918.37,1916.51,1918.36
3m,5,0.34713643275905137,15843,15862,14.0,1787068080000.0,1918.37,1916.51,1918.36,1916.96,1918.63,1915.7,1916.04
3m,5,0.34713643275905137,15843,15862,15.0,1787068260000.0,1918.63,1915.7,1918.37,1916.04,1918.51,1916.04,1917.59
3m,5,0.34713643275905137,15843,15862,16.0,1787068440000.0,1918.51,1916.04,1917.59,1916.04,1917.99,1916.66,1917.34
3m,5,0.34713643275905137,15843,15862,17.0,1787068620000.0,1917.99,1916.66,1917.58,1917.34,1917.7,1916.49,1917.7
3m,5,0.34713643275905137,15843,15862,18.0,1787068800000.0,1917.7,1916.49,1917.7,1917.34,1918.18,1917.07,1917.09
3m,5,0.34713643275905137,15843,15862,19.0,1787068980000.0,1918.18,1917.07,1917.71,1917.09,1919.15,1916.44,1919.15
3m,6,0.3470751626272191,2223,2242,1.0,1784614140000.0,1933.2,1930.14,1932.13,1930.15,1930.5,1927.8,1930.49
3m,6,0.3470751626272191,2223,2242,2.0,1784614320000.0,1930.5,1927.8,1930.49,1930.14,1932.49,1930.49,1931.84
3m,6,0.3470751626272191,2223,2242,3.0,1784614500000.0,1932.49,1930.49,1931.84,1930.49,1932.55,1929.85,1930.33
3m,6,0.3470751626272191,2223,2242,4.0,1784614680000.0,1932.55,1929.85,1931.84,1930.33,1931.0,1929.64,1929.64
3m,6,0.3470751626272191,2223,2242,5.0,1784614860000.0,1931.0,1929.64,1930.33,1929.64,1933.66,1929.63,1933.65
3m,6,0.3470751626272191,2223,2242,6.0,1784615040000.0,1933.66,1929.63,1933.65,1929.64,1933.95,1931.14,1932.76
3m,6,0.3470751626272191,2223,2242,7.0,1784615220000.0,1933.95,1931.14,1933.66,1932.76,1933.66,1931.89,1932.42
3m,6,0.3470751626272191,2223,2242,8.0,1784615400000.0,1933.66,1931.89,1932.76,1932.42,1936.85,1932.12,1936.6
3m,6,0.3470751626272191,2223,2242,9.0,1784615580000.0,1936.85,1932.12,1936.6,1932.41,1938.83,1935.42,1938.08
3m,6,0.3470751626272191,2223,2242,10.0,1784615760000.0,1938.83,1935.42,1938.08,1936.6,1939.99,1937.42,1938.26
3m,6,0.3470751626272191,2223,2242,11.0,1784615940000.0,1939.99,1937.42,1938.26,1938.08,1939.32,1937.63,1938.15
3m,6,0.3470751626272191,2223,2242,12.0,1784616120000.0,1939.32,1937.63,1938.26,1938.15,1938.53,1937.29,1937.94
3m,6,0.3470751626272191,2223,2242,13.0,1784616300000.0,1938.53,1937.29,1938.15,1937.94,1938.31,1933.94,1934.46
3m,6,0.3470751626272191,2223,2242,14.0,1784616480000.0,1938.31,1933.94,1937.94,1934.46,1936.58,1934.45,1936.3
3m,6,0.3470751626272191,2223,2242,15.0,1784616660000.0,1936.58,1934.45,1936.3,1934.46,1936.33,1933.71,1934.64
3m,6,0.3470751626272191,2223,2242,16.0,1784616840000.0,1936.33,1933.71,1936.29,1934.64,1935.32,1934.31,1935.01
3m,6,0.3470751626272191,2223,2242,17.0,1784617020000.0,1935.32,1934.31,1935.01,1934.64,1935.98,1935.0,1935.03
3m,6,0.3470751626272191,2223,2242,18.0,1784617200000.0,1935.98,1935.0,1935.03,1935.01,1936.48,1934.43,1936.21
3m,6,0.3470751626272191,2223,2242,19.0,1784617380000.0,1936.48,1934.43,1936.21,1935.03,1936.51,1935.21,1936.18
3m,7,0.34195020811267257,2889,2908,1.0,1784734020000.0,1952.0,1946.53,1949.71,1948.44,1951.35,1947.21,1948.63
3m,7,0.34195020811267257,2889,2908,2.0,1784734200000.0,1951.35,1947.21,1949.71,1948.63,1950.31,1945.45,1945.56
3m,7,0.34195020811267257,2889,2908,3.0,1784734380000.0,1950.31,1945.45,1948.64,1945.56,1945.98,1942.54,1943.19
3m,7,0.34195020811267257,2889,2908,4.0,1784734560000.0,1945.98,1942.54,1945.56,1943.19,1944.55,1940.9,1943.16
3m,7,0.34195020811267257,2889,2908,5.0,1784734740000.0,1944.55,1940.9,1943.2,1943.16,1945.11,1941.53,1944.19
3m,7,0.34195020811267257,2889,2908,6.0,1784734920000.0,1945.11,1941.53,1944.19,1943.17,1944.61,1942.12,1944.33
3m,7,0.34195020811267257,2889,2908,7.0,1784735100000.0,1944.61,1942.12,1944.33,1944.2,1946.9,1941.56,1943.64
3m,7,0.34195020811267257,2889,2908,8.0,1784735280000.0,1946.9,1941.56,1944.33,1943.64,1946.29,1943.63,1945.33
3m,7,0.34195020811267257,2889,2908,9.0,1784735460000.0,1946.29,1943.63,1945.33,1943.63,1946.58,1942.64,1942.65
3m,7,0.34195020811267257,2889,2908,10.0,1784735640000.0,1946.58,1942.64,1945.34,1942.65,1944.46,1941.69,1942.76
3m,7,0.34195020811267257,2889,2908,11.0,1784735820000.0,1944.46,1941.69,1942.76,1942.65,1943.04,1941.41,1943.03
3m,7,0.34195020811267257,2889,2908,12.0,1784736000000.0,1943.04,1941.41,1943.03,1942.76,1943.5,1940.07,1940.07
3m,7,0.34195020811267257,2889,2908,13.0,1784736180000.0,1943.5,1940.07,1943.04,1940.07,1942.13,1939.32,1942.13
3m,7,0.34195020811267257,2889,2908,14.0,1784736360000.0,1942.13,1939.32,1942.13,1940.07,1946.61,1942.03,1946.6
3m,7,0.34195020811267257,2889,2908,15.0,1784736540000.0,1946.61,1942.03,1946.6,1942.13,1947.24,1943.19,1943.8
3m,7,0.34195020811267257,2889,2908,16.0,1784736720000.0,1947.24,1943.19,1946.61,1943.8,1945.58,1943.66,1944.39
3m,7,0.34195020811267257,2889,2908,17.0,1784736900000.0,1945.58,1943.66,1944.39,1943.8,1944.39,1937.93,1938.23
3m,7,0.34195020811267257,2889,2908,18.0,1784737080000.0,1944.39,1937.93,1944.39,1938.23,1942.24,1938.17,1942.24
3m,7,0.34195020811267257,2889,2908,19.0,1784737260000.0,1942.24,1938.17,1942.24,1938.22,1942.25,1940.13,1940.16
3m,8,0.341199558578006,20164,20183,1.0,1787843520000.0,2523.49,2519.66,2522.6,2519.98,2530.32,2521.83,2526.38
3m,8,0.341199558578006,20164,20183,2.0,1787843700000.0,2530.32,2521.83,2526.38,2522.61,2527.18,2519.78,2527.18
3m,8,0.341199558578006,20164,20183,3.0,1787843880000.0,2527.18,2519.78,2527.18,2526.38,2527.84,2520.0,2520.45
3m,8,0.341199558578006,20164,20183,4.0,1787844060000.0,2527.84,2520.0,2527.19,2520.45,2521.8,2516.46,2519.77
3m,8,0.341199558578006,20164,20183,5.0,1787844240000.0,2521.8,2516.46,2520.44,2519.77,2521.29,2518.46,2521.29
3m,8,0.341199558578006,20164,20183,6.0,1787844420000.0,2521.29,2518.46,2521.29,2519.77,2524.78,2521.01,2523.1
3m,8,0.341199558578006,20164,20183,7.0,1787844600000.0,2524.78,2521.01,2523.1,2521.29,2523.49,2518.25,2519.33
3m,8,0.341199558578006,20164,20183,8.0,1787844780000.0,2523.49,2518.25,2523.1,2519.33,2520.27,2515.23,2518.27
3m,8,0.341199558578006,20164,20183,9.0,1787844960000.0,2520.27,2515.23,2519.32,2518.27,2531.84,2516.59,2528.66
3m,8,0.341199558578006,20164,20183,10.0,1787845140000.0,2531.84,2516.59,2528.66,2518.27,2530.76,2521.87,2526.76
3m,8,0.341199558578006,20164,20183,11.0,1787845320000.0,2530.76,2521.87,2528.67,2526.76,2529.56,2524.82,2525.79
3m,8,0.341199558578006,20164,20183,12.0,1787845500000.0,2529.56,2524.82,2526.75,2525.79,2526.37,2519.82,2519.91
3m,8,0.341199558578006,20164,20183,13.0,1787845680000.0,2526.37,2519.82,2525.79,2519.91,2524.36,2519.91,2523.59
3m,8,0.341199558578006,20164,20183,14.0,1787845860000.0,2524.36,2519.91,2523.59,2519.91,2523.58,2520.71,2521.24
3m,8,0.341199558578006,20164,20183,15.0,1787846040000.0,2523.58,2520.71,2523.58,2521.24,2523.05,2519.78,2521.38
3m,8,0.341199558578006,20164,20183,16.0,1787846220000.0,2523.05,2519.78,2521.38,2521.24,2523.56,2521.21,2521.68
3m,8,0.341199558578006,20164,20183,17.0,1787846400000.0,2523.56,2521.21,2521.68,2521.39,2524.77,2521.67,2524.32
3m,8,0.341199558578006,20164,20183,18.0,1787846580000.0,2524.77,2521.67,2524.32,2521.68,2526.88,2523.42,2525.76
3m,8,0.341199558578006,20164,20183,19.0,1787846760000.0,2526.88,2523.42,2525.76,2524.32,2525.75,2516.32,2518.2
3m,9,0.3407102767385392,717,736,1.0,1784343060000.0,1843.19,1842.1,1843.19,1842.1,1842.54,1841.63,1842.4
3m,9,0.3407102767385392,717,736,2.0,1784343240000.0,1842.54,1841.63,1842.4,1842.1,1842.6,1841.9,1842.05
3m,9,0.3407102767385392,717,736,3.0,1784343420000.0,1842.6,1841.9,1842.4,1842.05,1842.18,1841.84,1841.91
3m,9,0.3407102767385392,717,736,4.0,1784343600000.0,1842.18,1841.84,1842.04,1841.91,1842.24,1841.62,1842.04
3m,9,0.3407102767385392,717,736,5.0,1784343780000.0,1842.24,1841.62,1842.04,1841.91,1842.49,1841.53,1842.48
3m,9,0.3407102767385392,717,736,6.0,1784343960000.0,1842.49,1841.53,1842.48,1842.05,1843.99,1842.46,1843.99
3m,9,0.3407102767385392,717,736,7.0,1784344140000.0,1843.99,1842.46,1843.99,1842.48,1844.18,1841.94,1841.94
3m,9,0.3407102767385392,717,736,8.0,1784344320000.0,1844.18,1841.94,1843.99,1841.94,1843.29,1841.46,1843.16
3m,9,0.3407102767385392,717,736,9.0,1784344500000.0,1843.29,1841.46,1843.16,1841.93,1843.98,1842.8,1843.98
3m,9,0.3407102767385392,717,736,10.0,1784344680000.0,1843.98,1842.8,1843.98,1843.17,1844.58,1843.37,1843.99
3m,9,0.3407102767385392,717,736,11.0,1784344860000.0,1844.58,1843.37,1843.99,1843.98,1844.36,1843.39,1844.08
3m,9,0.3407102767385392,717,736,12.0,1784345040000.0,1844.36,1843.39,1844.08,1843.98,1844.08,1843.08,1843.42
3m,9,0.3407102767385392,717,736,13.0,1784345220000.0,1844.08,1843.08,1844.08,1843.42,1843.83,1843.05,1843.55
3m,9,0.3407102767385392,717,736,14.0,1784345400000.0,1843.83,1843.05,1843.55,1843.42,1844.59,1843.18,1843.18
3m,9,0.3407102767385392,717,736,15.0,1784345580000.0,1844.59,1843.18,1843.56,1843.18,1843.92,1843.14,1843.15
3m,9,0.3407102767385392,717,736,16.0,1784345760000.0,1843.92,1843.14,1843.19,1843.15,1843.29,1842.97,1843.11
3m,9,0.3407102767385392,717,736,17.0,1784345940000.0,1843.29,1842.97,1843.14,1843.11,1844.4,1842.78,1843.84
3m,9,0.3407102767385392,717,736,18.0,1784346120000.0,1844.4,1842.78,1843.84,1843.12,1844.56,1843.14,1843.16
3m,9,0.3407102767385392,717,736,19.0,1784346300000.0,1844.56,1843.14,1843.85,1843.16,1843.16,1842.9,1843.03
3m,10,0.3394089656411916,24443,24462,1.0,1788613740000.0,2460.48,2459.52,2460.38,2459.59,2459.6,2458.02,2458.67
3m,10,0.3394089656411916,24443,24462,2.0,1788613920000.0,2459.6,2458.02,2459.59,2458.67,2459.67,2458.34,2459.64
3m,10,0.3394089656411916,24443,24462,3.0,1788614100000.0,2459.67,2458.34,2459.64,2458.67,2459.76,2458.04,2458.15
3m,10,0.3394089656411916,24443,24462,4.0,1788614280000.0,2459.76,2458.04,2459.65,2458.15,2458.45,2458.0,2458.45
3m,10,0.3394089656411916,24443,24462,5.0,1788614460000.0,2458.45,2458.0,2458.45,2458.14,2461.73,2458.45,2461.41
3m,10,0.3394089656411916,24443,24462,6.0,1788614640000.0,2461.73,2458.45,2461.41,2458.45,2462.0,2459.99,2460.19
3m,10,0.3394089656411916,24443,24462,7.0,1788614820000.0,2462.0,2459.99,2461.4,2460.19,2460.57,2459.61,2459.62
3m,10,0.3394089656411916,24443,24462,8.0,1788615000000.0,2460.57,2459.61,2460.2,2459.62,2460.22,2459.62,2460.22
3m,10,0.3394089656411916,24443,24462,9.0,1788615180000.0,2460.22,2459.62,2460.22,2459.62,2460.58,2458.82,2459.23
3m,10,0.3394089656411916,24443,24462,10.0,1788615360000.0,2460.58,2458.82,2460.22,2459.23,2460.08,2457.33,2457.34
3m,10,0.3394089656411916,24443,24462,11.0,1788615540000.0,2460.08,2457.33,2459.24,2457.34,2459.99,2456.83,2458.33
3m,10,0.3394089656411916,24443,24462,12.0,1788615720000.0,2459.99,2456.83,2458.33,2457.33,2458.33,2456.04,2456.84
3m,10,0.3394089656411916,24443,24462,13.0,1788615900000.0,2458.33,2456.04,2458.33,2456.84,2457.8,2456.69,2457.51
3m,10,0.3394089656411916,24443,24462,14.0,1788616080000.0,2457.8,2456.69,2457.51,2456.84,2457.61,2450.0,2451.58
3m,10,0.3394089656411916,24443,24462,15.0,1788616260000.0,2457.61,2450.0,2457.51,2451.58,2453.55,2450.06,2452.22
3m,10,0.3394089656411916,24443,24462,16.0,1788616440000.0,2453.55,2450.06,2452.22,2451.57,2453.64,2452.21,2452.67
3m,10,0.3394089656411916,24443,24462,17.0,1788616620000.0,2453.64,2452.21,2452.67,2452.21,2454.15,2452.39,2454.15
3m,10,0.3394089656411916,24443,24462,18.0,1788616800000.0,2454.15,2452.39,2454.15,2452.67,2456.3,2453.93,2455.78
3m,10,0.3394089656411916,24443,24462,19.0,1788616980000.0,2456.3,2453.93,2455.78,2454.15,2455.78,2454.37,2454.83
3m,11,0.3389083866351877,27104,27123,1.0,1789092720000.0,2453.93,2452.0,2453.92,2452.55,2455.25,2452.55,2454.35
3m,11,0.3389083866351877,27104,27123,2.0,1789092900000.0,2455.25,2452.55,2454.35,2452.55,2454.35,2450.97,2450.97
3m,11,0.3389083866351877,27104,27123,3.0,1789093080000.0,2454.35,2450.97,2454.34,2450.97,2451.23,2449.7,2450.36
3m,11,0.3389083866351877,27104,27123,4.0,1789093260000.0,2451.23,2449.7,2450.97,2450.36,2451.34,2449.47,2449.47
3m,11,0.3389083866351877,27104,27123,5.0,1789093440000.0,2451.34,2449.47,2450.36,2449.47,2449.48,2446.0,2446.1
3m,11,0.3389083866351877,27104,27123,6.0,1789093620000.0,2449.48,2446.0,2449.47,2446.1,2447.99,2445.72,2447.07
3m,11,0.3389083866351877,27104,27123,7.0,1789093800000.0,2447.99,2445.72,2447.07,2446.1,2447.58,2446.24,2446.55
3m,11,0.3389083866351877,27104,27123,8.0,1789093980000.0,2447.58,2446.24,2447.07,2446.55,2446.68,2445.64,2446.4
3m,11,0.3389083866351877,27104,27123,9.0,1789094160000.0,2446.68,2445.64,2446.54,2446.4,2449.95,2446.29,2449.79
3m,11,0.3389083866351877,27104,27123,10.0,1789094340000.0,2449.95,2446.29,2449.79,2446.4,2450.03,2449.07,2449.68
3m,11,0.3389083866351877,27104,27123,11.0,1789094520000.0,2450.03,2449.07,2449.78,2449.68,2450.0,2448.32,2448.51
3m,11,0.3389083866351877,27104,27123,12.0,1789094700000.0,2450.0,2448.32,2449.68,2448.51,2450.0,2447.46,2449.28
3m,11,0.3389083866351877,27104,27123,13.0,1789094880000.0,2450.0,2447.46,2449.28,2448.51,2450.87,2448.75,2450.21
3m,11,0.3389083866351877,27104,27123,14.0,1789095060000.0,2450.87,2448.75,2450.21,2449.28,2450.41,2445.67,2446.18
3m,11,0.3389083866351877,27104,27123,15.0,1789095240000.0,2450.41,2445.67,2450.21,2446.18,2447.97,2444.61,2447.26
3m,11,0.3389083866351877,27104,27123,16.0,1789095420000.0,2447.97,2444.61,2447.26,2446.18,2447.63,2446.28,2446.91
3m,11,0.3389083866351877,27104,27123,17.0,1789095600000.0,2447.63,2446.28,2447.26,2446.91,2447.53,2446.07,2447.1
3m,11,0.3389083866351877,27104,27123,18.0,1789095780000.0,2447.53,2446.07,2447.1,2446.91,2447.15,2443.13,2443.13
3m,11,0.3389083866351877,27104,27123,19.0,1789095960000.0,2447.15,2443.13,2447.08,2443.13,2443.7,2441.74,2442.08
3m,12,0.3386066452137425,25475,25494,1.0,1788799500000.0,2481.45,2480.42,2481.45,2480.66,2481.3,2479.71,2479.72
3m,12,0.3386066452137425,25475,25494,2.0,1788799680000.0,2481.3,2479.71,2480.66,2479.72,2480.7,2479.43,2480.33
3m,12,0.3386066452137425,25475,25494,3.0,1788799860000.0,2480.7,2479.43,2480.33,2479.72,2481.82,2479.86,2481.56
3m,12,0.3386066452137425,25475,25494,4.0,1788800040000.0,2481.82,2479.86,2481.56,2480.32,2482.32,2480.96,2481.48
3m,12,0.3386066452137425,25475,25494,5.0,1788800220000.0,2482.32,2480.96,2481.56,2481.48,2483.03,2480.09,2482.8
3m,12,0.3386066452137425,25475,25494,6.0,1788800400000.0,2483.03,2480.09,2482.8,2481.48,2483.91,2482.23,2482.76
3m,12,0.3386066452137425,25475,25494,7.0,1788800580000.0,2483.91,2482.23,2482.81,2482.76,2483.88,2482.38,2482.75
3m,12,0.3386066452137425,25475,25494,8.0,1788800760000.0,2483.88,2482.38,2482.77,2482.75,2486.71,2482.74,2486.54
3m,12,0.3386066452137425,25475,25494,9.0,1788800940000.0,2486.71,2482.74,2486.54,2482.75,2488.5,2486.14,2487.52
3m,12,0.3386066452137425,25475,25494,10.0,1788801120000.0,2488.5,2486.14,2487.52,2486.54,2490.81,2487.28,2490.0
3m,12,0.3386066452137425,25475,25494,11.0,1788801300000.0,2490.81,2487.28,2490.0,2487.52,2490.79,2488.5,2490.3
3m,12,0.3386066452137425,25475,25494,12.0,1788801480000.0,2490.79,2488.5,2490.3,2490.0,2491.67,2490.29,2491.03
3m,12,0.3386066452137425,25475,25494,13.0,1788801660000.0,2491.67,2490.29,2491.03,2490.3,2491.03,2488.53,2488.87
3m,12,0.3386066452137425,25475,25494,14.0,1788801840000.0,2491.03,2488.53,2491.03,2488.87,2489.4,2486.52,2488.65
3m,12,0.3386066452137425,25475,25494,15.0,1788802020000.0,2489.4,2486.52,2488.86,2488.65,2490.18,2487.4,2488.57
3m,12,0.3386066452137425,25475,25494,16.0,1788802200000.0,2490.18,2487.4,2488.65,2488.57,2489.0,2487.42,2487.42
3m,12,0.3386066452137425,25475,25494,17.0,1788802380000.0,2489.0,2487.42,2488.57,2487.42,2487.83,2486.26,2486.26
3m,12,0.3386066452137425,25475,25494,18.0,1788802560000.0,2487.83,2486.26,2487.42,2486.26,2488.98,2485.8,2488.38
3m,12,0.3386066452137425,25475,25494,19.0,1788802740000.0,2488.98,2485.8,2488.38,2486.27,2491.2,2487.77,2491.16
3m,13,0.3381004943027936,23834,23853,1.0,1788504120000.0,2508.92,2505.73,2507.93,2505.74,2509.0,2507.56,2509.0
3m,13,0.3381004943027936,23834,23853,2.0,1788504300000.0,2509.0,2507.56,2509.0,2507.92,2509.04,2506.4,2506.42
3m,13,0.3381004943027936,23834,23853,3.0,1788504480000.0,2509.04,2506.4,2509.0,2506.42,2506.61,2505.38,2505.57
3m,13,0.3381004943027936,23834,23853,4.0,1788504660000.0,2506.61,2505.38,2506.42,2505.57,2506.34,2504.53,2505.99
3m,13,0.3381004943027936,23834,23853,5.0,1788504840000.0,2506.34,2504.53,2505.99,2505.57,2508.44,2505.98,2507.61
3m,13,0.3381004943027936,23834,23853,6.0,1788505020000.0,2508.44,2505.98,2507.61,2505.99,2508.19,2506.99,2508.19
3m,13,0.3381004943027936,23834,23853,7.0,1788505200000.0,2508.19,2506.99,2508.19,2507.61,2511.24,2507.76,2510.55
3m,13,0.3381004943027936,23834,23853,8.0,1788505380000.0,2511.24,2507.76,2510.55,2508.19,2513.95,2510.54,2513.36
3m,13,0.3381004943027936,23834,23853,9.0,1788505560000.0,2513.95,2510.54,2513.36,2510.54,2514.77,2512.55,2514.35
3m,13,0.3381004943027936,23834,23853,10.0,1788505740000.0,2514.77,2512.55,2514.35,2513.37,2515.77,2513.8,2515.58
3m,13,0.3381004943027936,23834,23853,11.0,1788505920000.0,2515.77,2513.8,2515.58,2514.35,2516.5,2514.64,2515.41
3m,13,0.3381004943027936,23834,23853,12.0,1788506100000.0,2516.5,2514.64,2515.58,2515.41,2515.41,2512.62,2513.83
3m,13,0.3381004943027936,23834,23853,13.0,1788506280000.0,2515.41,2512.62,2515.41,2513.83,2515.83,2513.83,2514.5
3m,13,0.3381004943027936,23834,23853,14.0,1788506460000.0,2515.83,2513.83,2514.5,2513.83,2514.51,2510.81,2510.81
3m,13,0.3381004943027936,23834,23853,15.0,1788506640000.0,2514.51,2510.81,2514.5,2510.81,2511.45,2509.9,2511.07
3m,13,0.3381004943027936,23834,23853,16.0,1788506820000.0,2511.45,2509.9,2511.07,2510.92,2513.0,2510.98,2511.34
3m,13,0.3381004943027936,23834,23853,17.0,1788507000000.0,2513.0,2510.98,2511.34,2511.07,2513.0,2510.38,2511.64
3m,13,0.3381004943027936,23834,23853,18.0,1788507180000.0,2513.0,2510.38,2511.64,2511.35,2512.21,2508.94,2509.37
3m,13,0.3381004943027936,23834,23853,19.0,1788507360000.0,2512.21,2508.94,2511.63,2509.37,2509.36,2506.49,2507.44
3m,14,0.33467721500550995,6340,6359,1.0,1785355200000.0,1891.0,1887.33,1890.38,1888.56,1889.89,1881.27,1885.17
3m,14,0.33467721500550995,6340,6359,2.0,1785355380000.0,1889.89,1881.27,1888.57,1885.17,1888.19,1883.32,1886.14
3m,14,0.33467721500550995,6340,6359,3.0,1785355560000.0,1888.19,1883.32,1886.14,1885.2,1889.34,1883.53,1883.53
3m,14,0.33467721500550995,6340,6359,4.0,1785355740000.0,1889.34,1883.53,1886.14,1883.53,1884.51,1880.0,1884.51
3m,14,0.33467721500550995,6340,6359,5.0,1785355920000.0,1884.51,1880.0,1884.51,1883.53,1889.1,1882.56,1887.79
3m,14,0.33467721500550995,6340,6359,6.0,1785356100000.0,1889.1,1882.56,1887.79,1884.52,1891.51,1886.86,1890.7
3m,14,0.33467721500550995,6340,6359,7.0,1785356280000.0,1891.51,1886.86,1890.7,1887.78,1890.83,1887.57,1888.78
3m,14,0.33467721500550995,6340,6359,8.0,1785356460000.0,1890.83,1887.57,1890.69,1888.78,1890.95,1888.0,1889.85
3m,14,0.33467721500550995,6340,6359,9.0,1785356640000.0,1890.95,1888.0,1889.85,1888.77,1889.86,1884.11,1884.85
3m,14,0.33467721500550995,6340,6359,10.0,1785356820000.0,1889.86,1884.11,1889.85,1884.85,1884.86,1878.14,1884.1
3m,14,0.33467721500550995,6340,6359,11.0,1785357000000.0,1884.86,1878.14,1884.85,1884.1,1885.58,1882.53,1884.64
3m,14,0.33467721500550995,6340,6359,12.0,1785357180000.0,1885.58,1882.53,1884.64,1884.11,1888.5,1882.99,1888.25
3m,14,0.33467721500550995,6340,6359,13.0,1785357360000.0,1888.5,1882.99,1888.25,1884.64,1889.69,1886.76,1889.68
3m,14,0.33467721500550995,6340,6359,14.0,1785357540000.0,1889.69,1886.76,1889.68,1888.26,1891.99,1889.46,1890.04
3m,14,0.33467721500550995,6340,6359,15.0,1785357720000.0,1891.99,1889.46,1890.04,1889.69,1891.63,1888.93,1889.21
3m,14,0.33467721500550995,6340,6359,16.0,1785357900000.0,1891.63,1888.93,1890.05,1889.21,1890.6,1888.32,1888.95
3m,14,0.33467721500550995,6340,6359,17.0,1785358080000.0,1890.6,1888.32,1889.21,1888.95,1889.68,1885.0,1885.57
3m,14,0.33467721500550995,6340,6359,18.0,1785358260000.0,1889.68,1885.0,1888.95,1885.57,1887.77,1883.74,1886.54
3m,14,0.33467721500550995,6340,6359,19.0,1785358440000.0,1887.77,1883.74,1886.54,1885.56,1888.3,1883.16,1884.86
3m,15,0.33309803238900393,15844,15863,1.0,1787065920000.0,1912.43,1908.44,1912.42,1911.68,1913.33,1911.81,1912.66
3m,15,0.33309803238900393,15844,15863,2.0,1787066100000.0,1913.33,1911.81,1912.66,1912.43,1914.73,1912.33,1914.48
3m,15,0.33309803238900393,15844,15863,3.0,1787066280000.0,1914.73,1912.33,1914.48,1912.66,1915.25,1913.87,1915.25
3m,15,0.33309803238900393,15844,15863,4.0,1787066460000.0,1915.25,1913.87,1915.25,1914.49,1915.44,1913.23,1913.42
3m,15,0.33309803238900393,15844,15863,5.0,1787066640000.0,1915.44,1913.23,1915.25,1913.42,1916.28,1912.71,1916.28
3m,15,0.33309803238900393,15844,15863,6.0,1787066820000.0,1916.28,1912.71,1916.28,1913.42,1917.0,1916.0,1916.01
3m,15,0.33309803238900393,15844,15863,7.0,1787067000000.0,1917.0,1916.0,1916.27,1916.01,1917.58,1915.43,1915.62
3m,15,0.33309803238900393,15844,15863,8.0,1787067180000.0,1917.58,1915.43,1916.01,1915.62,1919.0,1915.52,1918.43
3m,15,0.33309803238900393,15844,15863,9.0,1787067360000.0,1919.0,1915.52,1918.43,1915.62,1919.93,1917.73,1918.22
3m,15,0.33309803238900393,15844,15863,10.0,1787067540000.0,1919.93,1917.73,1918.43,1918.22,1918.64,1917.74,1918.11
3m,15,0.33309803238900393,15844,15863,11.0,1787067720000.0,1918.64,1917.74,1918.21,1918.11,1918.79,1916.96,1916.97
3m,15,0.33309803238900393,15844,15863,12.0,1787067900000.0,1918.79,1916.96,1918.11,1916.97,1918.37,1916.51,1918.36
3m,15,0.33309803238900393,15844,15863,13.0,1787068080000.0,1918.37,1916.51,1918.36,1916.96,1918.63,1915.7,1916.04
3m,15,0.33309803238900393,15844,15863,14.0,1787068260000.0,1918.63,1915.7,1918.37,1916.04,1918.51,1916.04,1917.59
3m,15,0.33309803238900393,15844,15863,15.0,1787068440000.0,1918.51,1916.04,1917.59,1916.04,1917.99,1916.66,1917.34
3m,15,0.33309803238900393,15844,15863,16.0,1787068620000.0,1917.99,1916.66,1917.58,1917.34,1917.7,1916.49,1917.7
3m,15,0.33309803238900393,15844,15863,17.0,1787068800000.0,1917.7,1916.49,1917.7,1917.34,1918.18,1917.07,1917.09
3m,15,0.33309803238900393,15844,15863,18.0,1787068980000.0,1918.18,1917.07,1917.71,1917.09,1919.15,1916.44,1919.15
3m,15,0.33309803238900393,15844,15863,19.0,1787069160000.0,1919.15,1916.44,1919.15,1917.1,1919.4,1916.05,1916.32
3m,16,0.3327662024106288,1274,1293,1.0,1784443320000.0,1870.27,1870.07,1870.27,1870.15,1870.38,1869.62,1870.38
3m,16,0.3327662024106288,1274,1293,2.0,1784443500000.0,1870.38,1869.62,1870.38,1870.26,1870.61,1869.12,1869.17
3m,16,0.3327662024106288,1274,1293,3.0,1784443680000.0,1870.61,1869.12,1870.37,1869.17,1869.49,1868.71,1869.41
3m,16,0.3327662024106288,1274,1293,4.0,1784443860000.0,1869.49,1868.71,1869.41,1869.16,1869.8,1869.13,1869.45
3m,16,0.3327662024106288,1274,1293,5.0,1784444040000.0,1869.8,1869.13,1869.45,1869.41,1869.46,1869.07,1869.18
3m,16,0.3327662024106288,1274,1293,6.0,1784444220000.0,1869.46,1869.07,1869.46,1869.18,1869.76,1869.18,1869.39
3m,16,0.3327662024106288,1274,1293,7.0,1784444400000.0,1869.76,1869.18,1869.39,1869.18,1869.39,1869.04,1869.39
3m,16,0.3327662024106288,1274,1293,8.0,1784444580000.0,1869.39,1869.04,1869.39,1869.39,1869.39,1868.29,1868.61
3m,16,0.3327662024106288,1274,1293,9.0,1784444760000.0,1869.39,1868.29,1869.39,1868.61,1868.61,1867.55,1868.15
3m,16,0.3327662024106288,1274,1293,10.0,1784444940000.0,1868.61,1867.55,1868.61,1868.15,1868.27,1867.61,1867.92
3m,16,0.3327662024106288,1274,1293,11.0,1784445120000.0,1868.27,1867.61,1868.16,1867.92,1868.04,1867.14,1868.04
3m,16,0.3327662024106288,1274,1293,12.0,1784445300000.0,1868.04,1867.14,1868.04,1867.92,1868.04,1867.52,1867.67
3m,16,0.3327662024106288,1274,1293,13.0,1784445480000.0,1868.04,1867.52,1868.03,1867.67,1869.15,1867.67,1869.15
3m,16,0.3327662024106288,1274,1293,14.0,1784445660000.0,1869.15,1867.67,1869.15,1867.67,1869.69,1868.61,1868.7
3m,16,0.3327662024106288,1274,1293,15.0,1784445840000.0,1869.69,1868.61,1869.16,1868.7,1869.55,1868.7,1869.44
3m,16,0.3327662024106288,1274,1293,16.0,1784446020000.0,1869.55,1868.7,1869.44,1868.7,1869.68,1869.44,1869.55
3m,16,0.3327662024106288,1274,1293,17.0,1784446200000.0,1869.68,1869.44,1869.55,1869.44,1869.55,1868.68,1868.68
3m,16,0.3327662024106288,1274,1293,18.0,1784446380000.0,1869.55,1868.68,1869.55,1868.68,1869.97,1868.68,1869.97
3m,16,0.3327662024106288,1274,1293,19.0,1784446560000.0,1869.97,1868.68,1869.97,1868.68,1870.6,1869.38,1870.6
3m,17,0.3299119250000479,26015,26034,1.0,1788896700000.0,2484.13,2482.0,2483.94,2482.01,2482.01,2478.99,2479.91
3m,17,0.3299119250000479,26015,26034,2.0,1788896880000.0,2482.01,2478.99,2482.0,2479.91,2480.71,2476.57,2477.63
3m,17,0.3299119250000479,26015,26034,3.0,1788897060000.0,2480.71,2476.57,2479.92,2477.63,2479.93,2477.05,2479.08
3m,17,0.3299119250000479,26015,26034,4.0,1788897240000.0,2479.93,2477.05,2479.08,2477.64,2479.18,2476.83,2478.87
3m,17,0.3299119250000479,26015,26034,5.0,1788897420000.0,2479.18,2476.83,2479.08,2478.87,2482.32,2478.14,2482.32
3m,17,0.3299119250000479,26015,26034,6.0,1788897600000.0,2482.32,2478.14,2482.32,2478.88,2485.02,2482.16,2483.48
3m,17,0.3299119250000479,26015,26034,7.0,1788897780000.0,2485.02,2482.16,2483.48,2482.31,2484.67,2480.56,2483.13
3m,17,0.3299119250000479,26015,26034,8.0,1788897960000.0,2484.67,2480.56,2483.49,2483.13,2486.32,2483.12,2486.32
3m,17,0.3299119250000479,26015,26034,9.0,1788898140000.0,2486.32,2483.12,2486.32,2483.12,2490.81,2486.31,2490.05
3m,17,0.3299119250000479,26015,26034,10.0,1788898320000.0,2490.81,2486.31,2490.05,2486.32,2491.67,2489.01,2490.77
3m,17,0.3299119250000479,26015,26034,11.0,1788898500000.0,2491.67,2489.01,2490.77,2490.05,2491.17,2486.4,2487.41
3m,17,0.3299119250000479,26015,26034,12.0,1788898680000.0,2491.17,2486.4,2490.77,2487.41,2488.16,2484.4,2484.4
3m,17,0.3299119250000479,26015,26034,13.0,1788898860000.0,2488.16,2484.4,2487.41,2484.4,2486.75,2484.4,2484.98
3m,17,0.3299119250000479,26015,26034,14.0,1788899040000.0,2486.75,2484.4,2484.98,2484.4,2486.13,2483.13,2485.49
3m,17,0.3299119250000479,26015,26034,15.0,1788899220000.0,2486.13,2483.13,2485.49,2484.98,2487.62,2485.28,2487.15
3m,17,0.3299119250000479,26015,26034,16.0,1788899400000.0,2487.62,2485.28,2487.15,2485.5,2487.15,2483.16,2483.16
3m,17,0.3299119250000479,26015,26034,17.0,1788899580000.0,2487.15,2483.16,2487.14,2483.16,2483.16,2480.92,2481.17
3m,17,0.3299119250000479,26015,26034,18.0,1788899760000.0,2483.16,2480.92,2483.15,2481.17,2485.0,2481.18,2484.99
3m,17,0.3299119250000479,26015,26034,19.0,1788899940000.0,2485.0,2481.18,2484.99,2481.18,2485.33,2481.71,2482.54
3m,18,0.329895674256261,5579,5598,1.0,1785218220000.0,1886.85,1885.5,1886.1,1885.56,1885.57,1883.16,1883.16
3m,18,0.329895674256261,5579,5598,2.0,1785218400000.0,1885.57,1883.16,1885.57,1883.16,1883.2,1882.01,1882.3
3m,18,0.329895674256261,5579,5598,3.0,1785218580000.0,1883.2,1882.01,1883.16,1882.3,1882.3,1881.0,1881.26
3m,18,0.329895674256261,5579,5598,4.0,1785218760000.0,1882.3,1881.0,1882.29,1881.26,1881.91,1881.04,1881.37
3m,18,0.329895674256261,5579,5598,5.0,1785218940000.0,1881.91,1881.04,1881.37,1881.27,1881.36,1878.97,1879.31
3m,18,0.329895674256261,5579,5598,6.0,1785219120000.0,1881.36,1878.97,1881.36,1879.31,1880.49,1878.54,1879.9
3m,18,0.329895674256261,5579,5598,7.0,1785219300000.0,1880.49,1878.54,1879.9,1879.31,1880.6,1879.49,1879.5
3m,18,0.329895674256261,5579,5598,8.0,1785219480000.0,1880.6,1879.49,1879.89,1879.5,1881.17,1879.43,1880.43
3m,18,0.329895674256261,5579,5598,9.0,1785219660000.0,1881.17,1879.43,1880.43,1879.5,1883.42,1880.43,1882.05
3m,18,0.329895674256261,5579,5598,10.0,1785219840000.0,1883.42,1880.43,1882.05,1880.43,1883.43,1881.04,1882.79
3m,18,0.329895674256261,5579,5598,11.0,1785220020000.0,1883.43,1881.04,1882.79,1882.06,1883.18,1881.43,1883.18
3m,18,0.329895674256261,5579,5598,12.0,1785220200000.0,1883.18,1881.43,1883.18,1882.79,1884.28,1882.84,1883.39
3m,18,0.329895674256261,5579,5598,13.0,1785220380000.0,1884.28,1882.84,1883.39,1883.18,1884.86,1882.74,1884.86
3m,18,0.329895674256261,5579,5598,14.0,1785220560000.0,1884.86,1882.74,1884.86,1883.38,1885.72,1884.2,1885.06
3m,18,0.329895674256261,5579,5598,15.0,1785220740000.0,1885.72,1884.2,1885.06,1884.86,1886.2,1884.81,1885.7
3m,18,0.329895674256261,5579,5598,16.0,1785220920000.0,1886.2,1884.81,1885.7,1885.06,1886.5,1885.7,1886.02
3m,18,0.329895674256261,5579,5598,17.0,1785221100000.0,1886.5,1885.7,1886.02,1885.71,1886.53,1885.05,1885.8
3m,18,0.329895674256261,5579,5598,18.0,1785221280000.0,1886.53,1885.05,1886.01,1885.8,1887.57,1885.67,1887.57
3m,18,0.329895674256261,5579,5598,19.0,1785221460000.0,1887.57,1885.67,1887.57,1885.79,1887.57,1886.62,1886.88
3m,19,0.32979472102055435,19556,19575,1.0,1787734080000.0,2464.19,2461.43,2464.19,2461.47,2462.0,2460.54,2461.34
3m,19,0.32979472102055435,19556,19575,2.0,1787734260000.0,2462.0,2460.54,2461.47,2461.34,2461.34,2457.35,2458.74
3m,19,0.32979472102055435,19556,19575,3.0,1787734440000.0,2461.34,2457.35,2461.34,2458.74,2458.74,2454.21,2456.51
3m,19,0.32979472102055435,19556,19575,4.0,1787734620000.0,2458.74,2454.21,2458.74,2456.51,2456.51,2453.66,2456.29
3m,19,0.32979472102055435,19556,19575,5.0,1787734800000.0,2456.51,2453.66,2456.51,2456.29,2459.84,2454.6,2458.58
3m,19,0.32979472102055435,19556,19575,6.0,1787734980000.0,2459.84,2454.6,2458.58,2456.29,2460.5,2458.01,2459.68
3m,19,0.32979472102055435,19556,19575,7.0,1787735160000.0,2460.5,2458.01,2459.68,2458.58,2461.0,2458.13,2458.61
3m,19,0.32979472102055435,19556,19575,8.0,1787735340000.0,2461.0,2458.13,2459.69,2458.61,2459.45,2458.13,2459.39
3m,19,0.32979472102055435,19556,19575,9.0,1787735520000.0,2459.45,2458.13,2459.39,2458.61,2459.39,2456.09,2456.09
3m,19,0.32979472102055435,19556,19575,10.0,1787735700000.0,2459.39,2456.09,2459.38,2456.09,2456.44,2447.88,2450.76
3m,19,0.32979472102055435,19556,19575,11.0,1787735880000.0,2456.44,2447.88,2456.1,2450.76,2453.0,2445.24,2449.58
3m,19,0.32979472102055435,19556,19575,12.0,1787736060000.0,2453.0,2445.24,2450.76,2449.58,2450.63,2445.87,2446.0
3m,19,0.32979472102055435,19556,19575,13.0,1787736240000.0,2450.63,2445.87,2449.58,2446.0,2451.42,2446.01,2450.28
3m,19,0.32979472102055435,19556,19575,14.0,1787736420000.0,2451.42,2446.01,2450.28,2446.01,2450.75,2449.59,2450.61
3m,19,0.32979472102055435,19556,19575,15.0,1787736600000.0,2450.75,2449.59,2450.61,2450.28,2452.44,2448.11,2451.47
3m,19,0.32979472102055435,19556,19575,16.0,1787736780000.0,2452.44,2448.11,2451.47,2450.61,2453.2,2451.14,2451.14
3m,19,0.32979472102055435,19556,19575,17.0,1787736960000.0,2453.2,2451.14,2451.48,2451.14,2451.42,2448.19,2449.39
3m,19,0.32979472102055435,19556,19575,18.0,1787737140000.0,2451.42,2448.19,2451.14,2449.39,2449.89,2446.39,2448.25
3m,19,0.32979472102055435,19556,19575,19.0,1787737320000.0,2449.89,2446.39,2449.4,2448.25,2448.25,2444.25,2444.85
3m,20,0.32909203104128637,29492,29511,1.0,1789522560000.0,2402.53,2396.63,2402.53,2398.81,2398.8,2393.97,2395.92
3m,20,0.32909203104128637,29492,29511,2.0,1789522740000.0,2398.8,2393.97,2398.8,2395.92,2397.65,2393.48,2397.16
3m,20,0.32909203104128637,29492,29511,3.0,1789522920000.0,2397.65,2393.48,2397.16,2395.91,2398.68,2397.0,2398.05
3m,20,0.32909203104128637,29492,29511,4.0,1789523100000.0,2398.68,2397.0,2398.05,2397.16,2400.44,2395.9,2396.54
3m,20,0.32909203104128637,29492,29511,5.0,1789523280000.0,2400.44,2395.9,2398.05,2396.54,2396.99,2393.0,2393.4
3m,20,0.32909203104128637,29492,29511,6.0,1789523460000.0,2396.99,2393.0,2396.53,2393.4,2394.0,2392.56,2392.77
3m,20,0.32909203104128637,29492,29511,7.0,1789523640000.0,2394.0,2392.56,2393.4,2392.77,2392.84,2390.56,2390.8
3m,20,0.32909203104128637,29492,29511,8.0,1789523820000.0,2392.84,2390.56,2392.77,2390.8,2392.44,2390.55,2391.0
3m,20,0.32909203104128637,29492,29511,9.0,1789524000000.0,2392.44,2390.55,2391.0,2390.81,2395.47,2390.04,2395.47
3m,20,0.32909203104128637,29492,29511,10.0,1789524180000.0,2395.47,2390.04,2395.47,2391.0,2396.74,2393.34,2395.19
3m,20,0.32909203104128637,29492,29511,11.0,1789524360000.0,2396.74,2393.34,2395.46,2395.19,2395.44,2392.38,2393.58
3m,20,0.32909203104128637,29492,29511,12.0,1789524540000.0,2395.44,2392.38,2395.18,2393.58,2394.08,2390.77,2390.93
3m,20,0.32909203104128637,29492,29511,13.0,1789524720000.0,2394.08,2390.77,2393.58,2390.93,2394.46,2388.21,2393.6
3m,20,0.32909203104128637,29492,29511,14.0,1789524900000.0,2394.46,2388.21,2393.6,2390.92,2399.77,2393.14,2398.8
3m,20,0.32909203104128637,29492,29511,15.0,1789525080000.0,2399.77,2393.14,2398.8,2393.6,2399.88,2396.99,2399.82
3m,20,0.32909203104128637,29492,29511,16.0,1789525260000.0,2399.88,2396.99,2399.82,2398.79,2400.0,2398.46,2398.74
3m,20,0.32909203104128637,29492,29511,17.0,1789525440000.0,2400.0,2398.46,2399.81,2398.74,2400.45,2398.08,2399.72
3m,20,0.32909203104128637,29492,29511,18.0,1789525620000.0,2400.45,2398.08,2399.72,2398.75,2402.37,2399.73,2402.37
3m,20,0.32909203104128637,29492,29511,19.0,1789525800000.0,2402.37,2399.73,2402.37,2399.73,2407.69,2402.05,2405.44
3m,21,0.32776386960985815,21945,21964,1.0,1788164100000.0,2445.83,2440.34,2443.56,2440.81,2440.81,2437.12,2437.64
3m,21,0.32776386960985815,21945,21964,2.0,1788164280000.0,2440.81,2437.12,2440.81,2437.64,2438.98,2433.63,2434.54
3m,21,0.32776386960985815,21945,21964,3.0,1788164460000.0,2438.98,2433.63,2437.65,2434.54,2436.35,2433.73,2434.68
3m,21,0.32776386960985815,21945,21964,4.0,1788164640000.0,2436.35,2433.73,2434.68,2434.54,2436.36,2434.05,2434.06
3m,21,0.32776386960985815,21945,21964,5.0,1788164820000.0,2436.36,2434.05,2434.68,2434.06,2436.98,2433.56,2436.25
3m,21,0.32776386960985815,21945,21964,6.0,1788165000000.0,2436.98,2433.56,2436.25,2434.07,2438.99,2435.54,2438.77
3m,21,0.32776386960985815,21945,21964,7.0,1788165180000.0,2438.99,2435.54,2438.77,2436.24,2439.08,2437.0,2438.18
3m,21,0.32776386960985815,21945,21964,8.0,1788165360000.0,2439.08,2437.0,2438.76,2438.18,2438.22,2436.77,2436.83
3m,21,0.32776386960985815,21945,21964,9.0,1788165540000.0,2438.22,2436.77,2438.18,2436.83,2442.06,2436.81,2441.41
3m,21,0.32776386960985815,21945,21964,10.0,1788165720000.0,2442.06,2436.81,2441.41,2436.82,2449.69,2441.34,2443.21
3m,21,0.32776386960985815,21945,21964,11.0,1788165900000.0,2449.69,2441.34,2443.21,2441.4,2445.01,2442.63,2443.48
3m,21,0.32776386960985815,21945,21964,12.0,1788166080000.0,2445.01,2442.63,2443.48,2443.21,2445.92,2443.32,2444.39
3m,21,0.32776386960985815,21945,21964,13.0,1788166260000.0,2445.92,2443.32,2444.39,2443.49,2448.25,2443.96,2447.33
3m,21,0.32776386960985815,21945,21964,14.0,1788166440000.0,2448.25,2443.96,2447.33,2444.36,2448.0,2445.8,2446.6
3m,21,0.32776386960985815,21945,21964,15.0,1788166620000.0,2448.0,2445.8,2447.33,2446.6,2447.67,2446.0,2446.14
3m,21,0.32776386960985815,21945,21964,16.0,1788166800000.0,2447.67,2446.0,2446.6,2446.14,2446.65,2444.77,2445.37
3m,21,0.32776386960985815,21945,21964,17.0,1788166980000.0,2446.65,2444.77,2446.15,2445.37,2447.48,2443.03,2447.06
3m,21,0.32776386960985815,21945,21964,18.0,1788167160000.0,2447.48,2443.03,2447.06,2445.36,2453.13,2444.18,2452.57
3m,21,0.32776386960985815,21945,21964,19.0,1788167340000.0,2453.13,2444.18,2452.57,2447.06,2453.13,2446.41,2446.63
3m,22,0.32686511407789137,22942,22961,1.0,1788343560000.0,2374.73,2371.98,2372.94,2372.88,2373.77,2370.59,2373.04
3m,22,0.32686511407789137,22942,22961,2.0,1788343740000.0,2373.77,2370.59,2373.04,2372.95,2373.72,2370.0,2372.77
3m,22,0.32686511407789137,22942,22961,3.0,1788343920000.0,2373.72,2370.0,2373.03,2372.77,2373.18,2370.61,2373.0
3m,22,0.32686511407789137,22942,22961,4.0,1788344100000.0,2373.18,2370.61,2373.0,2372.77,2373.76,2371.65,2373.49
3m,22,0.32686511407789137,22942,22961,5.0,1788344280000.0,2373.76,2371.65,2373.49,2373.0,2376.02,2373.5,2375.13
3m,22,0.32686511407789137,22942,22961,6.0,1788344460000.0,2376.02,2373.5,2375.13,2373.5,2375.95,2372.11,2374.33
3m,22,0.32686511407789137,22942,22961,7.0,1788344640000.0,2375.95,2372.11,2375.14,2374.33,2374.33,2370.51,2371.95
3m,22,0.32686511407789137,22942,22961,8.0,1788344820000.0,2374.33,2370.51,2374.33,2371.95,2373.08,2369.4,2369.8
3m,22,0.32686511407789137,22942,22961,9.0,1788345000000.0,2373.08,2369.4,2371.94,2369.8,2370.53,2362.13,2362.5
3m,22,0.32686511407789137,22942,22961,10.0,1788345180000.0,2370.53,2362.13,2369.79,2362.5,2367.34,2360.0,2366.87
3m,22,0.32686511407789137,22942,22961,11.0,1788345360000.0,2367.34,2360.0,2366.87,2362.49,2367.89,2364.99,2366.21
3m,22,0.32686511407789137,22942,22961,12.0,1788345540000.0,2367.89,2364.99,2366.87,2366.21,2366.21,2361.3,2362.76
3m,22,0.32686511407789137,22942,22961,13.0,1788345720000.0,2366.21,2361.3,2366.2,2362.76,2366.33,2362.5,2366.32
3m,22,0.32686511407789137,22942,22961,14.0,1788345900000.0,2366.33,2362.5,2366.32,2362.75,2366.32,2362.1,2362.12
3m,22,0.32686511407789137,22942,22961,15.0,1788346080000.0,2366.32,2362.1,2366.32,2362.12,2362.61,2357.0,2360.79
3m,22,0.32686511407789137,22942,22961,16.0,1788346260000.0,2362.61,2357.0,2362.12,2360.79,2363.49,2356.41,2363.49
3m,22,0.32686511407789137,22942,22961,17.0,1788346440000.0,2363.49,2356.41,2363.49,2360.8,2369.14,2363.48,2366.9
3m,22,0.32686511407789137,22942,22961,18.0,1788346620000.0,2369.14,2363.48,2366.9,2363.49,2373.31,2366.9,2372.76
3m,22,0.32686511407789137,22942,22961,19.0,1788346800000.0,2373.31,2366.9,2372.76,2366.9,2375.0,2368.29,2371.18
3m,23,0.32663993553775844,1653,1672,1.0,1784511540000.0,1880.27,1875.4,1878.5,1875.93,1879.26,1877.31,1877.62
3m,23,0.32663993553775844,1653,1672,2.0,1784511720000.0,1879.26,1877.31,1878.49,1877.62,1877.62,1870.56,1873.94
3m,23,0.32663993553775844,1653,1672,3.0,1784511900000.0,1877.62,1870.56,1877.62,1873.94,1874.62,1872.42,1873.32
3m,23,0.32663993553775844,1653,1672,4.0,1784512080000.0,1874.62,1872.42,1873.94,1873.32,1875.09,1872.42,1872.54
3m,23,0.32663993553775844,1653,1672,5.0,1784512260000.0,1875.09,1872.42,1873.32,1872.54,1872.53,1866.33,1867.46
3m,23,0.32663993553775844,1653,1672,6.0,1784512440000.0,1872.53,1866.33,1872.53,1867.46,1867.94,1865.84,1867.23
3m,23,0.32663993553775844,1653,1672,7.0,1784512620000.0,1867.94,1865.84,1867.46,1867.23,1870.24,1867.12,1869.56
3m,23,0.32663993553775844,1653,1672,8.0,1784512800000.0,1870.24,1867.12,1869.56,1867.24,1879.83,1868.97,1879.83
3m,23,0.32663993553775844,1653,1672,9.0,1784512980000.0,1879.83,1868.97,1879.83,1869.57,1882.63,1876.68,1881.22
3m,23,0.32663993553775844,1653,1672,10.0,1784513160000.0,1882.63,1876.68,1881.22,1879.83,1881.96,1877.11,1877.87
3m,23,0.32663993553775844,1653,1672,11.0,1784513340000.0,1881.96,1877.11,1881.22,1877.87,1880.38,1876.52,1877.18
3m,23,0.32663993553775844,1653,1672,12.0,1784513520000.0,1880.38,1876.52,1877.88,1877.18,1879.62,1877.17,1877.58
3m,23,0.32663993553775844,1653,1672,13.0,1784513700000.0,1879.62,1877.17,1877.58,1877.18,1878.48,1874.94,1876.21
3m,23,0.32663993553775844,1653,1672,14.0,1784513880000.0,1878.48,1874.94,1877.59,1876.21,1876.21,1867.71,1869.95
3m,23,0.32663993553775844,1653,1672,15.0,1784514060000.0,1876.21,1867.71,1876.2,1869.95,1872.59,1868.95,1870.4
3m,23,0.32663993553775844,1653,1672,16.0,1784514240000.0,1872.59,1868.95,1870.4,1869.95,1871.97,1870.16,1870.49
3m,23,0.32663993553775844,1653,1672,17.0,1784514420000.0,1871.97,1870.16,1870.49,1870.41,1872.55,1869.7,1871.77
3m,23,0.32663993553775844,1653,1672,18.0,1784514600000.0,1872.55,1869.7,1871.77,1870.5,1876.9,1871.06,1876.9
3m,23,0.32663993553775844,1653,1672,19.0,1784514780000.0,1876.9,1871.06,1876.9,1871.76,1878.0,1874.61,1875.79
3m,24,0.32641026383002075,9631,9650,1.0,1785947580000.0,1897.32,1893.42,1896.14,1893.56,1894.02,1891.5,1891.83
3m,24,0.32641026383002075,9631,9650,2.0,1785947760000.0,1894.02,1891.5,1893.57,1891.83,1894.04,1890.47,1893.87
3m,24,0.32641026383002075,9631,9650,3.0,1785947940000.0,1894.04,1890.47,1893.87,1891.83,1894.88,1892.06,1892.96
3m,24,0.32641026383002075,9631,9650,4.0,1785948120000.0,1894.88,1892.06,1893.87,1892.96,1894.06,1892.52,1892.53
3m,24,0.32641026383002075,9631,9650,5.0,1785948300000.0,1894.06,1892.52,1892.97,1892.53,1892.52,1889.68,1889.68
3m,24,0.32641026383002075,9631,9650,6.0,1785948480000.0,1892.52,1889.68,1892.52,1889.68,1890.12,1889.34,1889.8
3m,24,0.32641026383002075,9631,9650,7.0,1785948660000.0,1890.12,1889.34,1889.8,1889.68,1890.01,1888.46,1889.54
3m,24,0.32641026383002075,9631,9650,8.0,1785948840000.0,1890.01,1888.46,1889.81,1889.54,1890.79,1889.29,1890.43
3m,24,0.32641026383002075,9631,9650,9.0,1785949020000.0,1890.79,1889.29,1890.43,1889.54,1895.74,1890.43,1895.56
3m,24,0.32641026383002075,9631,9650,10.0,1785949200000.0,1895.74,1890.43,1895.56,1890.44,1898.49,1895.38,1896.57
3m,24,0.32641026383002075,9631,9650,11.0,1785949380000.0,1898.49,1895.38,1896.57,1895.55,1897.22,1895.74,1895.74
3m,24,0.32641026383002075,9631,9650,12.0,1785949560000.0,1897.22,1895.74,1896.58,1895.74,1896.22,1894.56,1895.19
3m,24,0.32641026383002075,9631,9650,13.0,1785949740000.0,1896.22,1894.56,1895.75,1895.19,1895.94,1893.34,1895.94
3m,24,0.32641026383002075,9631,9650,14.0,1785949920000.0,1895.94,1893.34,1895.94,1895.19,1896.33,1893.94,1894.01
3m,24,0.32641026383002075,9631,9650,15.0,1785950100000.0,1896.33,1893.94,1895.94,1894.01,1894.0,1892.52,1893.68
3m,24,0.32641026383002075,9631,9650,16.0,1785950280000.0,1894.0,1892.52,1894.0,1893.68,1893.83,1892.0,1892.2
3m,24,0.32641026383002075,9631,9650,17.0,1785950460000.0,1893.83,1892.0,1893.69,1892.2,1892.68,1891.07,1892.39
3m,24,0.32641026383002075,9631,9650,18.0,1785950640000.0,1892.68,1891.07,1892.39,1892.19,1893.95,1892.05,1893.49
3m,24,0.32641026383002075,9631,9650,19.0,1785950820000.0,1893.95,1892.05,1893.49,1892.39,1893.69,1892.0,1892.52
3m,25,0.32617159514220734,72,91,1.0,1784226960000.0,1875.96,1872.42,1875.18,1873.88,1874.0,1872.17,1873.98
3m,25,0.32617159514220734,72,91,2.0,1784227140000.0,1874.0,1872.17,1873.98,1873.88,1873.99,1871.45,1872.47
3m,25,0.32617159514220734,72,91,3.0,1784227320000.0,1873.99,1871.45,1873.98,1872.47,1874.1,1871.9,1873.68
3m,25,0.32617159514220734,72,91,4.0,1784227500000.0,1874.1,1871.9,1873.68,1872.47,1874.92,1873.11,1874.12
3m,25,0.32617159514220734,72,91,5.0,1784227680000.0,1874.92,1873.11,1874.12,1873.68,1876.92,1873.92,1876.91
3m,25,0.32617159514220734,72,91,6.0,1784227860000.0,1876.92,1873.92,1876.91,1874.12,1878.17,1875.86,1876.72
3m,25,0.32617159514220734,72,91,7.0,1784228040000.0,1878.17,1875.86,1876.91,1876.72,1877.01,1875.86,1876.63
3m,25,0.32617159514220734,72,91,8.0,1784228220000.0,1877.01,1875.86,1876.72,1876.63,1877.42,1875.84,1875.85
3m,25,0.32617159514220734,72,91,9.0,1784228400000.0,1877.42,1875.84,1876.64,1875.85,1877.75,1875.6,1877.06
3m,25,0.32617159514220734,72,91,10.0,1784228580000.0,1877.75,1875.6,1877.06,1875.85,1877.36,1876.15,1877.21
3m,25,0.32617159514220734,72,91,11.0,1784228760000.0,1877.36,1876.15,1877.21,1877.05,1877.35,1873.48,1874.74
3m,25,0.32617159514220734,72,91,12.0,1784228940000.0,1877.35,1873.48,1877.21,1874.74,1875.8,1873.98,1875.8
3m,25,0.32617159514220734,72,91,13.0,1784229120000.0,1875.8,1873.98,1875.8,1874.75,1875.98,1873.61,1873.9
3m,25,0.32617159514220734,72,91,14.0,1784229300000.0,1875.98,1873.61,1875.79,1873.9,1876.14,1873.53,1873.66
3m,25,0.32617159514220734,72,91,15.0,1784229480000.0,1876.14,1873.53,1873.9,1873.66,1874.7,1873.0,1874.31
3m,25,0.32617159514220734,72,91,16.0,1784229660000.0,1874.7,1873.0,1874.31,1873.66,1874.85,1872.42,1872.53
3m,25,0.32617159514220734,72,91,17.0,1784229840000.0,1874.85,1872.42,1874.31,1872.53,1873.48,1872.01,1872.01
3m,25,0.32617159514220734,72,91,18.0,1784230020000.0,1873.48,1872.01,1872.52,1872.01,1875.51,1871.47,1874.68
3m,25,0.32617159514220734,72,91,19.0,1784230200000.0,1875.51,1871.47,1874.68,1872.0,1875.89,1873.84,1874.81
5m,1,0.3439495453366893,2183,2202,1.0,1781269200000.0,1667.24,1663.07,1666.54,1665.62,1667.42,1665.57,1665.9
5m,1,0.3439495453366893,2183,2202,2.0,1781269500000.0,1667.42,1665.57,1666.55,1665.9,1667.86,1665.64,1666.99
5m,1,0.3439495453366893,2183,2202,3.0,1781269800000.0,1667.86,1665.64,1666.99,1665.91,1667.44,1664.28,1667.43
5m,1,0.3439495453366893,2183,2202,4.0,1781270100000.0,1667.44,1664.28,1667.43,1666.99,1668.91,1666.29,1668.66
5m,1,0.3439495453366893,2183,2202,5.0,1781270400000.0,1668.91,1666.29,1668.66,1667.43,1668.8,1664.89,1665.6
5m,1,0.3439495453366893,2183,2202,6.0,1781270700000.0,1668.8,1664.89,1668.66,1665.6,1666.28,1663.9,1666.28
5m,1,0.3439495453366893,2183,2202,7.0,1781271000000.0,1666.28,1663.9,1666.28,1665.6,1667.53,1659.52,1660.44
5m,1,0.3439495453366893,2183,2202,8.0,1781271300000.0,1667.53,1659.52,1666.28,1660.44,1664.64,1659.55,1664.54
5m,1,0.3439495453366893,2183,2202,9.0,1781271600000.0,1664.64,1659.55,1664.54,1660.43,1665.23,1653.74,1657.01
5m,1,0.3439495453366893,2183,2202,10.0,1781271900000.0,1665.23,1653.74,1664.54,1657.01,1659.39,1655.79,1657.68
5m,1,0.3439495453366893,2183,2202,11.0,1781272200000.0,1659.39,1655.79,1657.68,1657.01,1659.99,1655.42,1656.64
5m,1,0.3439495453366893,2183,2202,12.0,1781272500000.0,1659.99,1655.42,1657.68,1656.64,1657.89,1654.31,1657.6
5m,1,0.3439495453366893,2183,2202,13.0,1781272800000.0,1657.89,1654.31,1657.6,1656.63,1668.77,1656.26,1664.67
5m,1,0.3439495453366893,2183,2202,14.0,1781273100000.0,1668.77,1656.26,1664.67,1657.6,1669.1,1662.54,1665.86
5m,1,0.3439495453366893,2183,2202,15.0,1781273400000.0,1669.1,1662.54,1665.86,1664.67,1666.84,1663.1,1666.36
5m,1,0.3439495453366893,2183,2202,16.0,1781273700000.0,1666.84,1663.1,1666.36,1665.86,1669.66,1663.71,1664.16
5m,1,0.3439495453366893,2183,2202,17.0,1781274000000.0,1669.66,1663.71,1666.35,1664.16,1668.21,1662.32,1665.99
5m,1,0.3439495453366893,2183,2202,18.0,1781274300000.0,1668.21,1662.32,1665.99,1664.12,1671.99,1665.94,1670.55
5m,1,0.3439495453366893,2183,2202,19.0,1781274600000.0,1671.99,1665.94,1670.55,1665.99,1673.16,1668.0,1672.69
5m,2,0.34254098835346464,14594,14613,1.0,1784992500000.0,1870.14,1867.93,1868.74,1868.27,1870.2,1868.74,1869.38
5m,2,0.34254098835346464,14594,14613,2.0,1784992800000.0,1870.2,1868.74,1869.38,1868.74,1871.43,1869.28,1869.95
5m,2,0.34254098835346464,14594,14613,3.0,1784993100000.0,1871.43,1869.28,1869.95,1869.39,1869.95,1868.32,1868.54
5m,2,0.34254098835346464,14594,14613,4.0,1784993400000.0,1869.95,1868.32,1869.95,1868.54,1868.54,1867.03,1867.77
5m,2,0.34254098835346464,14594,14613,5.0,1784993700000.0,1868.54,1867.03,1868.53,1867.77,1870.96,1867.77,1870.89
5m,2,0.34254098835346464,14594,14613,6.0,1784994000000.0,1870.96,1867.77,1870.89,1867.77,1871.03,1869.73,1870.13
5m,2,0.34254098835346464,14594,14613,7.0,1784994300000.0,1871.03,1869.73,1870.89,1870.13,1870.67,1868.08,1868.08
5m,2,0.34254098835346464,14594,14613,8.0,1784994600000.0,1870.67,1868.08,1870.12,1868.08,1868.62,1867.33,1868.43
5m,2,0.34254098835346464,14594,14613,9.0,1784994900000.0,1868.62,1867.33,1868.43,1868.08,1868.61,1867.7,1867.88
5m,2,0.34254098835346464,14594,14613,10.0,1784995200000.0,1868.61,1867.7,1868.42,1867.88,1869.35,1867.76,1868.28
5m,2,0.34254098835346464,14594,14613,11.0,1784995500000.0,1869.35,1867.76,1868.28,1867.88,1868.94,1865.7,1865.83
5m,2,0.34254098835346464,14594,14613,12.0,1784995800000.0,1868.94,1865.7,1868.27,1865.83,1868.71,1865.82,1868.58
5m,2,0.34254098835346464,14594,14613,13.0,1784996100000.0,1868.71,1865.82,1868.58,1865.83,1868.59,1865.46,1865.47
5m,2,0.34254098835346464,14594,14613,14.0,1784996400000.0,1868.59,1865.46,1868.58,1865.47,1866.41,1865.31,1865.97
5m,2,0.34254098835346464,14594,14613,15.0,1784996700000.0,1866.41,1865.31,1865.97,1865.46,1866.48,1864.65,1865.97
5m,2,0.34254098835346464,14594,14613,16.0,1784997000000.0,1866.48,1864.65,1865.97,1865.96,1867.01,1865.61,1867.01
5m,2,0.34254098835346464,14594,14613,17.0,1784997300000.0,1867.01,1865.61,1867.01,1865.97,1868.62,1867.01,1868.18
5m,2,0.34254098835346464,14594,14613,18.0,1784997600000.0,1868.62,1867.01,1868.18,1867.02,1869.0,1868.08,1868.99
5m,2,0.34254098835346464,14594,14613,19.0,1784997900000.0,1869.0,1868.08,1868.99,1868.19,1870.91,1868.65,1868.81
5m,3,0.34240731157337173,7110,7129,1.0,1782747300000.0,1578.62,1574.17,1574.49,1574.2,1582.44,1573.44,1581.12
5m,3,0.34240731157337173,7110,7129,2.0,1782747600000.0,1582.44,1573.44,1581.12,1574.49,1581.93,1576.27,1579.11
5m,3,0.34240731157337173,7110,7129,3.0,1782747900000.0,1581.93,1576.27,1581.12,1579.11,1579.91,1576.33,1578.42
5m,3,0.34240731157337173,7110,7129,4.0,1782748200000.0,1579.91,1576.33,1579.1,1578.42,1585.41,1576.76,1583.47
5m,3,0.34240731157337173,7110,7129,5.0,1782748500000.0,1585.41,1576.76,1583.47,1578.42,1583.48,1579.7,1580.26
5m,3,0.34240731157337173,7110,7129,6.0,1782748800000.0,1583.48,1579.7,1583.48,1580.26,1580.93,1579.26,1580.29
5m,3,0.34240731157337173,7110,7129,7.0,1782749100000.0,1580.93,1579.26,1580.29,1580.26,1584.0,1578.8,1578.81
5m,3,0.34240731157337173,7110,7129,8.0,1782749400000.0,1584.0,1578.8,1580.3,1578.81,1580.7,1577.12,1577.81
5m,3,0.34240731157337173,7110,7129,9.0,1782749700000.0,1580.7,1577.12,1578.8,1577.81,1580.31,1577.68,1579.95
5m,3,0.34240731157337173,7110,7129,10.0,1782750000000.0,1580.31,1577.68,1579.95,1577.82,1579.96,1576.5,1577.29
5m,3,0.34240731157337173,7110,7129,11.0,1782750300000.0,1579.96,1576.5,1579.96,1577.29,1577.64,1574.06,1574.93
5m,3,0.34240731157337173,7110,7129,12.0,1782750600000.0,1577.64,1574.06,1577.29,1574.93,1578.06,1574.93,1577.16
5m,3,0.34240731157337173,7110,7129,13.0,1782750900000.0,1578.06,1574.93,1577.16,1574.93,1581.28,1576.86,1581.11
5m,3,0.34240731157337173,7110,7129,14.0,1782751200000.0,1581.28,1576.86,1581.11,1577.16,1587.51,1580.35,1585.49
5m,3,0.34240731157337173,7110,7129,15.0,1782751500000.0,1587.51,1580.35,1585.49,1581.11,1587.0,1583.17,1586.83
5m,3,0.34240731157337173,7110,7129,16.0,1782751800000.0,1587.0,1583.17,1586.83,1585.49,1587.71,1582.64,1583.54
5m,3,0.34240731157337173,7110,7129,17.0,1782752100000.0,1587.71,1582.64,1586.82,1583.54,1586.19,1582.47,1585.37
5m,3,0.34240731157337173,7110,7129,18.0,1782752400000.0,1586.19,1582.47,1585.37,1583.54,1590.24,1585.37,1590.01
5m,3,0.34240731157337173,7110,7129,19.0,1782752700000.0,1590.24,1585.37,1590.01,1585.37,1596.13,1590.0,1592.57
5m,4,0.3380523925440677,29956,29975,1.0,1789601100000.0,2415.41,2408.59,2413.21,2408.59,2415.16,2411.16,2413.04
5m,4,0.3380523925440677,29956,29975,2.0,1789601400000.0,2415.16,2411.16,2413.21,2413.04,2416.41,2412.02,2415.81
5m,4,0.3380523925440677,29956,29975,3.0,1789601700000.0,2416.41,2412.02,2415.81,2413.03,2416.84,2412.79,2416.32
5m,4,0.3380523925440677,29956,29975,4.0,1789602000000.0,2416.84,2412.79,2416.32,2415.8,2422.65,2416.32,2419.55
5m,4,0.3380523925440677,29956,29975,5.0,1789602300000.0,2422.65,2416.32,2419.55,2416.32,2422.04,2415.41,2418.66
5m,4,0.3380523925440677,29956,29975,6.0,1789602600000.0,2422.04,2415.41,2419.55,2418.66,2422.37,2418.16,2420.26
5m,4,0.3380523925440677,29956,29975,7.0,1789602900000.0,2422.37,2418.16,2420.26,2418.66,2421.46,2417.14,2418.26
5m,4,0.3380523925440677,29956,29975,8.0,1789603200000.0,2421.46,2417.14,2420.26,2418.26,2418.69,2416.18,2417.85
5m,4,0.3380523925440677,29956,29975,9.0,1789603500000.0,2418.69,2416.18,2418.26,2417.85,2423.31,2415.87,2423.3
5m,4,0.3380523925440677,29956,29975,10.0,1789603800000.0,2423.31,2415.87,2423.3,2417.84,2424.59,2419.62,2421.74
5m,4,0.3380523925440677,29956,29975,11.0,1789604100000.0,2424.59,2419.62,2423.3,2421.74,2426.45,2420.6,2425.09
5m,4,0.3380523925440677,29956,29975,12.0,1789604400000.0,2426.45,2420.6,2425.09,2421.73,2426.21,2422.82,2425.8
5m,4,0.3380523925440677,29956,29975,13.0,1789604700000.0,2426.21,2422.82,2425.8,2425.09,2426.24,2421.26,2422.23
5m,4,0.3380523925440677,29956,29975,14.0,1789605000000.0,2426.24,2421.26,2425.8,2422.23,2427.85,2421.24,2424.98
5m,4,0.3380523925440677,29956,29975,15.0,1789605300000.0,2427.85,2421.24,2424.98,2422.23,2427.52,2422.57,2425.71
5m,4,0.3380523925440677,29956,29975,16.0,1789605600000.0,2427.52,2422.57,2425.71,2424.99,2426.79,2423.34,2424.1
5m,4,0.3380523925440677,29956,29975,17.0,1789605900000.0,2426.79,2423.34,2425.7,2424.1,2425.0,2421.53,2422.82
5m,4,0.3380523925440677,29956,29975,18.0,1789606200000.0,2425.0,2421.53,2424.1,2422.82,2423.17,2420.04,2420.5
5m,4,0.3380523925440677,29956,29975,19.0,1789606500000.0,2423.17,2420.04,2422.81,2420.5,2421.09,2418.9,2418.9
5m,5,0.3367324550645847,17394,17413,1.0,1785832500000.0,1860.45,1856.96,1860.44,1857.45,1859.09,1857.45,1859.09
5m,5,0.3367324550645847,17394,17413,2.0,1785832800000.0,1859.09,1857.45,1859.09,1857.46,1860.62,1857.92,1860.46
5m,5,0.3367324550645847,17394,17413,3.0,1785833100000.0,1860.62,1857.92,1860.46,1859.08,1860.46,1857.82,1858.87
5m,5,0.3367324550645847,17394,17413,4.0,1785833400000.0,1860.46,1857.82,1860.45,1858.87,1859.16,1857.83,1858.31
5m,5,0.3367324550645847,17394,17413,5.0,1785833700000.0,1859.16,1857.83,1858.87,1858.31,1858.64,1857.76,1857.89
5m,5,0.3367324550645847,17394,17413,6.0,1785834000000.0,1858.64,1857.76,1858.31,1857.89,1858.76,1857.07,1858.44
5m,5,0.3367324550645847,17394,17413,7.0,1785834300000.0,1858.76,1857.07,1858.44,1857.88,1858.43,1856.0,1856.01
5m,5,0.3367324550645847,17394,17413,8.0,1785834600000.0,1858.43,1856.0,1858.43,1856.01,1857.03,1855.36,1856.4
5m,5,0.3367324550645847,17394,17413,9.0,1785834900000.0,1857.03,1855.36,1856.4,1856.01,1856.58,1853.71,1853.72
5m,5,0.3367324550645847,17394,17413,10.0,1785835200000.0,1856.58,1853.71,1856.4,1853.72,1856.61,1853.48,1856.23
5m,5,0.3367324550645847,17394,17413,11.0,1785835500000.0,1856.61,1853.48,1856.23,1853.71,1856.8,1856.23,1856.73
5m,5,0.3367324550645847,17394,17413,12.0,1785835800000.0,1856.8,1856.23,1856.73,1856.24,1857.24,1855.12,1856.05
5m,5,0.3367324550645847,17394,17413,13.0,1785836100000.0,1857.24,1855.12,1856.72,1856.05,1856.84,1853.71,1854.87
5m,5,0.3367324550645847,17394,17413,14.0,1785836400000.0,1856.84,1853.71,1856.06,1854.87,1856.29,1854.87,1856.29
5m,5,0.3367324550645847,17394,17413,15.0,1785836700000.0,1856.29,1854.87,1856.29,1854.88,1856.88,1855.01,1856.87
5m,5,0.3367324550645847,17394,17413,16.0,1785837000000.0,1856.88,1855.01,1856.87,1856.29,1858.23,1856.7,1858.02
5m,5,0.3367324550645847,17394,17413,17.0,1785837300000.0,1858.23,1856.7,1858.02,1856.87,1858.83,1857.47,1858.71
5m,5,0.3367324550645847,17394,17413,18.0,1785837600000.0,1858.83,1857.47,1858.71,1858.02,1859.22,1856.35,1856.36
5m,5,0.3367324550645847,17394,17413,19.0,1785837900000.0,1859.22,1856.35,1858.71,1856.36,1857.77,1856.36,1856.85
5m,6,0.33631628590053014,6785,6804,1.0,1782649800000.0,1585.0,1580.33,1584.67,1580.58,1588.82,1583.36,1584.06
5m,6,0.33631628590053014,6785,6804,2.0,1782650100000.0,1588.82,1583.36,1584.67,1584.06,1584.05,1580.69,1581.46
5m,6,0.33631628590053014,6785,6804,3.0,1782650400000.0,1584.05,1580.69,1584.05,1581.46,1581.87,1579.31,1580.67
5m,6,0.33631628590053014,6785,6804,4.0,1782650700000.0,1581.87,1579.31,1581.46,1580.67,1582.87,1580.67,1582.51
5m,6,0.33631628590053014,6785,6804,5.0,1782651000000.0,1582.87,1580.67,1582.51,1580.67,1583.94,1582.4,1583.2
5m,6,0.33631628590053014,6785,6804,6.0,1782651300000.0,1583.94,1582.4,1583.2,1582.51,1584.05,1583.21,1583.56
5m,6,0.33631628590053014,6785,6804,7.0,1782651600000.0,1584.05,1583.21,1583.56,1583.21,1583.85,1575.04,1575.87
5m,6,0.33631628590053014,6785,6804,8.0,1782651900000.0,1583.85,1575.04,1583.56,1575.87,1578.39,1575.05,1576.68
5m,6,0.33631628590053014,6785,6804,9.0,1782652200000.0,1578.39,1575.05,1576.68,1575.86,1581.09,1576.62,1580.27
5m,6,0.33631628590053014,6785,6804,10.0,1782652500000.0,1581.09,1576.62,1580.27,1576.67,1580.83,1578.38,1579.18
5m,6,0.33631628590053014,6785,6804,11.0,1782652800000.0,1580.83,1578.38,1580.28,1579.18,1581.44,1579.18,1581.24
5m,6,0.33631628590053014,6785,6804,12.0,1782653100000.0,1581.44,1579.18,1581.24,1579.19,1582.07,1579.53,1580.5
5m,6,0.33631628590053014,6785,6804,13.0,1782653400000.0,1582.07,1579.53,1581.25,1580.5,1583.15,1580.04,1581.97
5m,6,0.33631628590053014,6785,6804,14.0,1782653700000.0,1583.15,1580.04,1581.97,1580.5,1582.59,1581.25,1581.35
5m,6,0.33631628590053014,6785,6804,15.0,1782654000000.0,1582.59,1581.25,1581.97,1581.35,1582.93,1578.24,1582.68
5m,6,0.33631628590053014,6785,6804,16.0,1782654300000.0,1582.93,1578.24,1582.68,1581.35,1582.97,1581.45,1581.72
5m,6,0.33631628590053014,6785,6804,17.0,1782654600000.0,1582.97,1581.45,1582.67,1581.72,1582.72,1581.39,1581.72
5m,6,0.33631628590053014,6785,6804,18.0,1782654900000.0,1582.72,1581.39,1581.73,1581.72,1581.81,1579.38,1579.68
5m,6,0.33631628590053014,6785,6804,19.0,1782655200000.0,1581.81,1579.38,1581.73,1579.68,1581.08,1579.23,1580.07
5m,7,0.3350253965947196,16322,16341,1.0,1785510900000.0,1859.76,1856.1,1859.31,1859.17,1862.52,1855.51,1857.88
5m,7,0.3350253965947196,16322,16341,2.0,1785511200000.0,1862.52,1855.51,1859.18,1857.88,1859.2,1855.29,1857.34
5m,7,0.3350253965947196,16322,16341,3.0,1785511500000.0,1859.2,1855.29,1857.87,1857.34,1858.01,1854.77,1857.83
5m,7,0.3350253965947196,16322,16341,4.0,1785511800000.0,1858.01,1854.77,1857.83,1857.34,1859.97,1856.76,1859.54
5m,7,0.3350253965947196,16322,16341,5.0,1785512100000.0,1859.97,1856.76,1859.54,1857.83,1866.53,1859.54,1864.87
5m,7,0.3350253965947196,16322,16341,6.0,1785512400000.0,1866.53,1859.54,1864.87,1859.54,1866.02,1862.56,1864.98
5m,7,0.3350253965947196,16322,16341,7.0,1785512700000.0,1866.02,1862.56,1864.98,1864.87,1865.13,1859.39,1861.77
5m,7,0.3350253965947196,16322,16341,8.0,1785513000000.0,1865.13,1859.39,1864.99,1861.77,1864.54,1861.69,1863.79
5m,7,0.3350253965947196,16322,16341,9.0,1785513300000.0,1864.54,1861.69,1863.79,1861.77,1864.33,1862.84,1862.94
5m,7,0.3350253965947196,16322,16341,10.0,1785513600000.0,1864.33,1862.84,1863.79,1862.94,1864.6,1861.85,1862.92
5m,7,0.3350253965947196,16322,16341,11.0,1785513900000.0,1864.6,1861.85,1862.93,1862.92,1865.63,1861.85,1865.17
5m,7,0.3350253965947196,16322,16341,12.0,1785514200000.0,1865.63,1861.85,1865.17,1862.93,1866.27,1863.8,1864.69
5m,7,0.3350253965947196,16322,16341,13.0,1785514500000.0,1866.27,1863.8,1865.18,1864.69,1864.84,1860.83,1864.84
5m,7,0.3350253965947196,16322,16341,14.0,1785514800000.0,1864.84,1860.83,1864.84,1864.7,1867.32,1864.11,1866.11
5m,7,0.3350253965947196,16322,16341,15.0,1785515100000.0,1867.32,1864.11,1866.11,1864.83,1867.23,1863.0,1866.38
5m,7,0.3350253965947196,16322,16341,16.0,1785515400000.0,1867.23,1863.0,1866.38,1866.11,1866.76,1864.08,1864.95
5m,7,0.3350253965947196,16322,16341,17.0,1785515700000.0,1866.76,1864.08,1866.38,1864.95,1864.95,1861.89,1862.7
5m,7,0.3350253965947196,16322,16341,18.0,1785516000000.0,1864.95,1861.89,1864.95,1862.7,1864.24,1861.38,1863.08
5m,7,0.3350253965947196,16322,16341,19.0,1785516300000.0,1864.24,1861.38,1863.08,1862.69,1864.98,1862.25,1863.11
5m,8,0.3337767548077475,18018,18037,1.0,1786019700000.0,1905.66,1903.1,1904.8,1903.83,1906.26,1903.55,1906.26
5m,8,0.3337767548077475,18018,18037,2.0,1786020000000.0,1906.26,1903.55,1906.26,1903.83,1906.26,1903.64,1903.89
5m,8,0.3337767548077475,18018,18037,3.0,1786020300000.0,1906.26,1903.64,1906.25,1903.89,1904.69,1903.32,1904.04
5m,8,0.3337767548077475,18018,18037,4.0,1786020600000.0,1904.69,1903.32,1904.04,1903.89,1904.04,1901.11,1901.11
5m,8,0.3337767548077475,18018,18037,5.0,1786020900000.0,1904.04,1901.11,1904.04,1901.11,1902.16,1899.02,1899.09
5m,8,0.3337767548077475,18018,18037,6.0,1786021200000.0,1902.16,1899.02,1901.11,1899.09,1900.56,1898.27,1899.17
5m,8,0.3337767548077475,18018,18037,7.0,1786021500000.0,1900.56,1898.27,1899.17,1899.1,1899.17,1892.38,1893.77
5m,8,0.3337767548077475,18018,18037,8.0,1786021800000.0,1899.17,1892.38,1899.16,1893.77,1896.52,1892.99,1896.25
5m,8,0.3337767548077475,18018,18037,9.0,1786022100000.0,1896.52,1892.99,1896.25,1893.77,1897.92,1895.6,1896.73
5m,8,0.3337767548077475,18018,18037,10.0,1786022400000.0,1897.92,1895.6,1896.73,1896.26,1898.01,1896.0,1896.13
5m,8,0.3337767548077475,18018,18037,11.0,1786022700000.0,1898.01,1896.0,1896.73,1896.13,1897.72,1894.75,1897.71
5m,8,0.3337767548077475,18018,18037,12.0,1786023000000.0,1897.72,1894.75,1897.71,1896.12,1897.99,1893.34,1897.49
5m,8,0.3337767548077475,18018,18037,13.0,1786023300000.0,1897.99,1893.34,1897.71,1897.49,1904.47,1897.0,1904.28
5m,8,0.3337767548077475,18018,18037,14.0,1786023600000.0,1904.47,1897.0,1904.28,1897.49,1908.06,1903.8,1906.75
5m,8,0.3337767548077475,18018,18037,15.0,1786023900000.0,1908.06,1903.8,1906.75,1904.27,1908.74,1905.1,1908.24
5m,8,0.3337767548077475,18018,18037,16.0,1786024200000.0,1908.74,1905.1,1908.24,1906.74,1910.52,1906.94,1908.25
5m,8,0.3337767548077475,18018,18037,17.0,1786024500000.0,1910.52,1906.94,1908.25,1908.24,1911.11,1907.43,1907.43
5m,8,0.3337767548077475,18018,18037,18.0,1786024800000.0,1911.11,1907.43,1908.25,1907.43,1909.27,1905.15,1908.25
5m,8,0.3337767548077475,18018,18037,19.0,1786025100000.0,1909.27,1905.15,1908.25,1907.44,1910.44,1908.26,1908.76
5m,9,0.3337584141505599,11360,11379,1.0,1784022300000.0,1786.32,1785.04,1785.87,1785.11,1788.58,1784.95,1785.7
5m,9,0.3337584141505599,11360,11379,2.0,1784022600000.0,1788.58,1784.95,1785.7,1785.11,1785.7,1784.39,1785.32
5m,9,0.3337584141505599,11360,11379,3.0,1784022900000.0,1785.7,1784.39,1785.7,1785.32,1786.57,1784.56,1786.19
5m,9,0.3337584141505599,11360,11379,4.0,1784023200000.0,1786.57,1784.56,1786.19,1785.32,1788.77,1786.11,1788.09
5m,9,0.3337584141505599,11360,11379,5.0,1784023500000.0,1788.77,1786.11,1788.09,1786.19,1791.66,1788.09,1790.95
5m,9,0.3337584141505599,11360,11379,6.0,1784023800000.0,1791.66,1788.09,1790.95,1788.09,1791.13,1789.49,1789.89
5m,9,0.3337584141505599,11360,11379,7.0,1784024100000.0,1791.13,1789.49,1790.95,1789.89,1790.91,1789.4,1789.58
5m,9,0.3337584141505599,11360,11379,8.0,1784024400000.0,1790.91,1789.4,1789.89,1789.58,1790.37,1788.71,1790.16
5m,9,0.3337584141505599,11360,11379,9.0,1784024700000.0,1790.37,1788.71,1790.16,1789.59,1790.16,1788.09,1788.39
5m,9,0.3337584141505599,11360,11379,10.0,1784025000000.0,1790.16,1788.09,1790.16,1788.39,1789.61,1786.11,1787.2
5m,9,0.3337584141505599,11360,11379,11.0,1784025300000.0,1789.61,1786.11,1788.39,1787.2,1793.8,1787.1,1793.67
5m,9,0.3337584141505599,11360,11379,12.0,1784025600000.0,1793.8,1787.1,1793.67,1787.19,1795.0,1792.68,1794.38
5m,9,0.3337584141505599,11360,11379,13.0,1784025900000.0,1795.0,1792.68,1794.38,1793.66,1799.0,1793.79,1798.0
5m,9,0.3337584141505599,11360,11379,14.0,1784026200000.0,1799.0,1793.79,1798.0,1794.38,1799.71,1796.65,1798.1
5m,9,0.3337584141505599,11360,11379,15.0,1784026500000.0,1799.71,1796.65,1798.1,1798.0,1805.0,1797.61,1800.12
5m,9,0.3337584141505599,11360,11379,16.0,1784026800000.0,1805.0,1797.61,1800.12,1798.1,1800.57,1795.82,1796.18
5m,9,0.3337584141505599,11360,11379,17.0,1784027100000.0,1800.57,1795.82,1800.13,1796.18,1797.5,1795.82,1796.65
5m,9,0.3337584141505599,11360,11379,18.0,1784027400000.0,1797.5,1795.82,1796.65,1796.18,1798.72,1796.02,1798.72
5m,9,0.3337584141505599,11360,11379,19.0,1784027700000.0,1798.72,1796.02,1798.72,1796.65,1799.91,1797.4,1798.72
5m,10,0.33324386389300414,20403,20422,1.0,1786735200000.0,1875.7,1873.9,1874.93,1874.0,1876.97,1874.93,1875.79
5m,10,0.33324386389300414,20403,20422,2.0,1786735500000.0,1876.97,1874.93,1875.79,1874.93,1878.34,1875.75,1877.87
5m,10,0.33324386389300414,20403,20422,3.0,1786735800000.0,1878.34,1875.75,1877.87,1875.8,1878.06,1876.8,1877.58
5m,10,0.33324386389300414,20403,20422,4.0,1786736100000.0,1878.06,1876.8,1877.88,1877.58,1878.75,1877.46,1878.54
5m,10,0.33324386389300414,20403,20422,5.0,1786736400000.0,1878.75,1877.46,1878.54,1877.58,1880.24,1878.26,1879.91
5m,10,0.33324386389300414,20403,20422,6.0,1786736700000.0,1880.24,1878.26,1879.91,1878.53,1880.71,1879.6,1880.0
5m,10,0.33324386389300414,20403,20422,7.0,1786737000000.0,1880.71,1879.6,1880.0,1879.91,1881.84,1879.3,1881.84
5m,10,0.33324386389300414,20403,20422,8.0,1786737300000.0,1881.84,1879.3,1881.84,1880.01,1881.96,1880.47,1880.89
5m,10,0.33324386389300414,20403,20422,9.0,1786737600000.0,1881.96,1880.47,1881.84,1880.89,1881.6,1880.18,1881.6
5m,10,0.33324386389300414,20403,20422,10.0,1786737900000.0,1881.6,1880.18,1881.6,1880.89,1881.9,1880.85,1881.29
5m,10,0.33324386389300414,20403,20422,11.0,1786738200000.0,1881.9,1880.85,1881.6,1881.29,1881.29,1879.86,1880.18
5m,10,0.33324386389300414,20403,20422,12.0,1786738500000.0,1881.29,1879.86,1881.29,1880.18,1880.46,1879.54,1879.87
5m,10,0.33324386389300414,20403,20422,13.0,1786738800000.0,1880.46,1879.54,1880.18,1879.87,1880.95,1879.72,1880.66
5m,10,0.33324386389300414,20403,20422,14.0,1786739100000.0,1880.95,1879.72,1880.66,1879.87,1880.66,1879.25,1880.25
5m,10,0.33324386389300414,20403,20422,15.0,1786739400000.0,1880.66,1879.25,1880.66,1880.25,1880.43,1879.55,1879.64
5m,10,0.33324386389300414,20403,20422,16.0,1786739700000.0,1880.43,1879.55,1880.25,1879.64,1880.04,1878.95,1879.4
5m,10,0.33324386389300414,20403,20422,17.0,1786740000000.0,1880.04,1878.95,1879.64,1879.4,1879.68,1879.4,1879.67
5m,10,0.33324386389300414,20403,20422,18.0,1786740300000.0,1879.68,1879.4,1879.67,1879.4,1880.14,1879.38,1880.13
5m,10,0.33324386389300414,20403,20422,19.0,1786740600000.0,1880.14,1879.38,1880.13,1879.67,1880.54,1880.02,1880.05
5m,11,0.3331451535416539,29903,29922,1.0,1789585200000.0,2400.61,2389.37,2398.05,2391.77,2418.99,2398.07,2412.52
5m,11,0.3331451535416539,29903,29922,2.0,1789585500000.0,2418.99,2398.07,2412.52,2398.07,2415.21,2407.62,2408.84
5m,11,0.3331451535416539,29903,29922,3.0,1789585800000.0,2415.21,2407.62,2412.53,2408.84,2408.84,2399.14,2407.18
5m,11,0.3331451535416539,29903,29922,4.0,1789586100000.0,2408.84,2399.14,2408.84,2407.18,2410.42,2396.09,2399.64
5m,11,0.3331451535416539,29903,29922,5.0,1789586400000.0,2410.42,2396.09,2407.18,2399.64,2401.54,2385.68,2387.67
5m,11,0.3331451535416539,29903,29922,6.0,1789586700000.0,2401.54,2385.68,2399.64,2387.67,2390.88,2377.27,2388.53
5m,11,0.3331451535416539,29903,29922,7.0,1789587000000.0,2390.88,2377.27,2388.53,2387.68,2402.24,2382.11,2402.16
5m,11,0.3331451535416539,29903,29922,8.0,1789587300000.0,2402.24,2382.11,2402.16,2388.54,2404.41,2394.28,2401.08
5m,11,0.3331451535416539,29903,29922,9.0,1789587600000.0,2404.41,2394.28,2402.15,2401.08,2407.78,2398.86,2406.24
5m,11,0.3331451535416539,29903,29922,10.0,1789587900000.0,2407.78,2398.86,2406.24,2401.08,2411.63,2405.7,2407.64
5m,11,0.3331451535416539,29903,29922,11.0,1789588200000.0,2411.63,2405.7,2407.64,2406.23,2410.14,2405.82,2408.53
5m,11,0.3331451535416539,29903,29922,12.0,1789588500000.0,2410.14,2405.82,2408.53,2407.63,2409.89,2406.31,2408.6
5m,11,0.3331451535416539,29903,29922,13.0,1789588800000.0,2409.89,2406.31,2408.6,2408.52,2415.49,2405.0,2415.11
5m,11,0.3331451535416539,29903,29922,14.0,1789589100000.0,2415.49,2405.0,2415.11,2408.58,2419.9,2411.07,2412.69
5m,11,0.3331451535416539,29903,29922,15.0,1789589400000.0,2419.9,2411.07,2415.1,2412.69,2414.54,2410.81,2412.88
5m,11,0.3331451535416539,29903,29922,16.0,1789589700000.0,2414.54,2410.81,2412.88,2412.68,2416.04,2409.64,2415.65
5m,11,0.3331451535416539,29903,29922,17.0,1789590000000.0,2416.04,2409.64,2415.65,2412.88,2418.26,2414.27,2415.07
5m,11,0.3331451535416539,29903,29922,18.0,1789590300000.0,2418.26,2414.27,2415.65,2415.07,2415.07,2407.61,2411.71
5m,11,0.3331451535416539,29903,29922,19.0,1789590600000.0,2415.07,2407.61,2415.06,2411.71,2413.63,2408.55,2413.6
5m,12,0.33305563285081974,3572,3591,1.0,1781685900000.0,1767.68,1761.84,1763.75,1763.03,1766.13,1761.8,1763.52
5m,12,0.33305563285081974,3572,3591,2.0,1781686200000.0,1766.13,1761.8,1763.52,1763.03,1765.4,1760.4,1764.18
5m,12,0.33305563285081974,3572,3591,3.0,1781686500000.0,1765.4,1760.4,1764.18,1763.52,1768.0,1763.6,1765.31
5m,12,0.33305563285081974,3572,3591,4.0,1781686800000.0,1768.0,1763.6,1765.31,1764.19,1769.35,1765.0,1768.08
5m,12,0.33305563285081974,3572,3591,5.0,1781687100000.0,1769.35,1765.0,1768.08,1765.3,1769.35,1767.0,1769.1
5m,12,0.33305563285081974,3572,3591,6.0,1781687400000.0,1769.35,1767.0,1769.1,1768.08,1770.32,1768.2,1769.66
5m,12,0.33305563285081974,3572,3591,7.0,1781687700000.0,1770.32,1768.2,1769.66,1769.09,1773.38,1768.57,1772.6
5m,12,0.33305563285081974,3572,3591,8.0,1781688000000.0,1773.38,1768.57,1772.6,1769.67,1773.65,1769.36,1773.25
5m,12,0.33305563285081974,3572,3591,9.0,1781688300000.0,1773.65,1769.36,1773.25,1772.6,1777.78,1772.91,1775.03
5m,12,0.33305563285081974,3572,3591,10.0,1781688600000.0,1777.78,1772.91,1775.03,1773.25,1775.98,1773.64,1773.99
5m,12,0.33305563285081974,3572,3591,11.0,1781688900000.0,1775.98,1773.64,1775.04,1773.99,1774.26,1772.0,1772.89
5m,12,0.33305563285081974,3572,3591,12.0,1781689200000.0,1774.26,1772.0,1773.99,1772.89,1773.37,1771.91,1772.49
5m,12,0.33305563285081974,3572,3591,13.0,1781689500000.0,1773.37,1771.91,1772.88,1772.49,1775.26,1772.24,1775.26
5m,12,0.33305563285081974,3572,3591,14.0,1781689800000.0,1775.26,1772.24,1775.26,1772.5,1776.3,1771.65,1771.65
5m,12,0.33305563285081974,3572,3591,15.0,1781690100000.0,1776.3,1771.65,1775.27,1771.65,1773.08,1769.8,1773.07
5m,12,0.33305563285081974,3572,3591,16.0,1781690400000.0,1773.08,1769.8,1773.07,1771.65,1776.05,1769.9,1770.9
5m,12,0.33305563285081974,3572,3591,17.0,1781690700000.0,1776.05,1769.9,1773.08,1770.9,1772.06,1769.11,1771.01
5m,12,0.33305563285081974,3572,3591,18.0,1781691000000.0,1772.06,1769.11,1771.01,1770.89,1773.52,1771.0,1772.68
5m,12,0.33305563285081974,3572,3591,19.0,1781691300000.0,1773.52,1771.0,1772.68,1771.0,1774.68,1770.71,1770.85
5m,13,0.3329739520693674,9503,9522,1.0,1783465200000.0,1776.27,1775.29,1775.55,1775.51,1777.98,1774.52,1777.85
5m,13,0.3329739520693674,9503,9522,2.0,1783465500000.0,1777.98,1774.52,1777.85,1775.55,1780.06,1776.94,1778.89
5m,13,0.3329739520693674,9503,9522,3.0,1783465800000.0,1780.06,1776.94,1778.89,1777.85,1779.35,1777.72,1778.59
5m,13,0.3329739520693674,9503,9522,4.0,1783466100000.0,1779.35,1777.72,1778.88,1778.59,1780.94,1778.53,1780.57
5m,13,0.3329739520693674,9503,9522,5.0,1783466400000.0,1780.94,1778.53,1780.57,1778.59,1780.57,1779.12,1779.12
5m,13,0.3329739520693674,9503,9522,6.0,1783466700000.0,1780.57,1779.12,1780.56,1779.12,1780.0,1778.0,1779.99
5m,13,0.3329739520693674,9503,9522,7.0,1783467000000.0,1780.0,1778.0,1779.99,1779.13,1780.77,1778.0,1778.15
5m,13,0.3329739520693674,9503,9522,8.0,1783467300000.0,1780.77,1778.0,1779.99,1778.15,1778.15,1776.2,1776.72
5m,13,0.3329739520693674,9503,9522,9.0,1783467600000.0,1778.15,1776.2,1778.15,1776.72,1776.72,1772.25,1772.44
5m,13,0.3329739520693674,9503,9522,10.0,1783467900000.0,1776.72,1772.25,1776.72,1772.44,1773.16,1771.73,1772.25
5m,13,0.3329739520693674,9503,9522,11.0,1783468200000.0,1773.16,1771.73,1772.43,1772.25,1772.96,1770.4,1770.83
5m,13,0.3329739520693674,9503,9522,12.0,1783468500000.0,1772.96,1770.4,1772.26,1770.83,1771.46,1768.0,1771.45
5m,13,0.3329739520693674,9503,9522,13.0,1783468800000.0,1771.46,1768.0,1771.45,1770.83,1774.44,1770.02,1773.93
5m,13,0.3329739520693674,9503,9522,14.0,1783469100000.0,1774.44,1770.02,1773.93,1771.45,1775.61,1772.87,1774.84
5m,13,0.3329739520693674,9503,9522,15.0,1783469400000.0,1775.61,1772.87,1774.84,1773.93,1775.42,1772.74,1774.58
5m,13,0.3329739520693674,9503,9522,16.0,1783469700000.0,1775.42,1772.74,1774.84,1774.58,1775.9,1771.94,1775.22
5m,13,0.3329739520693674,9503,9522,17.0,1783470000000.0,1775.9,1771.94,1775.22,1774.59,1779.13,1774.68,1779.13
5m,13,0.3329739520693674,9503,9522,18.0,1783470300000.0,1779.13,1774.68,1779.13,1775.21,1782.01,1777.92,1779.7
5m,13,0.3329739520693674,9503,9522,19.0,1783470600000.0,1782.01,1777.92,1779.7,1779.12,1780.46,1777.59,1778.22
5m,14,0.33274415557733444,21723,21742,1.0,1787131200000.0,1923.38,1921.51,1923.38,1922.36,1923.55,1922.4,1922.4
5m,14,0.33274415557733444,21723,21742,2.0,1787131500000.0,1923.55,1922.4,1923.38,1922.4,1922.55,1921.02,1921.1
5m,14,0.33274415557733444,21723,21742,3.0,1787131800000.0,1922.55,1921.02,1922.41,1921.1,1921.25,1920.68,1920.78
5m,14,0.33274415557733444,21723,21742,4.0,1787132100000.0,1921.25,1920.68,1921.11,1920.78,1920.81,1919.75,1919.76
5m,14,0.33274415557733444,21723,21742,5.0,1787132400000.0,1920.81,1919.75,1920.78,1919.76,1919.76,1918.2,1918.49
5m,14,0.33274415557733444,21723,21742,6.0,1787132700000.0,1919.76,1918.2,1919.76,1918.49,1918.87,1918.25,1918.75
5m,14,0.33274415557733444,21723,21742,7.0,1787133000000.0,1918.87,1918.25,1918.75,1918.49,1919.11,1918.27,1918.99
5m,14,0.33274415557733444,21723,21742,8.0,1787133300000.0,1919.11,1918.27,1918.99,1918.75,1919.48,1918.78,1919.3
5m,14,0.33274415557733444,21723,21742,9.0,1787133600000.0,1919.48,1918.78,1919.3,1918.99,1919.3,1918.25,1918.25
5m,14,0.33274415557733444,21723,21742,10.0,1787133900000.0,1919.3,1918.25,1919.3,1918.25,1918.77,1917.7,1918.32
5m,14,0.33274415557733444,21723,21742,11.0,1787134200000.0,1918.77,1917.7,1918.32,1918.24,1919.14,1917.98,1918.83
5m,14,0.33274415557733444,21723,21742,12.0,1787134500000.0,1919.14,1917.98,1918.83,1918.32,1919.19,1918.0,1919.19
5m,14,0.33274415557733444,21723,21742,13.0,1787134800000.0,1919.19,1918.0,1919.19,1918.83,1919.46,1918.21,1918.22
5m,14,0.33274415557733444,21723,21742,14.0,1787135100000.0,1919.46,1918.21,1919.18,1918.22,1918.38,1917.31,1918.37
5m,14,0.33274415557733444,21723,21742,15.0,1787135400000.0,1918.38,1917.31,1918.37,1918.21,1918.38,1917.7,1918.31
5m,14,0.33274415557733444,21723,21742,16.0,1787135700000.0,1918.38,1917.7,1918.37,1918.31,1918.84,1918.31,1918.83
5m,14,0.33274415557733444,21723,21742,17.0,1787136000000.0,1918.84,1918.31,1918.83,1918.32,1919.23,1918.39,1918.99
5m,14,0.33274415557733444,21723,21742,18.0,1787136300000.0,1919.23,1918.39,1918.99,1918.83,1919.63,1918.92,1919.24
5m,14,0.33274415557733444,21723,21742,19.0,1787136600000.0,1919.63,1918.92,1919.24,1918.98,1919.85,1918.61,1919.11
5m,15,0.3323720595941882,12051,12070,1.0,1784229600000.0,1876.14,1873.0,1874.5,1873.9,1874.85,1872.29,1872.67
5m,15,0.3323720595941882,12051,12070,2.0,1784229900000.0,1874.85,1872.29,1874.5,1872.67,1875.51,1871.47,1874.68
5m,15,0.3323720595941882,12051,12070,3.0,1784230200000.0,1875.51,1871.47,1874.68,1872.67,1875.89,1873.84,1874.58
5m,15,0.3323720595941882,12051,12070,4.0,1784230500000.0,1875.89,1873.84,1874.69,1874.58,1876.46,1873.79,1874.92
5m,15,0.3323720595941882,12051,12070,5.0,1784230800000.0,1876.46,1873.79,1874.92,1874.58,1875.51,1872.92,1873.42
5m,15,0.3323720595941882,12051,12070,6.0,1784231100000.0,1875.51,1872.92,1874.92,1873.42,1873.69,1871.09,1872.08
5m,15,0.3323720595941882,12051,12070,7.0,1784231400000.0,1873.69,1871.09,1873.41,1872.08,1875.15,1872.08,1875.15
5m,15,0.3323720595941882,12051,12070,8.0,1784231700000.0,1875.15,1872.08,1875.15,1872.08,1876.22,1873.97,1875.59
5m,15,0.3323720595941882,12051,12070,9.0,1784232000000.0,1876.22,1873.97,1875.59,1875.15,1875.7,1873.68,1874.05
5m,15,0.3323720595941882,12051,12070,10.0,1784232300000.0,1875.7,1873.68,1875.59,1874.05,1875.0,1873.57,1873.83
5m,15,0.3323720595941882,12051,12070,11.0,1784232600000.0,1875.0,1873.57,1874.04,1873.83,1874.16,1872.59,1872.63
5m,15,0.3323720595941882,12051,12070,12.0,1784232900000.0,1874.16,1872.59,1873.82,1872.63,1874.41,1871.66,1874.41
5m,15,0.3323720595941882,12051,12070,13.0,1784233200000.0,1874.41,1871.66,1874.41,1872.63,1875.47,1872.97,1872.98
5m,15,0.3323720595941882,12051,12070,14.0,1784233500000.0,1875.47,1872.97,1874.4,1872.98,1873.85,1872.13,1873.45
5m,15,0.3323720595941882,12051,12070,15.0,1784233800000.0,1873.85,1872.13,1873.45,1872.97,1874.69,1871.82,1874.03
5m,15,0.3323720595941882,12051,12070,16.0,1784234100000.0,1874.69,1871.82,1874.03,1873.44,1874.77,1872.62,1872.62
5m,15,0.3323720595941882,12051,12070,17.0,1784234400000.0,1874.77,1872.62,1874.03,1872.62,1872.98,1871.94,1872.93
5m,15,0.3323720595941882,12051,12070,18.0,1784234700000.0,1872.98,1871.94,1872.93,1872.63,1873.47,1871.8,1873.43
5m,15,0.3323720595941882,12051,12070,19.0,1784235000000.0,1873.47,1871.8,1873.43,1872.93,1873.74,1872.26,1872.89
5m,16,0.33189292258970804,29701,29720,1.0,1789524600000.0,2395.44,2392.38,2394.46,2392.82,2394.46,2388.21,2393.6
5m,16,0.33189292258970804,29701,29720,2.0,1789524900000.0,2394.46,2388.21,2393.6,2392.82,2399.77,2393.14,2398.99
5m,16,0.33189292258970804,29701,29720,3.0,1789525200000.0,2399.77,2393.14,2398.99,2393.6,2400.0,2398.08,2398.9
5m,16,0.33189292258970804,29701,29720,4.0,1789525500000.0,2400.0,2398.08,2398.99,2398.9,2402.37,2398.75,2402.37
5m,16,0.33189292258970804,29701,29720,5.0,1789525800000.0,2402.37,2398.75,2402.37,2398.9,2407.69,2402.05,2407.1
5m,16,0.33189292258970804,29701,29720,6.0,1789526100000.0,2407.69,2402.05,2407.1,2402.37,2411.31,2407.1,2409.94
5m,16,0.33189292258970804,29701,29720,7.0,1789526400000.0,2411.31,2407.1,2409.94,2407.1,2410.44,2405.99,2406.44
5m,16,0.33189292258970804,29701,29720,8.0,1789526700000.0,2410.44,2405.99,2409.94,2406.44,2407.68,2405.08,2407.31
5m,16,0.33189292258970804,29701,29720,9.0,1789527000000.0,2407.68,2405.08,2407.31,2406.43,2407.57,2404.47,2404.55
5m,16,0.33189292258970804,29701,29720,10.0,1789527300000.0,2407.57,2404.47,2407.3,2404.55,2404.72,2400.0,2403.0
5m,16,0.33189292258970804,29701,29720,11.0,1789527600000.0,2404.72,2400.0,2404.55,2403.0,2407.09,2402.57,2404.85
5m,16,0.33189292258970804,29701,29720,12.0,1789527900000.0,2407.09,2402.57,2404.85,2403.01,2405.32,2400.59,2402.22
5m,16,0.33189292258970804,29701,29720,13.0,1789528200000.0,2405.32,2400.59,2404.85,2402.22,2406.8,2402.01,2406.79
5m,16,0.33189292258970804,29701,29720,14.0,1789528500000.0,2406.8,2402.01,2406.79,2402.22,2411.4,2406.64,2409.08
5m,16,0.33189292258970804,29701,29720,15.0,1789528800000.0,2411.4,2406.64,2409.08,2406.8,2411.53,2408.67,2410.48
5m,16,0.33189292258970804,29701,29720,16.0,1789529100000.0,2411.53,2408.67,2410.48,2409.08,2410.49,2404.75,2404.75
5m,16,0.33189292258970804,29701,29720,17.0,1789529400000.0,2410.49,2404.75,2410.49,2404.75,2406.68,2403.29,2403.92
5m,16,0.33189292258970804,29701,29720,18.0,1789529700000.0,2406.68,2403.29,2404.76,2403.92,2403.93,2400.56,2401.52
5m,16,0.33189292258970804,29701,29720,19.0,1789530000000.0,2403.93,2400.56,2403.92,2401.52,2402.93,2400.15,2401.79
5m,17,0.33149973950723327,6983,7002,1.0,1782709200000.0,1577.03,1574.65,1577.02,1575.5,1576.42,1569.52,1569.72
5m,17,0.33149973950723327,6983,7002,2.0,1782709500000.0,1576.42,1569.52,1575.5,1569.72,1569.72,1563.0,1567.51
5m,17,0.33149973950723327,6983,7002,3.0,1782709800000.0,1569.72,1563.0,1569.72,1567.51,1568.47,1562.26,1566.93
5m,17,0.33149973950723327,6983,7002,4.0,1782710100000.0,1568.47,1562.26,1567.52,1566.93,1572.01,1566.92,1568.62
5m,17,0.33149973950723327,6983,7002,5.0,1782710400000.0,1572.01,1566.92,1568.62,1566.93,1570.64,1568.53,1570.26
5m,17,0.33149973950723327,6983,7002,6.0,1782710700000.0,1570.64,1568.53,1570.26,1568.62,1571.63,1570.07,1570.48
5m,17,0.33149973950723327,6983,7002,7.0,1782711000000.0,1571.63,1570.07,1570.48,1570.25,1573.68,1568.94,1573.63
5m,17,0.33149973950723327,6983,7002,8.0,1782711300000.0,1573.68,1568.94,1573.63,1570.48,1575.0,1571.6,1572.61
5m,17,0.33149973950723327,6983,7002,9.0,1782711600000.0,1575.0,1571.6,1573.64,1572.61,1579.37,1572.3,1578.03
5m,17,0.33149973950723327,6983,7002,10.0,1782711900000.0,1579.37,1572.3,1578.03,1572.62,1581.34,1577.46,1578.25
5m,17,0.33149973950723327,6983,7002,11.0,1782712200000.0,1581.34,1577.46,1578.25,1578.03,1580.45,1578.02,1580.34
5m,17,0.33149973950723327,6983,7002,12.0,1782712500000.0,1580.45,1578.02,1580.34,1578.26,1583.1,1580.05,1583.1
5m,17,0.33149973950723327,6983,7002,13.0,1782712800000.0,1583.1,1580.05,1583.1,1580.34,1587.35,1583.1,1585.98
5m,17,0.33149973950723327,6983,7002,14.0,1782713100000.0,1587.35,1583.1,1585.98,1583.1,1586.57,1583.13,1585.7
5m,17,0.33149973950723327,6983,7002,15.0,1782713400000.0,1586.57,1583.13,1585.98,1585.7,1585.7,1583.85,1585.47
5m,17,0.33149973950723327,6983,7002,16.0,1782713700000.0,1585.7,1583.85,1585.7,1585.47,1589.08,1584.62,1587.45
5m,17,0.33149973950723327,6983,7002,17.0,1782714000000.0,1589.08,1584.62,1587.45,1585.47,1587.59,1585.04,1585.76
5m,17,0.33149973950723327,6983,7002,18.0,1782714300000.0,1587.59,1585.04,1587.45,1585.76,1586.19,1583.07,1583.16
5m,17,0.33149973950723327,6983,7002,19.0,1782714600000.0,1586.19,1583.07,1585.75,1583.16,1584.51,1582.06,1582.37
5m,18,0.3309381342093979,14348,14367,1.0,1784918700000.0,1860.73,1858.48,1860.66,1860.01,1863.1,1859.48,1862.02
5m,18,0.3309381342093979,14348,14367,2.0,1784919000000.0,1863.1,1859.48,1862.02,1860.01,1864.18,1861.22,1862.66
5m,18,0.3309381342093979,14348,14367,3.0,1784919300000.0,1864.18,1861.22,1862.66,1862.03,1863.22,1862.12,1862.72
5m,18,0.3309381342093979,14348,14367,4.0,1784919600000.0,1863.22,1862.12,1862.72,1862.65,1863.93,1860.19,1860.19
5m,18,0.3309381342093979,14348,14367,5.0,1784919900000.0,1863.93,1860.19,1862.73,1860.19,1861.29,1858.0,1858.43
5m,18,0.3309381342093979,14348,14367,6.0,1784920200000.0,1861.29,1858.0,1860.19,1858.43,1859.36,1858.05,1858.06
5m,18,0.3309381342093979,14348,14367,7.0,1784920500000.0,1859.36,1858.05,1858.42,1858.06,1860.41,1858.0,1859.81
5m,18,0.3309381342093979,14348,14367,8.0,1784920800000.0,1860.41,1858.0,1859.81,1858.05,1861.29,1859.0,1859.97
5m,18,0.3309381342093979,14348,14367,9.0,1784921100000.0,1861.29,1859.0,1859.97,1859.8,1861.73,1859.52,1861.26
5m,18,0.3309381342093979,14348,14367,10.0,1784921400000.0,1861.73,1859.52,1861.26,1859.97,1862.7,1860.94,1862.35
5m,18,0.3309381342093979,14348,14367,11.0,1784921700000.0,1862.7,1860.94,1862.35,1861.26,1864.58,1861.61,1863.57
5m,18,0.3309381342093979,14348,14367,12.0,1784922000000.0,1864.58,1861.61,1863.57,1862.34,1864.14,1862.8,1863.48
5m,18,0.3309381342093979,14348,14367,13.0,1784922300000.0,1864.14,1862.8,1863.57,1863.48,1864.37,1862.03,1863.27
5m,18,0.3309381342093979,14348,14367,14.0,1784922600000.0,1864.37,1862.03,1863.49,1863.27,1864.03,1862.07,1863.87
5m,18,0.3309381342093979,14348,14367,15.0,1784922900000.0,1864.03,1862.07,1863.87,1863.27,1863.86,1862.32,1863.83
5m,18,0.3309381342093979,14348,14367,16.0,1784923200000.0,1863.86,1862.32,1863.86,1863.83,1865.82,1863.43,1863.75
5m,18,0.3309381342093979,14348,14367,17.0,1784923500000.0,1865.82,1863.43,1863.84,1863.75,1863.95,1862.23,1862.3
5m,18,0.3309381342093979,14348,14367,18.0,1784923800000.0,1863.95,1862.23,1863.75,1862.3,1863.63,1862.26,1863.44
5m,18,0.3309381342093979,14348,14367,19.0,1784924100000.0,1863.63,1862.26,1863.44,1862.3,1864.55,1863.04,1863.04
5m,19,0.33055206331866166,5487,5506,1.0,1782260400000.0,1672.3,1669.62,1671.21,1671.17,1671.2,1668.22,1668.65
5m,19,0.33055206331866166,5487,5506,2.0,1782260700000.0,1671.2,1668.22,1671.2,1668.65,1670.25,1667.82,1668.78
5m,19,0.33055206331866166,5487,5506,3.0,1782261000000.0,1670.25,1667.82,1668.78,1668.66,1669.4,1667.51,1669.28
5m,19,0.33055206331866166,5487,5506,4.0,1782261300000.0,1669.4,1667.51,1669.28,1668.78,1674.72,1669.29,1674.03
5m,19,0.33055206331866166,5487,5506,5.0,1782261600000.0,1674.72,1669.29,1674.03,1669.29,1674.02,1670.43,1670.75
5m,19,0.33055206331866166,5487,5506,6.0,1782261900000.0,1674.02,1670.43,1674.02,1670.75,1672.47,1669.0,1672.27
5m,19,0.33055206331866166,5487,5506,7.0,1782262200000.0,1672.47,1669.0,1672.27,1670.74,1673.55,1670.71,1671.2
5m,19,0.33055206331866166,5487,5506,8.0,1782262500000.0,1673.55,1670.71,1672.27,1671.2,1671.58,1669.68,1671.37
5m,19,0.33055206331866166,5487,5506,9.0,1782262800000.0,1671.58,1669.68,1671.37,1671.21,1671.78,1667.8,1667.81
5m,19,0.33055206331866166,5487,5506,10.0,1782263100000.0,1671.78,1667.8,1671.37,1667.81,1669.58,1666.52,1668.38
5m,19,0.33055206331866166,5487,5506,11.0,1782263400000.0,1669.58,1666.52,1668.38,1667.81,1672.5,1667.86,1672.3
5m,19,0.33055206331866166,5487,5506,12.0,1782263700000.0,1672.5,1667.86,1672.3,1668.38,1672.3,1666.12,1666.61
5m,19,0.33055206331866166,5487,5506,13.0,1782264000000.0,1672.3,1666.12,1672.29,1666.61,1672.96,1666.44,1671.36
5m,19,0.33055206331866166,5487,5506,14.0,1782264300000.0,1672.96,1666.44,1671.36,1666.61,1672.38,1669.5,1671.39
5m,19,0.33055206331866166,5487,5506,15.0,1782264600000.0,1672.38,1669.5,1671.39,1671.34,1680.46,1671.39,1678.32
5m,19,0.33055206331866166,5487,5506,16.0,1782264900000.0,1680.46,1671.39,1678.32,1671.39,1679.34,1676.31,1677.38
5m,19,0.33055206331866166,5487,5506,17.0,1782265200000.0,1679.34,1676.31,1678.32,1677.38,1677.94,1673.91,1674.56
5m,19,0.33055206331866166,5487,5506,18.0,1782265500000.0,1677.94,1673.91,1677.38,1674.56,1676.32,1674.36,1675.96
5m,19,0.33055206331866166,5487,5506,19.0,1782265800000.0,1676.32,1674.36,1675.96,1674.56,1677.21,1674.43,1676.04
5m,20,0.330489306446293,12953,12972,1.0,1784500200000.0,1872.92,1870.72,1871.43,1871.09,1872.89,1869.09,1871.09
5m,20,0.330489306446293,12953,12972,2.0,1784500500000.0,1872.89,1869.09,1871.43,1871.09,1872.92,1867.6,1872.91
5m,20,0.330489306446293,12953,12972,3.0,1784500800000.0,1872.92,1867.6,1872.91,1871.09,1875.2,1871.0,1874.37
5m,20,0.330489306446293,12953,12972,4.0,1784501100000.0,1875.2,1871.0,1874.37,1872.92,1874.36,1871.68,1871.68
5m,20,0.330489306446293,12953,12972,5.0,1784501400000.0,1874.36,1871.68,1874.36,1871.68,1871.98,1869.89,1871.02
5m,20,0.330489306446293,12953,12972,6.0,1784501700000.0,1871.98,1869.89,1871.67,1871.02,1871.3,1869.93,1870.44
5m,20,0.330489306446293,12953,12972,7.0,1784502000000.0,1871.3,1869.93,1871.02,1870.44,1870.95,1865.12,1866.48
5m,20,0.330489306446293,12953,12972,8.0,1784502300000.0,1870.95,1865.12,1870.44,1866.48,1868.49,1865.0,1867.84
5m,20,0.330489306446293,12953,12972,9.0,1784502600000.0,1868.49,1865.0,1867.84,1866.48,1871.64,1867.17,1870.68
5m,20,0.330489306446293,12953,12972,10.0,1784502900000.0,1871.64,1867.17,1870.68,1867.84,1871.42,1868.27,1870.18
5m,20,0.330489306446293,12953,12972,11.0,1784503200000.0,1871.42,1868.27,1870.68,1870.18,1870.39,1868.14,1870.38
5m,20,0.330489306446293,12953,12972,12.0,1784503500000.0,1870.39,1868.14,1870.38,1870.19,1871.72,1868.14,1868.97
5m,20,0.330489306446293,12953,12972,13.0,1784503800000.0,1871.72,1868.14,1870.39,1868.97,1873.3,1868.84,1872.91
5m,20,0.330489306446293,12953,12972,14.0,1784504100000.0,1873.3,1868.84,1872.91,1868.98,1874.25,1867.97,1868.55
5m,20,0.330489306446293,12953,12972,15.0,1784504400000.0,1874.25,1867.97,1872.91,1868.55,1874.24,1867.84,1874.05
5m,20,0.330489306446293,12953,12972,16.0,1784504700000.0,1874.24,1867.84,1874.05,1868.56,1874.94,1869.92,1869.92
5m,20,0.330489306446293,12953,12972,17.0,1784505000000.0,1874.94,1869.92,1874.06,1869.92,1872.3,1869.58,1870.97
5m,20,0.330489306446293,12953,12972,18.0,1784505300000.0,1872.3,1869.58,1870.97,1869.92,1873.33,1870.9,1872.23
5m,20,0.330489306446293,12953,12972,19.0,1784505600000.0,1873.33,1870.9,1872.23,1870.98,1872.53,1866.33,1869.62
5m,21,0.3304885537188537,25849,25868,1.0,1788369000000.0,2383.91,2375.51,2382.62,2377.53,2382.12,2376.29,2380.25
5m,21,0.3304885537188537,25849,25868,2.0,1788369300000.0,2382.12,2376.29,2380.25,2377.53,2381.18,2374.46,2376.3
5m,21,0.3304885537188537,25849,25868,3.0,1788369600000.0,2381.18,2374.46,2380.24,2376.3,2378.81,2372.55,2377.02
5m,21,0.3304885537188537,25849,25868,4.0,1788369900000.0,2378.81,2372.55,2377.02,2376.31,2379.6,2375.83,2379.6
5m,21,0.3304885537188537,25849,25868,5.0,1788370200000.0,2379.6,2375.83,2379.6,2377.02,2385.02,2378.6,2384.29
5m,21,0.3304885537188537,25849,25868,6.0,1788370500000.0,2385.02,2378.6,2384.29,2379.59,2386.18,2383.18,2384.4
5m,21,0.3304885537188537,25849,25868,7.0,1788370800000.0,2386.18,2383.18,2384.4,2384.28,2389.47,2383.56,2389.47
5m,21,0.3304885537188537,25849,25868,8.0,1788371100000.0,2389.47,2383.56,2389.47,2384.41,2394.3,2389.47,2393.05
5m,21,0.3304885537188537,25849,25868,9.0,1788371400000.0,2394.3,2389.47,2393.05,2389.47,2394.06,2392.15,2392.24
5m,21,0.3304885537188537,25849,25868,10.0,1788371700000.0,2394.06,2392.15,2393.05,2392.24,2393.87,2391.0,2393.77
5m,21,0.3304885537188537,25849,25868,11.0,1788372000000.0,2393.87,2391.0,2393.77,2392.23,2394.87,2391.45,2393.16
5m,21,0.3304885537188537,25849,25868,12.0,1788372300000.0,2394.87,2391.45,2393.77,2393.16,2396.51,2391.74,2396.11
5m,21,0.3304885537188537,25849,25868,13.0,1788372600000.0,2396.51,2391.74,2396.11,2393.16,2396.89,2393.57,2395.24
5m,21,0.3304885537188537,25849,25868,14.0,1788372900000.0,2396.89,2393.57,2396.1,2395.24,2399.91,2394.37,2396.2
5m,21,0.3304885537188537,25849,25868,15.0,1788373200000.0,2399.91,2394.37,2396.2,2395.25,2397.75,2393.95,2396.32
5m,21,0.3304885537188537,25849,25868,16.0,1788373500000.0,2397.75,2393.95,2396.32,2396.19,2398.37,2395.88,2396.38
5m,21,0.3304885537188537,25849,25868,17.0,1788373800000.0,2398.37,2395.88,2396.38,2396.32,2397.82,2394.97,2395.4
5m,21,0.3304885537188537,25849,25868,18.0,1788374100000.0,2397.82,2394.97,2396.37,2395.4,2396.1,2391.63,2391.81
5m,21,0.3304885537188537,25849,25868,19.0,1788374400000.0,2396.1,2391.63,2395.39,2391.81,2393.61,2391.02,2392.02
5m,22,0.3304181601339829,22326,22345,1.0,1787312100000.0,2386.76,2357.18,2385.79,2360.7,2379.25,2360.05,2375.0
5m,22,0.3304181601339829,22326,22345,2.0,1787312400000.0,2379.25,2360.05,2375.0,2360.7,2378.19,2372.0,2374.1
5m,22,0.3304181601339829,22326,22345,3.0,1787312700000.0,2378.19,2372.0,2375.0,2374.1,2377.26,2362.05,2369.57
5m,22,0.3304181601339829,22326,22345,4.0,1787313000000.0,2377.26,2362.05,2374.09,2369.57,2377.45,2366.73,2377.36
5m,22,0.3304181601339829,22326,22345,5.0,1787313300000.0,2377.45,2366.73,2377.36,2369.58,2377.49,2363.91,2370.47
5m,22,0.3304181601339829,22326,22345,6.0,1787313600000.0,2377.49,2363.91,2377.36,2370.47,2375.16,2365.44,2370.22
5m,22,0.3304181601339829,22326,22345,7.0,1787313900000.0,2375.16,2365.44,2370.48,2370.22,2377.5,2370.23,2373.03
5m,22,0.3304181601339829,22326,22345,8.0,1787314200000.0,2377.5,2370.23,2373.03,2370.23,2380.56,2371.57,2379.01
5m,22,0.3304181601339829,22326,22345,9.0,1787314500000.0,2380.56,2371.57,2379.01,2373.03,2379.46,2373.85,2375.0
5m,22,0.3304181601339829,22326,22345,10.0,1787314800000.0,2379.46,2373.85,2379.01,2375.0,2376.96,2369.47,2375.94
5m,22,0.3304181601339829,22326,22345,11.0,1787315100000.0,2376.96,2369.47,2375.94,2375.0,2377.01,2373.26,2375.19
5m,22,0.3304181601339829,22326,22345,12.0,1787315400000.0,2377.01,2373.26,2375.95,2375.19,2376.95,2373.3,2375.59
5m,22,0.3304181601339829,22326,22345,13.0,1787315700000.0,2376.95,2373.3,2375.59,2375.19,2389.84,2375.58,2389.7
5m,22,0.3304181601339829,22326,22345,14.0,1787316000000.0,2389.84,2375.58,2389.7,2375.58,2395.76,2388.0,2394.58
5m,22,0.3304181601339829,22326,22345,15.0,1787316300000.0,2395.76,2388.0,2394.58,2389.7,2395.45,2389.55,2394.88
5m,22,0.3304181601339829,22326,22345,16.0,1787316600000.0,2395.45,2389.55,2394.88,2394.57,2397.5,2385.17,2386.64
5m,22,0.3304181601339829,22326,22345,17.0,1787316900000.0,2397.5,2385.17,2394.88,2386.64,2390.52,2385.24,2388.62
5m,22,0.3304181601339829,22326,22345,18.0,1787317200000.0,2390.52,2385.24,2388.62,2386.64,2390.64,2384.22,2390.64
5m,22,0.3304181601339829,22326,22345,19.0,1787317500000.0,2390.64,2384.22,2390.64,2388.62,2396.82,2389.4,2390.92
5m,23,0.32950854741948943,2315,2334,1.0,1781308800000.0,1666.41,1665.64,1666.41,1665.64,1666.42,1665.54,1665.54
5m,23,0.32950854741948943,2315,2334,2.0,1781309100000.0,1666.42,1665.54,1666.42,1665.54,1667.69,1665.31,1666.86
5m,23,0.32950854741948943,2315,2334,3.0,1781309400000.0,1667.69,1665.31,1666.86,1665.54,1667.96,1666.24,1667.96
5m,23,0.32950854741948943,2315,2334,4.0,1781309700000.0,1667.96,1666.24,1667.96,1666.86,1668.4,1666.75,1667.04
5m,23,0.32950854741948943,2315,2334,5.0,1781310000000.0,1668.4,1666.75,1667.95,1667.04,1669.25,1667.04,1668.76
5m,23,0.32950854741948943,2315,2334,6.0,1781310300000.0,1669.25,1667.04,1668.76,1667.04,1669.34,1666.49,1666.64
5m,23,0.32950854741948943,2315,2334,7.0,1781310600000.0,1669.34,1666.49,1668.76,1666.64,1668.89,1666.22,1667.43
5m,23,0.32950854741948943,2315,2334,8.0,1781310900000.0,1668.89,1666.22,1667.43,1666.63,1668.41,1666.22,1668.41
5m,23,0.32950854741948943,2315,2334,9.0,1781311200000.0,1668.41,1666.22,1668.41,1667.43,1668.42,1666.73,1666.93
5m,23,0.32950854741948943,2315,2334,10.0,1781311500000.0,1668.42,1666.73,1668.41,1666.93,1667.86,1665.88,1666.69
5m,23,0.32950854741948943,2315,2334,11.0,1781311800000.0,1667.86,1665.88,1666.92,1666.69,1667.39,1665.89,1667.12
5m,23,0.32950854741948943,2315,2334,12.0,1781312100000.0,1667.39,1665.89,1667.12,1666.7,1668.55,1667.11,1667.47
5m,23,0.32950854741948943,2315,2334,13.0,1781312400000.0,1668.55,1667.11,1667.47,1667.11,1668.34,1667.47,1667.89
5m,23,0.32950854741948943,2315,2334,14.0,1781312700000.0,1668.34,1667.47,1667.89,1667.47,1670.0,1667.21,1668.75
5m,23,0.32950854741948943,2315,2334,15.0,1781313000000.0,1670.0,1667.21,1668.75,1667.89,1668.92,1667.85,1668.84
5m,23,0.32950854741948943,2315,2334,16.0,1781313300000.0,1668.92,1667.85,1668.84,1668.74,1669.51,1666.78,1666.79
5m,23,0.32950854741948943,2315,2334,17.0,1781313600000.0,1669.51,1666.78,1668.85,1666.79,1668.3,1666.53,1667.31
5m,23,0.32950854741948943,2315,2334,18.0,1781313900000.0,1668.3,1666.53,1667.31,1666.78,1668.2,1667.31,1668.09
5m,23,0.32950854741948943,2315,2334,19.0,1781314200000.0,1668.2,1667.31,1668.09,1667.32,1668.69,1667.6,1667.9
5m,24,0.32945723866436916,20074,20093,1.0,1786636500000.0,1889.8,1886.66,1887.84,1886.96,1887.91,1880.0,1880.01
5m,24,0.32945723866436916,20074,20093,2.0,1786636800000.0,1887.91,1880.0,1886.95,1880.01,1881.73,1878.24,1881.73
5m,24,0.32945723866436916,20074,20093,3.0,1786637100000.0,1881.73,1878.24,1881.73,1880.01,1884.05,1878.4,1880.13
5m,24,0.32945723866436916,20074,20093,4.0,1786637400000.0,1884.05,1878.4,1881.72,1880.13,1881.48,1879.44,1880.77
5m,24,0.32945723866436916,20074,20093,5.0,1786637700000.0,1881.48,1879.44,1880.77,1880.12,1882.33,1880.53,1881.93
5m,24,0.32945723866436916,20074,20093,6.0,1786638000000.0,1882.33,1880.53,1881.93,1880.77,1884.94,1880.27,1883.83
5m,24,0.32945723866436916,20074,20093,7.0,1786638300000.0,1884.94,1880.27,1883.83,1881.93,1884.09,1878.34,1879.18
5m,24,0.32945723866436916,20074,20093,8.0,1786638600000.0,1884.09,1878.34,1883.83,1879.18,1881.54,1878.9,1880.51
5m,24,0.32945723866436916,20074,20093,9.0,1786638900000.0,1881.54,1878.9,1880.51,1879.18,1881.22,1867.01,1870.11
5m,24,0.32945723866436916,20074,20093,10.0,1786639200000.0,1881.22,1867.01,1880.51,1870.11,1871.49,1863.67,1871.16
5m,24,0.32945723866436916,20074,20093,11.0,1786639500000.0,1871.49,1863.67,1871.16,1870.11,1876.71,1869.12,1875.87
5m,24,0.32945723866436916,20074,20093,12.0,1786639800000.0,1876.71,1869.12,1875.87,1871.15,1877.24,1872.59,1873.03
5m,24,0.32945723866436916,20074,20093,13.0,1786640100000.0,1877.24,1872.59,1875.87,1873.03,1875.43,1873.02,1874.85
5m,24,0.32945723866436916,20074,20093,14.0,1786640400000.0,1875.43,1873.02,1874.85,1873.02,1876.25,1873.73,1875.62
5m,24,0.32945723866436916,20074,20093,15.0,1786640700000.0,1876.25,1873.73,1875.62,1874.86,1877.46,1875.1,1876.44
5m,24,0.32945723866436916,20074,20093,16.0,1786641000000.0,1877.46,1875.1,1876.44,1875.61,1876.97,1875.57,1876.11
5m,24,0.32945723866436916,20074,20093,17.0,1786641300000.0,1876.97,1875.57,1876.43,1876.11,1878.43,1874.64,1874.65
5m,24,0.32945723866436916,20074,20093,18.0,1786641600000.0,1878.43,1874.64,1876.11,1874.65,1878.43,1874.65,1878.43
5m,24,0.32945723866436916,20074,20093,19.0,1786641900000.0,1878.43,1874.65,1878.43,1874.65,1879.76,1877.13,1877.15
5m,25,0.32945085309919186,18360,18379,1.0,1786122300000.0,1910.52,1905.45,1909.5,1907.78,1911.49,1907.37,1910.48
5m,25,0.32945085309919186,18360,18379,2.0,1786122600000.0,1911.49,1907.37,1910.48,1907.78,1910.48,1906.69,1907.16
5m,25,0.32945085309919186,18360,18379,3.0,1786122900000.0,1910.48,1906.69,1910.48,1907.16,1910.69,1906.14,1910.25
5m,25,0.32945085309919186,18360,18379,4.0,1786123200000.0,1910.69,1906.14,1910.25,1907.15,1910.61,1907.63,1907.63
5m,25,0.32945085309919186,18360,18379,5.0,1786123500000.0,1910.61,1907.63,1910.24,1907.63,1908.77,1907.25,1908.22
5m,25,0.32945085309919186,18360,18379,6.0,1786123800000.0,1908.77,1907.25,1908.22,1907.64,1909.43,1906.09,1908.97
5m,25,0.32945085309919186,18360,18379,7.0,1786124100000.0,1909.43,1906.09,1908.97,1908.22,1911.54,1905.4,1911.33
5m,25,0.32945085309919186,18360,18379,8.0,1786124400000.0,1911.54,1905.4,1911.33,1908.98,1912.41,1910.65,1912.0
5m,25,0.32945085309919186,18360,18379,9.0,1786124700000.0,1912.41,1910.65,1912.0,1911.34,1912.9,1910.05,1910.1
5m,25,0.32945085309919186,18360,18379,10.0,1786125000000.0,1912.9,1910.05,1912.0,1910.1,1911.52,1907.28,1909.5
5m,25,0.32945085309919186,18360,18379,11.0,1786125300000.0,1911.52,1907.28,1910.1,1909.5,1912.99,1909.5,1912.45
5m,25,0.32945085309919186,18360,18379,12.0,1786125600000.0,1912.99,1909.5,1912.45,1909.5,1915.0,1912.06,1913.73
5m,25,0.32945085309919186,18360,18379,13.0,1786125900000.0,1915.0,1912.06,1913.73,1912.45,1914.61,1912.48,1914.61
5m,25,0.32945085309919186,18360,18379,14.0,1786126200000.0,1914.61,1912.48,1914.61,1913.73,1915.29,1913.91,1913.94
5m,25,0.32945085309919186,18360,18379,15.0,1786126500000.0,1915.29,1913.91,1914.61,1913.94,1915.21,1913.14,1914.24
5m,25,0.32945085309919186,18360,18379,16.0,1786126800000.0,1915.21,1913.14,1914.24,1913.94,1914.57,1912.46,1912.62
5m,25,0.32945085309919186,18360,18379,17.0,1786127100000.0,1914.57,1912.46,1914.23,1912.62,1913.41,1912.5,1912.65
5m,25,0.32945085309919186,18360,18379,18.0,1786127400000.0,1913.41,1912.5,1912.65,1912.61,1913.98,1911.7,1911.96
5m,25,0.32945085309919186,18360,18379,19.0,1786127700000.0,1913.98,1911.7,1912.64,1911.96,1912.0,1909.86,1910.1
15m,1,0.3768985653935664,14991,15010,1.0,1776106800000.0,2233.63,2228.01,2232.23,2231.01,2235.42,2227.72,2228.24
15m,1,0.3768985653935664,14991,15010,2.0,1776107700000.0,2235.42,2227.72,2232.22,2228.24,2244.95,2228.24,2242.08
15m,1,0.3768985653935664,14991,15010,3.0,1776108600000.0,2244.95,2228.24,2242.08,2228.24,2256.25,2240.87,2251.13
15m,1,0.3768985653935664,14991,15010,4.0,1776109500000.0,2256.25,2240.87,2251.13,2242.09,2268.88,2251.13,2262.33
15m,1,0.3768985653935664,14991,15010,5.0,1776110400000.0,2268.88,2251.13,2262.33,2251.13,2263.48,2249.26,2249.66
15m,1,0.3768985653935664,14991,15010,6.0,1776111300000.0,2263.48,2249.26,2262.33,2249.66,2254.05,2247.5,2254.05
15m,1,0.3768985653935664,14991,15010,7.0,1776112200000.0,2254.05,2247.5,2254.05,2249.67,2259.17,2251.93,2255.38
15m,1,0.3768985653935664,14991,15010,8.0,1776113100000.0,2259.17,2251.93,2255.38,2254.05,2257.26,2249.52,2252.49
15m,1,0.3768985653935664,14991,15010,9.0,1776114000000.0,2257.26,2249.52,2255.38,2252.49,2259.5,2249.62,2256.03
15m,1,0.3768985653935664,14991,15010,10.0,1776114900000.0,2259.5,2249.62,2256.03,2252.49,2259.46,2251.99,2253.74
15m,1,0.3768985653935664,14991,15010,11.0,1776115800000.0,2259.46,2251.99,2256.03,2253.74,2266.66,2253.54,2261.33
15m,1,0.3768985653935664,14991,15010,12.0,1776116700000.0,2266.66,2253.54,2261.33,2253.75,2264.42,2256.96,2260.07
15m,1,0.3768985653935664,14991,15010,13.0,1776117600000.0,2264.42,2256.96,2261.33,2260.07,2305.11,2259.81,2295.42
15m,1,0.3768985653935664,14991,15010,14.0,1776118500000.0,2305.11,2259.81,2295.42,2260.07,2337.2,2294.82,2325.44
15m,1,0.3768985653935664,14991,15010,15.0,1776119400000.0,2337.2,2294.82,2325.44,2295.42,2347.0,2325.45,2344.17
15m,1,0.3768985653935664,14991,15010,16.0,1776120300000.0,2347.0,2325.45,2344.17,2325.45,2363.94,2341.2,2352.74
15m,1,0.3768985653935664,14991,15010,17.0,1776121200000.0,2363.94,2341.2,2352.74,2344.17,2359.55,2341.53,2353.76
15m,1,0.3768985653935664,14991,15010,18.0,1776122100000.0,2359.55,2341.53,2353.76,2352.74,2394.71,2347.61,2387.99
15m,1,0.3768985653935664,14991,15010,19.0,1776123000000.0,2394.71,2347.61,2387.99,2353.76,2390.96,2371.79,2373.01
15m,2,0.37048035762095693,2335,2354,1.0,1764716400000.0,3018.42,3011.74,3017.55,3014.82,3018.49,3010.2,3011.79
15m,2,0.37048035762095693,2335,2354,2.0,1764717300000.0,3018.49,3010.2,3017.55,3011.79,3014.94,3006.02,3008.15
15m,2,0.37048035762095693,2335,2354,3.0,1764718200000.0,3014.94,3006.02,3011.79,3008.15,3010.0,2998.54,3000.01
15m,2,0.37048035762095693,2335,2354,4.0,1764719100000.0,3010.0,2998.54,3008.16,3000.01,3002.09,2991.87,2996.07
15m,2,0.37048035762095693,2335,2354,5.0,1764720000000.0,3002.09,2991.87,3000.0,2996.07,3005.61,2993.4,2998.77
15m,2,0.37048035762095693,2335,2354,6.0,1764720900000.0,3005.61,2993.4,2998.77,2996.07,3004.88,2988.06,2990.57
15m,2,0.37048035762095693,2335,2354,7.0,1764721800000.0,3004.88,2988.06,2998.79,2990.57,3003.46,2985.58,3003.33
15m,2,0.37048035762095693,2335,2354,8.0,1764722700000.0,3003.46,2985.58,3003.33,2990.57,3008.62,2999.54,3003.2
15m,2,0.37048035762095693,2335,2354,9.0,1764723600000.0,3008.62,2999.54,3003.34,3003.2,3012.49,2999.3,3009.07
15m,2,0.37048035762095693,2335,2354,10.0,1764724500000.0,3012.49,2999.3,3009.07,3003.19,3014.92,3006.14,3010.66
15m,2,0.37048035762095693,2335,2354,11.0,1764725400000.0,3014.92,3006.14,3010.66,3009.07,3017.0,3009.55,3014.65
15m,2,0.37048035762095693,2335,2354,12.0,1764726300000.0,3017.0,3009.55,3014.65,3010.66,3027.84,3013.52,3015.84
15m,2,0.37048035762095693,2335,2354,13.0,1764727200000.0,3027.84,3013.52,3015.84,3014.65,3048.0,3013.97,3044.84
15m,2,0.37048035762095693,2335,2354,14.0,1764728100000.0,3048.0,3013.97,3044.84,3015.84,3048.0,3033.33,3041.81
15m,2,0.37048035762095693,2335,2354,15.0,1764729000000.0,3048.0,3033.33,3044.84,3041.81,3041.8,3030.17,3030.17
15m,2,0.37048035762095693,2335,2354,16.0,1764729900000.0,3041.8,3030.17,3041.8,3030.17,3034.26,3018.87,3031.0
15m,2,0.37048035762095693,2335,2354,17.0,1764730800000.0,3034.26,3018.87,3031.0,3030.18,3037.38,3021.2,3028.72
15m,2,0.37048035762095693,2335,2354,18.0,1764731700000.0,3037.38,3021.2,3031.01,3028.72,3038.0,3024.52,3036.98
15m,2,0.37048035762095693,2335,2354,19.0,1764732600000.0,3038.0,3024.52,3036.98,3028.72,3037.35,3031.76,3034.15
15m,3,0.36404172962291714,15095,15114,1.0,1776200400000.0,2317.5,2310.24,2315.1,2314.39,2326.0,2314.87,2320.16
15m,3,0.36404172962291714,15095,15114,2.0,1776201300000.0,2326.0,2314.87,2320.16,2315.1,2321.82,2315.43,2321.47
15m,3,0.36404172962291714,15095,15114,3.0,1776202200000.0,2321.82,2315.43,2321.47,2320.16,2322.23,2316.31,2319.4
15m,3,0.36404172962291714,15095,15114,4.0,1776203100000.0,2322.23,2316.31,2321.46,2319.4,2326.21,2317.34,2323.72
15m,3,0.36404172962291714,15095,15114,5.0,1776204000000.0,2326.21,2317.34,2323.72,2319.39,2332.35,2320.23,2328.21
15m,3,0.36404172962291714,15095,15114,6.0,1776204900000.0,2332.35,2320.23,2328.21,2323.72,2328.21,2313.7,2314.4
15m,3,0.36404172962291714,15095,15114,7.0,1776205800000.0,2328.21,2313.7,2328.21,2314.4,2320.0,2311.75,2312.49
15m,3,0.36404172962291714,15095,15114,8.0,1776206700000.0,2320.0,2311.75,2314.4,2312.49,2317.48,2312.02,2314.99
15m,3,0.36404172962291714,15095,15114,9.0,1776207600000.0,2317.48,2312.02,2314.99,2312.48,2321.28,2314.32,2318.93
15m,3,0.36404172962291714,15095,15114,10.0,1776208500000.0,2321.28,2314.32,2318.93,2314.99,2322.32,2317.31,2319.44
15m,3,0.36404172962291714,15095,15114,11.0,1776209400000.0,2322.32,2317.31,2319.44,2318.92,2326.65,2319.42,2324.28
15m,3,0.36404172962291714,15095,15114,12.0,1776210300000.0,2326.65,2319.42,2324.28,2319.45,2326.65,2319.37,2322.44
15m,3,0.36404172962291714,15095,15114,13.0,1776211200000.0,2326.65,2319.37,2324.29,2322.44,2342.76,2321.63,2338.23
15m,3,0.36404172962291714,15095,15114,14.0,1776212100000.0,2342.76,2321.63,2338.23,2322.44,2341.2,2330.58,2337.97
15m,3,0.36404172962291714,15095,15114,15.0,1776213000000.0,2341.2,2330.58,2338.23,2337.97,2339.08,2331.5,2333.17
15m,3,0.36404172962291714,15095,15114,16.0,1776213900000.0,2339.08,2331.5,2337.98,2333.17,2335.16,2328.59,2333.81
15m,3,0.36404172962291714,15095,15114,17.0,1776214800000.0,2335.16,2328.59,2333.81,2333.17,2339.76,2331.24,2339.75
15m,3,0.36404172962291714,15095,15114,18.0,1776215700000.0,2339.76,2331.24,2339.75,2333.8,2340.89,2333.01,2336.25
15m,3,0.36404172962291714,15095,15114,19.0,1776216600000.0,2340.89,2333.01,2339.75,2336.25,2339.08,2331.18,2338.13
15m,4,0.35297808673113307,5617,5636,1.0,1767670200000.0,3225.0,3216.84,3224.28,3219.86,3233.5,3222.8,3225.92
15m,4,0.35297808673113307,5617,5636,2.0,1767671100000.0,3233.5,3222.8,3225.92,3224.28,3228.9,3222.72,3225.1
15m,4,0.35297808673113307,5617,5636,3.0,1767672000000.0,3228.9,3222.72,3225.93,3225.1,3232.89,3223.37,3231.53
15m,4,0.35297808673113307,5617,5636,4.0,1767672900000.0,3232.89,3223.37,3231.53,3225.1,3233.52,3225.28,3226.93
15m,4,0.35297808673113307,5617,5636,5.0,1767673800000.0,3233.52,3225.28,3231.52,3226.93,3231.76,3225.25,3225.26
15m,4,0.35297808673113307,5617,5636,6.0,1767674700000.0,3231.76,3225.25,3226.94,3225.26,3225.82,3222.95,3222.96
15m,4,0.35297808673113307,5617,5636,7.0,1767675600000.0,3225.82,3222.95,3225.26,3222.96,3227.37,3221.75,3225.36
15m,4,0.35297808673113307,5617,5636,8.0,1767676500000.0,3227.37,3221.75,3225.36,3222.95,3229.51,3221.89,3223.63
15m,4,0.35297808673113307,5617,5636,9.0,1767677400000.0,3229.51,3221.89,3225.36,3223.63,3227.37,3217.15,3219.28
15m,4,0.35297808673113307,5617,5636,10.0,1767678300000.0,3227.37,3217.15,3223.63,3219.28,3222.09,3217.12,3218.72
15m,4,0.35297808673113307,5617,5636,11.0,1767679200000.0,3222.09,3217.12,3219.29,3218.72,3225.22,3218.07,3223.83
15m,4,0.35297808673113307,5617,5636,12.0,1767680100000.0,3225.22,3218.07,3223.83,3218.71,3224.76,3218.18,3224.53
15m,4,0.35297808673113307,5617,5636,13.0,1767681000000.0,3224.76,3218.18,3224.53,3223.83,3251.27,3224.53,3247.87
15m,4,0.35297808673113307,5617,5636,14.0,1767681900000.0,3251.27,3224.53,3247.87,3224.53,3253.76,3241.14,3241.15
15m,4,0.35297808673113307,5617,5636,15.0,1767682800000.0,3253.76,3241.14,3247.88,3241.15,3242.75,3233.63,3233.96
15m,4,0.35297808673113307,5617,5636,16.0,1767683700000.0,3242.75,3233.63,3241.15,3233.96,3235.74,3219.19,3221.4
15m,4,0.35297808673113307,5617,5636,17.0,1767684600000.0,3235.74,3219.19,3233.96,3221.4,3221.97,3211.67,3218.82
15m,4,0.35297808673113307,5617,5636,18.0,1767685500000.0,3221.97,3211.67,3221.4,3218.82,3223.19,3211.37,3219.24
15m,4,0.35297808673113307,5617,5636,19.0,1767686400000.0,3223.19,3211.37,3219.24,3218.82,3228.48,3219.08,3221.57
15m,5,0.35007080784301187,27274,27293,1.0,1787161500000.0,2087.0,2071.2,2085.77,2078.41,2093.11,2085.23,2091.02
15m,5,0.35007080784301187,27274,27293,2.0,1787162400000.0,2093.11,2085.23,2091.02,2085.77,2092.5,2079.04,2085.42
15m,5,0.35007080784301187,27274,27293,3.0,1787163300000.0,2092.5,2079.04,2091.03,2085.42,2089.48,2084.81,2087.02
15m,5,0.35007080784301187,27274,27293,4.0,1787164200000.0,2089.48,2084.81,2087.02,2085.43,2091.31,2085.78,2090.28
15m,5,0.35007080784301187,27274,27293,5.0,1787165100000.0,2091.31,2085.78,2090.28,2087.03,2092.6,2088.38,2091.93
15m,5,0.35007080784301187,27274,27293,6.0,1787166000000.0,2092.6,2088.38,2091.93,2090.29,2102.48,2088.92,2090.15
15m,5,0.35007080784301187,27274,27293,7.0,1787166900000.0,2102.48,2088.92,2091.92,2090.15,2100.97,2090.14,2092.95
15m,5,0.35007080784301187,27274,27293,8.0,1787167800000.0,2100.97,2090.14,2092.95,2090.15,2101.36,2091.49,2099.45
15m,5,0.35007080784301187,27274,27293,9.0,1787168700000.0,2101.36,2091.49,2099.45,2092.95,2105.4,2097.11,2102.02
15m,5,0.35007080784301187,27274,27293,10.0,1787169600000.0,2105.4,2097.11,2102.02,2099.45,2119.82,2102.02,2113.35
15m,5,0.35007080784301187,27274,27293,11.0,1787170500000.0,2119.82,2102.02,2113.35,2102.02,2132.95,2108.3,2125.95
15m,5,0.35007080784301187,27274,27293,12.0,1787171400000.0,2132.95,2108.3,2125.95,2113.35,2129.71,2121.75,2124.55
15m,5,0.35007080784301187,27274,27293,13.0,1787172300000.0,2129.71,2121.75,2125.95,2124.55,2241.56,2122.98,2218.12
15m,5,0.35007080784301187,27274,27293,14.0,1787173200000.0,2241.56,2122.98,2218.12,2124.55,2333.65,2215.88,2259.69
15m,5,0.35007080784301187,27274,27293,15.0,1787174100000.0,2333.65,2215.88,2259.69,2218.13,2294.1,2254.3,2283.48
15m,5,0.35007080784301187,27274,27293,16.0,1787175000000.0,2294.1,2254.3,2283.48,2259.7,2298.78,2268.76,2284.99
15m,5,0.35007080784301187,27274,27293,17.0,1787175900000.0,2298.78,2268.76,2284.99,2283.49,2305.52,2278.05,2286.0
15m,5,0.35007080784301187,27274,27293,18.0,1787176800000.0,2305.52,2278.05,2286.0,2284.99,2290.0,2261.36,2267.98
15m,5,0.35007080784301187,27274,27293,19.0,1787177700000.0,2290.0,2261.36,2286.0,2267.98,2273.72,2256.86,2256.86
15m,6,0.3460577816936714,12348,12367,1.0,1773728100000.0,2317.35,2298.24,2315.41,2307.37,2323.7,2313.08,2321.42
15m,6,0.3460577816936714,12348,12367,2.0,1773729000000.0,2323.7,2313.08,2321.42,2315.4,2325.13,2310.0,2310.38
15m,6,0.3460577816936714,12348,12367,3.0,1773729900000.0,2325.13,2310.0,2321.43,2310.38,2315.64,2308.35,2315.34
15m,6,0.3460577816936714,12348,12367,4.0,1773730800000.0,2315.64,2308.35,2315.34,2310.38,2325.29,2315.35,2324.9
15m,6,0.3460577816936714,12348,12367,5.0,1773731700000.0,2325.29,2315.35,2324.9,2315.35,2337.86,2324.76,2335.43
15m,6,0.3460577816936714,12348,12367,6.0,1773732600000.0,2337.86,2324.76,2335.43,2324.9,2336.34,2328.39,2331.03
15m,6,0.3460577816936714,12348,12367,7.0,1773733500000.0,2336.34,2328.39,2335.42,2331.03,2332.56,2325.0,2327.7
15m,6,0.3460577816936714,12348,12367,8.0,1773734400000.0,2332.56,2325.0,2331.02,2327.7,2335.35,2317.32,2322.4
15m,6,0.3460577816936714,12348,12367,9.0,1773735300000.0,2335.35,2317.32,2327.71,2322.4,2330.92,2318.27,2326.52
15m,6,0.3460577816936714,12348,12367,10.0,1773736200000.0,2330.92,2318.27,2326.52,2322.41,2332.99,2320.63,2331.3
15m,6,0.3460577816936714,12348,12367,11.0,1773737100000.0,2332.99,2320.63,2331.3,2326.52,2332.67,2316.05,2320.66
15m,6,0.3460577816936714,12348,12367,12.0,1773738000000.0,2332.67,2316.05,2331.29,2320.66,2324.54,2309.0,2310.59
15m,6,0.3460577816936714,12348,12367,13.0,1773738900000.0,2324.54,2309.0,2320.67,2310.59,2329.34,2307.0,2325.0
15m,6,0.3460577816936714,12348,12367,14.0,1773739800000.0,2329.34,2307.0,2325.0,2310.59,2326.04,2319.16,2323.3
15m,6,0.3460577816936714,12348,12367,15.0,1773740700000.0,2326.04,2319.16,2325.0,2323.3,2323.38,2310.8,2315.79
15m,6,0.3460577816936714,12348,12367,16.0,1773741600000.0,2323.38,2310.8,2323.31,2315.79,2317.09,2307.0,2312.96
15m,6,0.3460577816936714,12348,12367,17.0,1773742500000.0,2317.09,2307.0,2315.78,2312.96,2314.47,2304.0,2313.59
15m,6,0.3460577816936714,12348,12367,18.0,1773743400000.0,2314.47,2304.0,2313.59,2312.97,2316.72,2309.5,2310.24
15m,6,0.3460577816936714,12348,12367,19.0,1773744300000.0,2316.72,2309.5,2313.58,2310.24,2315.0,2306.65,2312.94
15m,7,0.34602206614787206,22041,22060,1.0,1782451800000.0,1559.22,1550.68,1557.05,1552.94,1559.16,1554.54,1555.24
15m,7,0.34602206614787206,22041,22060,2.0,1782452700000.0,1559.16,1554.54,1557.05,1555.24,1557.07,1552.18,1555.69
15m,7,0.34602206614787206,22041,22060,3.0,1782453600000.0,1557.07,1552.18,1555.69,1555.24,1555.68,1543.43,1546.25
15m,7,0.34602206614787206,22041,22060,4.0,1782454500000.0,1555.68,1543.43,1555.68,1546.25,1561.18,1545.78,1560.36
15m,7,0.34602206614787206,22041,22060,5.0,1782455400000.0,1561.18,1545.78,1560.36,1546.24,1572.85,1557.86,1572.48
15m,7,0.34602206614787206,22041,22060,6.0,1782456300000.0,1572.85,1557.86,1572.48,1560.36,1574.02,1567.99,1570.99
15m,7,0.34602206614787206,22041,22060,7.0,1782457200000.0,1574.02,1567.99,1572.48,1570.99,1578.68,1570.65,1577.57
15m,7,0.34602206614787206,22041,22060,8.0,1782458100000.0,1578.68,1570.65,1577.57,1571.0,1582.0,1575.92,1578.67
15m,7,0.34602206614787206,22041,22060,9.0,1782459000000.0,1582.0,1575.92,1578.67,1577.56,1586.5,1578.08,1579.66
15m,7,0.34602206614787206,22041,22060,10.0,1782459900000.0,1586.5,1578.08,1579.66,1578.67,1583.34,1579.68,1581.12
15m,7,0.34602206614787206,22041,22060,11.0,1782460800000.0,1583.34,1579.68,1581.12,1579.68,1582.43,1571.35,1573.47
15m,7,0.34602206614787206,22041,22060,12.0,1782461700000.0,1582.43,1571.35,1581.12,1573.47,1575.46,1570.4,1572.9
15m,7,0.34602206614787206,22041,22060,13.0,1782462600000.0,1575.46,1570.4,1573.47,1572.9,1573.39,1566.42,1567.12
15m,7,0.34602206614787206,22041,22060,14.0,1782463500000.0,1573.39,1566.42,1572.9,1567.12,1569.33,1563.55,1566.43
15m,7,0.34602206614787206,22041,22060,15.0,1782464400000.0,1569.33,1563.55,1567.12,1566.43,1567.05,1560.07,1563.41
15m,7,0.34602206614787206,22041,22060,16.0,1782465300000.0,1567.05,1560.07,1566.44,1563.41,1563.42,1559.84,1562.68
15m,7,0.34602206614787206,22041,22060,17.0,1782466200000.0,1563.42,1559.84,1563.42,1562.68,1567.28,1560.93,1563.45
15m,7,0.34602206614787206,22041,22060,18.0,1782467100000.0,1567.28,1560.93,1563.45,1562.67,1564.26,1549.33,1552.99
15m,7,0.34602206614787206,22041,22060,19.0,1782468000000.0,1564.26,1549.33,1563.46,1552.99,1555.04,1549.45,1552.89
15m,8,0.34213439589873607,23384,23403,1.0,1783660500000.0,1775.0,1772.58,1774.74,1772.64,1774.69,1772.54,1773.77
15m,8,0.34213439589873607,23384,23403,2.0,1783661400000.0,1774.69,1772.54,1773.77,1772.64,1779.32,1773.09,1779.15
15m,8,0.34213439589873607,23384,23403,3.0,1783662300000.0,1779.32,1773.09,1779.15,1773.78,1780.0,1777.28,1779.04
15m,8,0.34213439589873607,23384,23403,4.0,1783663200000.0,1780.0,1777.28,1779.14,1779.04,1779.88,1776.51,1777.95
15m,8,0.34213439589873607,23384,23403,5.0,1783664100000.0,1779.88,1776.51,1779.04,1777.95,1777.95,1769.23,1770.48
15m,8,0.34213439589873607,23384,23403,6.0,1783665000000.0,1777.95,1769.23,1777.95,1770.48,1773.58,1770.27,1773.11
15m,8,0.34213439589873607,23384,23403,7.0,1783665900000.0,1773.58,1770.27,1773.11,1770.47,1774.18,1770.53,1771.17
15m,8,0.34213439589873607,23384,23403,8.0,1783666800000.0,1774.18,1770.53,1773.1,1771.17,1773.89,1768.57,1773.89
15m,8,0.34213439589873607,23384,23403,9.0,1783667700000.0,1773.89,1768.57,1773.89,1771.17,1777.45,1772.6,1776.02
15m,8,0.34213439589873607,23384,23403,10.0,1783668600000.0,1777.45,1772.6,1776.02,1773.88,1776.03,1772.13,1772.2
15m,8,0.34213439589873607,23384,23403,11.0,1783669500000.0,1776.03,1772.13,1776.02,1772.2,1773.56,1771.49,1773.2
15m,8,0.34213439589873607,23384,23403,12.0,1783670400000.0,1773.56,1771.49,1773.2,1772.21,1776.1,1772.63,1776.1
15m,8,0.34213439589873607,23384,23403,13.0,1783671300000.0,1776.1,1772.63,1776.1,1773.2,1789.59,1776.09,1785.64
15m,8,0.34213439589873607,23384,23403,14.0,1783672200000.0,1789.59,1776.09,1785.64,1776.09,1789.48,1784.55,1785.52
15m,8,0.34213439589873607,23384,23403,15.0,1783673100000.0,1789.48,1784.55,1785.65,1785.52,1785.6,1783.22,1783.99
15m,8,0.34213439589873607,23384,23403,16.0,1783674000000.0,1785.6,1783.22,1785.52,1783.99,1785.7,1781.27,1783.1
15m,8,0.34213439589873607,23384,23403,17.0,1783674900000.0,1785.7,1781.27,1783.99,1783.1,1788.61,1782.98,1788.53
15m,8,0.34213439589873607,23384,23403,18.0,1783675800000.0,1788.61,1782.98,1788.53,1783.09,1794.46,1788.12,1792.95
15m,8,0.34213439589873607,23384,23403,19.0,1783676700000.0,1794.46,1788.12,1792.95,1788.52,1794.94,1791.28,1792.56
15m,9,0.33985607951297886,12605,12624,1.0,1773959400000.0,2152.36,2147.11,2150.35,2149.73,2150.76,2133.08,2138.8
15m,9,0.33985607951297886,12605,12624,2.0,1773960300000.0,2150.76,2133.08,2149.73,2138.8,2142.13,2135.51,2140.08
15m,9,0.33985607951297886,12605,12624,3.0,1773961200000.0,2142.13,2135.51,2140.08,2138.8,2147.48,2140.08,2146.17
15m,9,0.33985607951297886,12605,12624,4.0,1773962100000.0,2147.48,2140.08,2146.17,2140.08,2146.17,2136.42,2142.6
15m,9,0.33985607951297886,12605,12624,5.0,1773963000000.0,2146.17,2136.42,2146.17,2142.6,2144.51,2130.57,2134.43
15m,9,0.33985607951297886,12605,12624,6.0,1773963900000.0,2144.51,2130.57,2142.6,2134.43,2139.53,2133.41,2137.81
15m,9,0.33985607951297886,12605,12624,7.0,1773964800000.0,2139.53,2133.41,2137.81,2134.43,2146.16,2134.72,2144.44
15m,9,0.33985607951297886,12605,12624,8.0,1773965700000.0,2146.16,2134.72,2144.44,2137.82,2148.37,2138.48,2142.89
15m,9,0.33985607951297886,12605,12624,9.0,1773966600000.0,2148.37,2138.48,2144.45,2142.89,2149.0,2141.51,2145.99
15m,9,0.33985607951297886,12605,12624,10.0,1773967500000.0,2149.0,2141.51,2145.99,2142.89,2148.25,2142.79,2145.6
15m,9,0.33985607951297886,12605,12624,11.0,1773968400000.0,2148.25,2142.79,2146.0,2145.6,2154.0,2145.1,2152.01
15m,9,0.33985607951297886,12605,12624,12.0,1773969300000.0,2154.0,2145.1,2152.01,2145.61,2153.12,2147.25,2149.69
15m,9,0.33985607951297886,12605,12624,13.0,1773970200000.0,2153.12,2147.25,2152.01,2149.69,2160.78,2149.7,2159.07
15m,9,0.33985607951297886,12605,12624,14.0,1773971100000.0,2160.78,2149.7,2159.07,2149.7,2160.55,2150.84,2150.88
15m,9,0.33985607951297886,12605,12624,15.0,1773972000000.0,2160.55,2150.84,2159.07,2150.88,2151.77,2145.36,2145.7
15m,9,0.33985607951297886,12605,12624,16.0,1773972900000.0,2151.77,2145.36,2150.89,2145.7,2145.73,2137.1,2139.09
15m,9,0.33985607951297886,12605,12624,17.0,1773973800000.0,2145.73,2137.1,2145.7,2139.09,2144.12,2132.69,2143.06
15m,9,0.33985607951297886,12605,12624,18.0,1773974700000.0,2144.12,2132.69,2143.06,2139.09,2149.5,2139.93,2144.44
15m,9,0.33985607951297886,12605,12624,19.0,1773975600000.0,2149.5,2139.93,2144.44,2143.06,2148.75,2143.61,2145.5
15m,10,0.33926839089900845,18592,18611,1.0,1779347700000.0,2130.93,2126.81,2129.15,2128.58,2129.89,2124.25,2128.78
15m,10,0.33926839089900845,18592,18611,2.0,1779348600000.0,2129.89,2124.25,2129.15,2128.78,2132.14,2128.76,2131.83
15m,10,0.33926839089900845,18592,18611,3.0,1779349500000.0,2132.14,2128.76,2131.83,2128.78,2137.0,2131.82,2135.06
15m,10,0.33926839089900845,18592,18611,4.0,1779350400000.0,2137.0,2131.82,2135.06,2131.82,2146.35,2135.01,2146.35
15m,10,0.33926839089900845,18592,18611,5.0,1779351300000.0,2146.35,2135.01,2146.35,2135.07,2148.33,2138.54,2141.48
15m,10,0.33926839089900845,18592,18611,6.0,1779352200000.0,2148.33,2138.54,2146.35,2141.48,2141.57,2136.27,2137.35
15m,10,0.33926839089900845,18592,18611,7.0,1779353100000.0,2141.57,2136.27,2141.49,2137.35,2138.95,2135.88,2138.26
15m,10,0.33926839089900845,18592,18611,8.0,1779354000000.0,2138.95,2135.88,2138.26,2137.36,2140.94,2136.53,2138.11
15m,10,0.33926839089900845,18592,18611,9.0,1779354900000.0,2140.94,2136.53,2138.26,2138.11,2139.35,2137.06,2137.67
15m,10,0.33926839089900845,18592,18611,10.0,1779355800000.0,2139.35,2137.06,2138.11,2137.67,2138.32,2128.0,2128.79
15m,10,0.33926839089900845,18592,18611,11.0,1779356700000.0,2138.32,2128.0,2137.67,2128.79,2130.74,2127.96,2127.98
15m,10,0.33926839089900845,18592,18611,12.0,1779357600000.0,2130.74,2127.96,2128.79,2127.98,2129.47,2127.02,2128.49
15m,10,0.33926839089900845,18592,18611,13.0,1779358500000.0,2129.47,2127.02,2128.49,2127.97,2130.09,2111.86,2116.87
15m,10,0.33926839089900845,18592,18611,14.0,1779359400000.0,2130.09,2111.86,2128.49,2116.87,2120.42,2110.0,2116.14
15m,10,0.33926839089900845,18592,18611,15.0,1779360300000.0,2120.42,2110.0,2116.87,2116.14,2116.54,2111.9,2114.19
15m,10,0.33926839089900845,18592,18611,16.0,1779361200000.0,2116.54,2111.9,2116.13,2114.19,2118.42,2112.17,2118.01
15m,10,0.33926839089900845,18592,18611,17.0,1779362100000.0,2118.42,2112.17,2118.01,2114.2,2119.69,2116.0,2117.96
15m,10,0.33926839089900845,18592,18611,18.0,1779363000000.0,2119.69,2116.0,2118.01,2117.96,2119.94,2115.32,2116.43
15m,10,0.33926839089900845,18592,18611,19.0,1779363900000.0,2119.94,2115.32,2117.96,2116.43,2117.67,2115.27,2115.27
15m,11,0.33908320353689336,561,580,1.0,1763119800000.0,3176.68,3146.91,3164.82,3155.78,3157.47,3116.82,3137.74
15m,11,0.33908320353689336,561,580,2.0,1763120700000.0,3157.47,3116.82,3155.78,3137.74,3145.97,3120.49,3144.35
15m,11,0.33908320353689336,561,580,3.0,1763121600000.0,3145.97,3120.49,3144.35,3137.74,3144.34,3114.0,3121.48
15m,11,0.33908320353689336,561,580,4.0,1763122500000.0,3144.34,3114.0,3144.34,3121.48,3131.0,3111.84,3121.12
15m,11,0.33908320353689336,561,580,5.0,1763123400000.0,3131.0,3111.84,3121.48,3121.12,3128.56,3070.0,3083.38
15m,11,0.33908320353689336,561,580,6.0,1763124300000.0,3128.56,3070.0,3121.11,3083.38,3133.4,3078.24,3126.42
15m,11,0.33908320353689336,561,580,7.0,1763125200000.0,3133.4,3078.24,3126.42,3083.32,3149.96,3116.51,3119.67
15m,11,0.33908320353689336,561,580,8.0,1763126100000.0,3149.96,3116.51,3126.43,3119.67,3126.3,3088.63,3104.2
15m,11,0.33908320353689336,561,580,9.0,1763127000000.0,3126.3,3088.63,3119.67,3104.2,3108.68,3073.33,3088.01
15m,11,0.33908320353689336,561,580,10.0,1763127900000.0,3108.68,3073.33,3104.19,3088.01,3134.15,3083.02,3121.74
15m,11,0.33908320353689336,561,580,11.0,1763128800000.0,3134.15,3083.02,3121.74,3088.01,3146.82,3116.65,3135.21
15m,11,0.33908320353689336,561,580,12.0,1763129700000.0,3146.82,3116.65,3135.21,3121.74,3164.7,3133.56,3134.47
15m,11,0.33908320353689336,561,580,13.0,1763130600000.0,3164.7,3133.56,3135.2,3134.47,3210.0,3107.78,3201.32
15m,11,0.33908320353689336,561,580,14.0,1763131500000.0,3210.0,3107.78,3201.32,3134.47,3220.62,3188.78,3199.5
15m,11,0.33908320353689336,561,580,15.0,1763132400000.0,3220.62,3188.78,3201.32,3199.5,3199.49,3160.63,3169.41
15m,11,0.33908320353689336,561,580,16.0,1763133300000.0,3199.49,3160.63,3199.49,3169.41,3215.0,3165.09,3201.27
15m,11,0.33908320353689336,561,580,17.0,1763134200000.0,3215.0,3165.09,3201.27,3169.41,3214.34,3190.95,3206.51
15m,11,0.33908320353689336,561,580,18.0,1763135100000.0,3214.34,3190.95,3206.51,3201.26,3234.49,3187.81,3196.7
15m,11,0.33908320353689336,561,580,19.0,1763136000000.0,3234.49,3187.81,3206.5,3196.7,3205.5,3182.9,3200.67
15m,12,0.3367689242114424,10450,10469,1.0,1772019900000.0,1925.42,1919.32,1923.06,1919.75,1928.45,1921.68,1926.48
15m,12,0.3367689242114424,10450,10469,2.0,1772020800000.0,1928.45,1921.68,1926.48,1923.06,1929.44,1922.28,1928.51
15m,12,0.3367689242114424,10450,10469,3.0,1772021700000.0,1929.44,1922.28,1928.51,1926.48,1942.0,1926.77,1938.35
15m,12,0.3367689242114424,10450,10469,4.0,1772022600000.0,1942.0,1926.77,1938.35,1928.51,1943.76,1937.1,1939.05
15m,12,0.3367689242114424,10450,10469,5.0,1772023500000.0,1943.76,1937.1,1939.05,1938.35,1956.79,1938.36,1953.43
15m,12,0.3367689242114424,10450,10469,6.0,1772024400000.0,1956.79,1938.36,1953.43,1939.05,1961.66,1952.47,1956.17
15m,12,0.3367689242114424,10450,10469,7.0,1772025300000.0,1961.66,1952.47,1956.17,1953.44,1966.6,1953.34,1962.39
15m,12,0.3367689242114424,10450,10469,8.0,1772026200000.0,1966.6,1953.34,1962.39,1956.16,1969.72,1960.8,1964.88
15m,12,0.3367689242114424,10450,10469,9.0,1772027100000.0,1969.72,1960.8,1964.88,1962.38,1976.89,1963.19,1964.57
15m,12,0.3367689242114424,10450,10469,10.0,1772028000000.0,1976.89,1963.19,1964.87,1964.57,1970.47,1964.57,1969.37
15m,12,0.3367689242114424,10450,10469,11.0,1772028900000.0,1970.47,1964.57,1969.37,1964.57,1975.85,1967.82,1972.13
15m,12,0.3367689242114424,10450,10469,12.0,1772029800000.0,1975.85,1967.82,1972.13,1969.36,1983.5,1962.14,1968.68
15m,12,0.3367689242114424,10450,10469,13.0,1772030700000.0,1983.5,1962.14,1972.12,1968.68,2001.65,1968.43,1997.38
15m,12,0.3367689242114424,10450,10469,14.0,1772031600000.0,2001.65,1968.43,1997.38,1968.68,2007.46,1986.72,1989.63
15m,12,0.3367689242114424,10450,10469,15.0,1772032500000.0,2007.46,1986.72,1997.38,1989.63,2002.58,1987.82,2000.53
15m,12,0.3367689242114424,10450,10469,16.0,1772033400000.0,2002.58,1987.82,2000.53,1989.64,2026.34,1997.15,2023.2
15m,12,0.3367689242114424,10450,10469,17.0,1772034300000.0,2026.34,1997.15,2023.2,2000.54,2028.7,2007.88,2013.73
15m,12,0.3367689242114424,10450,10469,18.0,1772035200000.0,2028.7,2007.88,2023.2,2013.73,2022.92,2013.36,2019.27
15m,12,0.3367689242114424,10450,10469,19.0,1772036100000.0,2022.92,2013.36,2019.27,2013.69,2042.7,2019.17,2030.86
15m,13,0.3362532870106219,12410,12429,1.0,1773783900000.0,2340.87,2332.67,2338.92,2336.54,2341.24,2336.34,2338.45
15m,13,0.3362532870106219,12410,12429,2.0,1773784800000.0,2341.24,2336.34,2338.92,2338.45,2342.11,2332.26,2333.1
15m,13,0.3362532870106219,12410,12429,3.0,1773785700000.0,2342.11,2332.26,2338.45,2333.1,2334.36,2328.78,2328.78
15m,13,0.3362532870106219,12410,12429,4.0,1773786600000.0,2334.36,2328.78,2333.11,2328.78,2329.33,2318.39,2324.76
15m,13,0.3362532870106219,12410,12429,5.0,1773787500000.0,2329.33,2318.39,2328.78,2324.76,2330.46,2323.11,2329.54
15m,13,0.3362532870106219,12410,12429,6.0,1773788400000.0,2330.46,2323.11,2329.54,2324.76,2332.75,2327.06,2330.76
15m,13,0.3362532870106219,12410,12429,7.0,1773789300000.0,2332.75,2327.06,2330.76,2329.54,2333.11,2324.43,2327.65
15m,13,0.3362532870106219,12410,12429,8.0,1773790200000.0,2333.11,2324.43,2330.76,2327.65,2327.64,2318.07,2319.04
15m,13,0.3362532870106219,12410,12429,9.0,1773791100000.0,2327.64,2318.07,2327.64,2319.04,2322.29,2316.78,2317.39
15m,13,0.3362532870106219,12410,12429,10.0,1773792000000.0,2322.29,2316.78,2319.03,2317.39,2323.51,2315.24,2321.31
15m,13,0.3362532870106219,12410,12429,11.0,1773792900000.0,2323.51,2315.24,2321.31,2317.38,2322.0,2309.0,2313.94
15m,13,0.3362532870106219,12410,12429,12.0,1773793800000.0,2322.0,2309.0,2321.31,2313.94,2314.71,2307.0,2314.56
15m,13,0.3362532870106219,12410,12429,13.0,1773794700000.0,2314.71,2307.0,2314.56,2313.93,2325.66,2314.56,2324.24
15m,13,0.3362532870106219,12410,12429,14.0,1773795600000.0,2325.66,2314.56,2324.24,2314.56,2330.0,2323.3,2325.52
15m,13,0.3362532870106219,12410,12429,15.0,1773796500000.0,2330.0,2323.3,2325.52,2324.24,2330.97,2323.58,2330.16
15m,13,0.3362532870106219,12410,12429,16.0,1773797400000.0,2330.97,2323.58,2330.16,2325.52,2335.33,2328.02,2330.35
15m,13,0.3362532870106219,12410,12429,17.0,1773798300000.0,2335.33,2328.02,2330.35,2330.15,2332.67,2323.17,2325.02
15m,13,0.3362532870106219,12410,12429,18.0,1773799200000.0,2332.67,2323.17,2330.35,2325.02,2335.25,2324.74,2334.17
15m,13,0.3362532870106219,12410,12429,19.0,1773800100000.0,2335.25,2324.74,2334.17,2325.03,2335.0,2329.83,2331.07
15m,14,0.3358549550033493,1066,1085,1.0,1763574300000.0,2938.0,2900.0,2935.08,2927.7,2929.75,2906.0,2922.85
15m,14,0.3358549550033493,1066,1085,2.0,1763575200000.0,2929.75,2906.0,2927.69,2922.85,2929.68,2902.46,2923.25
15m,14,0.3358549550033493,1066,1085,3.0,1763576100000.0,2929.68,2902.46,2923.25,2922.84,2925.2,2880.49,2888.47
15m,14,0.3358549550033493,1066,1085,4.0,1763577000000.0,2925.2,2880.49,2923.24,2888.47,2900.62,2881.69,2883.26
15m,14,0.3358549550033493,1066,1085,5.0,1763577900000.0,2900.62,2881.69,2888.47,2883.26,2902.55,2881.0,2899.75
15m,14,0.3358549550033493,1066,1085,6.0,1763578800000.0,2902.55,2881.0,2899.75,2883.26,2905.84,2885.34,2891.23
15m,14,0.3358549550033493,1066,1085,7.0,1763579700000.0,2905.84,2885.34,2899.74,2891.23,2892.18,2875.02,2882.37
15m,14,0.3358549550033493,1066,1085,8.0,1763580600000.0,2892.18,2875.02,2891.23,2882.37,2885.0,2873.64,2876.14
15m,14,0.3358549550033493,1066,1085,9.0,1763581500000.0,2885.0,2873.64,2882.36,2876.14,2891.12,2873.98,2881.66
15m,14,0.3358549550033493,1066,1085,10.0,1763582400000.0,2891.12,2873.98,2881.66,2876.15,2888.28,2875.0,2884.91
15m,14,0.3358549550033493,1066,1085,11.0,1763583300000.0,2888.28,2875.0,2884.91,2881.66,2919.6,2882.03,2919.58
15m,14,0.3358549550033493,1066,1085,12.0,1763584200000.0,2919.6,2882.03,2919.58,2884.92,2931.36,2907.99,2915.35
15m,14,0.3358549550033493,1066,1085,13.0,1763585100000.0,2931.36,2907.99,2919.57,2915.35,2957.32,2907.89,2945.29
15m,14,0.3358549550033493,1066,1085,14.0,1763586000000.0,2957.32,2907.89,2945.29,2915.35,2963.1,2939.13,2948.39
15m,14,0.3358549550033493,1066,1085,15.0,1763586900000.0,2963.1,2939.13,2948.39,2945.3,3002.0,2947.35,2969.82
15m,14,0.3358549550033493,1066,1085,16.0,1763587800000.0,3002.0,2947.35,2969.82,2948.39,2995.57,2968.53,2992.37
15m,14,0.3358549550033493,1066,1085,17.0,1763588700000.0,2995.57,2968.53,2992.37,2969.82,2997.08,2983.3,2991.66
15m,14,0.3358549550033493,1066,1085,18.0,1763589600000.0,2997.08,2983.3,2992.37,2991.66,2992.42,2966.18,2968.25
15m,14,0.3358549550033493,1066,1085,19.0,1763590500000.0,2992.42,2966.18,2991.65,2968.25,2984.81,2953.85,2983.25
15m,15,0.3345119601501895,17073,17092,1.0,1777980600000.0,2379.33,2372.95,2378.38,2378.08,2383.49,2377.11,2380.89
15m,15,0.3345119601501895,17073,17092,2.0,1777981500000.0,2383.49,2377.11,2380.89,2378.07,2382.48,2374.91,2379.89
15m,15,0.3345119601501895,17073,17092,3.0,1777982400000.0,2382.48,2374.91,2380.9,2379.89,2383.48,2376.34,2382.38
15m,15,0.3345119601501895,17073,17092,4.0,1777983300000.0,2383.48,2376.34,2382.38,2379.89,2387.64,2381.68,2386.85
15m,15,0.3345119601501895,17073,17092,5.0,1777984200000.0,2387.64,2381.68,2386.85,2382.38,2389.66,2384.93,2388.78
15m,15,0.3345119601501895,17073,17092,6.0,1777985100000.0,2389.66,2384.93,2388.78,2386.85,2390.47,2385.81,2388.52
15m,15,0.3345119601501895,17073,17092,7.0,1777986000000.0,2390.47,2385.81,2388.79,2388.52,2397.61,2386.42,2395.15
15m,15,0.3345119601501895,17073,17092,8.0,1777986900000.0,2397.61,2386.42,2395.15,2388.52,2399.5,2388.75,2390.0
15m,15,0.3345119601501895,17073,17092,9.0,1777987800000.0,2399.5,2388.75,2395.15,2390.0,2395.0,2383.5,2389.64
15m,15,0.3345119601501895,17073,17092,10.0,1777988700000.0,2395.0,2383.5,2389.99,2389.64,2398.0,2383.64,2388.72
15m,15,0.3345119601501895,17073,17092,11.0,1777989600000.0,2398.0,2383.64,2389.65,2388.72,2392.36,2380.74,2381.81
15m,15,0.3345119601501895,17073,17092,12.0,1777990500000.0,2392.36,2380.74,2388.71,2381.81,2384.74,2369.17,2383.45
15m,15,0.3345119601501895,17073,17092,13.0,1777991400000.0,2384.74,2369.17,2383.45,2381.82,2387.02,2371.43,2377.07
15m,15,0.3345119601501895,17073,17092,14.0,1777992300000.0,2387.02,2371.43,2383.44,2377.07,2381.97,2373.48,2378.78
15m,15,0.3345119601501895,17073,17092,15.0,1777993200000.0,2381.97,2373.48,2378.78,2377.07,2387.93,2375.5,2383.68
15m,15,0.3345119601501895,17073,17092,16.0,1777994100000.0,2387.93,2375.5,2383.68,2378.78,2385.59,2380.24,2385.04
15m,15,0.3345119601501895,17073,17092,17.0,1777995000000.0,2385.59,2380.24,2385.04,2383.68,2386.44,2382.46,2385.4
15m,15,0.3345119601501895,17073,17092,18.0,1777995900000.0,2386.44,2382.46,2385.4,2385.04,2387.49,2380.72,2381.31
15m,15,0.3345119601501895,17073,17092,19.0,1777996800000.0,2387.49,2380.72,2385.41,2381.31,2383.38,2379.36,2380.19
15m,16,0.33312193927045874,2271,2290,1.0,1764658800000.0,2815.88,2810.01,2812.92,2811.59,2814.43,2806.8,2808.41
15m,16,0.33312193927045874,2271,2290,2.0,1764659700000.0,2814.43,2806.8,2812.92,2808.41,2809.88,2804.32,2804.74
15m,16,0.33312193927045874,2271,2290,3.0,1764660600000.0,2809.88,2804.32,2808.41,2804.74,2807.59,2802.85,2806.43
15m,16,0.33312193927045874,2271,2290,4.0,1764661500000.0,2807.59,2802.85,2806.43,2804.75,2807.0,2803.75,2805.65
15m,16,0.33312193927045874,2271,2290,5.0,1764662400000.0,2807.0,2803.75,2806.43,2805.65,2806.78,2794.0,2795.31
15m,16,0.33312193927045874,2271,2290,6.0,1764663300000.0,2806.78,2794.0,2805.66,2795.31,2796.28,2787.2,2788.45
15m,16,0.33312193927045874,2271,2290,7.0,1764664200000.0,2796.28,2787.2,2795.31,2788.45,2798.37,2782.19,2794.79
15m,16,0.33312193927045874,2271,2290,8.0,1764665100000.0,2798.37,2782.19,2794.79,2788.46,2803.89,2794.38,2798.18
15m,16,0.33312193927045874,2271,2290,9.0,1764666000000.0,2803.89,2794.38,2798.18,2794.79,2811.63,2797.2,2802.99
15m,16,0.33312193927045874,2271,2290,10.0,1764666900000.0,2811.63,2797.2,2802.99,2798.2,2809.72,2797.62,2806.42
15m,16,0.33312193927045874,2271,2290,11.0,1764667800000.0,2809.72,2797.62,2806.42,2802.98,2806.42,2796.47,2797.39
15m,16,0.33312193927045874,2271,2290,12.0,1764668700000.0,2806.42,2796.47,2806.42,2797.39,2800.21,2795.55,2798.05
15m,16,0.33312193927045874,2271,2290,13.0,1764669600000.0,2800.21,2795.55,2798.05,2797.39,2811.05,2797.61,2808.03
15m,16,0.33312193927045874,2271,2290,14.0,1764670500000.0,2811.05,2797.61,2808.03,2798.04,2809.98,2804.49,2805.82
15m,16,0.33312193927045874,2271,2290,15.0,1764671400000.0,2809.98,2804.49,2808.03,2805.82,2813.6,2805.81,2812.43
15m,16,0.33312193927045874,2271,2290,16.0,1764672300000.0,2813.6,2805.81,2812.43,2805.82,2834.5,2812.43,2823.13
15m,16,0.33312193927045874,2271,2290,17.0,1764673200000.0,2834.5,2812.43,2823.13,2812.43,2831.36,2816.46,2820.93
15m,16,0.33312193927045874,2271,2290,18.0,1764674100000.0,2831.36,2816.46,2823.13,2820.93,2829.5,2816.97,2829.46
15m,16,0.33312193927045874,2271,2290,19.0,1764675000000.0,2829.5,2816.97,2829.46,2820.93,2830.5,2824.18,2824.32
15m,17,0.33195486825373216,6351,6370,1.0,1768330800000.0,3214.94,3195.98,3201.14,3197.8,3203.02,3191.51,3193.85
15m,17,0.33195486825373216,6351,6370,2.0,1768331700000.0,3203.02,3191.51,3201.15,3193.85,3204.01,3191.61,3203.64
15m,17,0.33195486825373216,6351,6370,3.0,1768332600000.0,3204.01,3191.61,3203.64,3193.85,3218.61,3201.99,3206.01
15m,17,0.33195486825373216,6351,6370,4.0,1768333500000.0,3218.61,3201.99,3206.01,3203.64,3216.35,3205.14,3215.9
15m,17,0.33195486825373216,6351,6370,5.0,1768334400000.0,3216.35,3205.14,3215.9,3206.0,3220.0,3209.12,3213.7
15m,17,0.33195486825373216,6351,6370,6.0,1768335300000.0,3220.0,3209.12,3215.91,3213.7,3216.75,3207.76,3208.88
15m,17,0.33195486825373216,6351,6370,7.0,1768336200000.0,3216.75,3207.76,3213.71,3208.88,3210.22,3190.56,3199.05
15m,17,0.33195486825373216,6351,6370,8.0,1768337100000.0,3210.22,3190.56,3208.88,3199.05,3205.93,3197.43,3204.59
15m,17,0.33195486825373216,6351,6370,9.0,1768338000000.0,3205.93,3197.43,3204.59,3199.05,3212.35,3201.36,3206.61
15m,17,0.33195486825373216,6351,6370,10.0,1768338900000.0,3212.35,3201.36,3206.61,3204.6,3217.43,3206.28,3211.5
15m,17,0.33195486825373216,6351,6370,11.0,1768339800000.0,3217.43,3206.28,3211.5,3206.61,3216.35,3209.88,3209.91
15m,17,0.33195486825373216,6351,6370,12.0,1768340700000.0,3216.35,3209.88,3211.51,3209.91,3212.15,3208.0,3209.81
15m,17,0.33195486825373216,6351,6370,13.0,1768341600000.0,3212.15,3208.0,3209.91,3209.81,3367.79,3209.81,3321.26
15m,17,0.33195486825373216,6351,6370,14.0,1768342500000.0,3367.79,3209.81,3321.26,3209.81,3335.0,3299.97,3315.38
15m,17,0.33195486825373216,6351,6370,15.0,1768343400000.0,3335.0,3299.97,3321.27,3315.38,3340.68,3313.73,3334.48
15m,17,0.33195486825373216,6351,6370,16.0,1768344300000.0,3340.68,3313.73,3334.48,3315.38,3343.22,3321.2,3331.18
15m,17,0.33195486825373216,6351,6370,17.0,1768345200000.0,3343.22,3321.2,3334.47,3331.18,3347.56,3323.4,3336.46
15m,17,0.33195486825373216,6351,6370,18.0,1768346100000.0,3347.56,3323.4,3336.46,3331.19,3337.25,3321.23,3325.91
15m,17,0.33195486825373216,6351,6370,19.0,1768347000000.0,3337.25,3321.23,3336.46,3325.91,3329.09,3314.67,3324.85
15m,18,0.3316362016150259,11928,11947,1.0,1773350100000.0,2069.19,2062.58,2066.14,2062.58,2066.7,2060.09,2060.91
15m,18,0.3316362016150259,11928,11947,2.0,1773351000000.0,2066.7,2060.09,2066.13,2060.91,2061.2,2057.28,2060.47
15m,18,0.3316362016150259,11928,11947,3.0,1773351900000.0,2061.2,2057.28,2060.9,2060.47,2065.18,2058.85,2062.61
15m,18,0.3316362016150259,11928,11947,4.0,1773352800000.0,2065.18,2058.85,2062.61,2060.46,2066.55,2061.24,2065.03
15m,18,0.3316362016150259,11928,11947,5.0,1773353700000.0,2066.55,2061.24,2065.03,2062.62,2067.54,2062.11,2064.24
15m,18,0.3316362016150259,11928,11947,6.0,1773354600000.0,2067.54,2062.11,2065.04,2064.24,2066.08,2059.98,2060.54
15m,18,0.3316362016150259,11928,11947,7.0,1773355500000.0,2066.08,2059.98,2064.23,2060.54,2066.19,2054.99,2065.3
15m,18,0.3316362016150259,11928,11947,8.0,1773356400000.0,2066.19,2054.99,2065.3,2060.55,2084.69,2064.64,2080.27
15m,18,0.3316362016150259,11928,11947,9.0,1773357300000.0,2084.69,2064.64,2080.27,2065.3,2093.45,2079.98,2083.31
15m,18,0.3316362016150259,11928,11947,10.0,1773358200000.0,2093.45,2079.98,2083.31,2080.27,2083.31,2078.58,2081.71
15m,18,0.3316362016150259,11928,11947,11.0,1773359100000.0,2083.31,2078.58,2083.31,2081.71,2082.74,2072.2,2073.52
15m,18,0.3316362016150259,11928,11947,12.0,1773360000000.0,2082.74,2072.2,2081.72,2073.52,2090.0,2070.12,2090.0
15m,18,0.3316362016150259,11928,11947,13.0,1773360900000.0,2090.0,2070.12,2090.0,2073.51,2141.04,2089.81,2133.0
15m,18,0.3316362016150259,11928,11947,14.0,1773361800000.0,2141.04,2089.81,2133.0,2089.99,2148.8,2123.73,2126.71
15m,18,0.3316362016150259,11928,11947,15.0,1773362700000.0,2148.8,2123.73,2133.0,2126.71,2128.52,2109.62,2119.19
15m,18,0.3316362016150259,11928,11947,16.0,1773363600000.0,2128.52,2109.62,2126.72,2119.19,2130.4,2119.18,2125.89
15m,18,0.3316362016150259,11928,11947,17.0,1773364500000.0,2130.4,2119.18,2125.89,2119.19,2130.16,2117.79,2123.21
15m,18,0.3316362016150259,11928,11947,18.0,1773365400000.0,2130.16,2117.79,2125.93,2123.21,2129.35,2111.72,2126.52
15m,18,0.3316362016150259,11928,11947,19.0,1773366300000.0,2129.35,2111.72,2126.52,2123.2,2128.3,2123.0,2124.76
15m,19,0.3305459367966874,6816,6835,1.0,1768749300000.0,3327.96,3319.02,3326.05,3324.98,3333.0,3324.17,3331.97
15m,19,0.3305459367966874,6816,6835,2.0,1768750200000.0,3333.0,3324.17,3331.97,3326.05,3335.5,3329.0,3332.82
15m,19,0.3305459367966874,6816,6835,3.0,1768751100000.0,3335.5,3329.0,3332.82,3331.97,3334.0,3331.45,3333.99
15m,19,0.3305459367966874,6816,6835,4.0,1768752000000.0,3334.0,3331.45,3333.99,3332.81,3337.33,3330.05,3334.15
15m,19,0.3305459367966874,6816,6835,5.0,1768752900000.0,3337.33,3330.05,3334.15,3334.0,3337.7,3330.71,3331.83
15m,19,0.3305459367966874,6816,6835,6.0,1768753800000.0,3337.7,3330.71,3334.15,3331.83,3336.85,3330.72,3336.45
15m,19,0.3305459367966874,6816,6835,7.0,1768754700000.0,3336.85,3330.72,3336.45,3331.83,3337.95,3332.43,3333.74
15m,19,0.3305459367966874,6816,6835,8.0,1768755600000.0,3337.95,3332.43,3336.46,3333.74,3337.44,3332.11,3332.5
15m,19,0.3305459367966874,6816,6835,9.0,1768756500000.0,3337.44,3332.11,3333.74,3332.5,3337.79,3332.5,3336.75
15m,19,0.3305459367966874,6816,6835,10.0,1768757400000.0,3337.79,3332.5,3336.75,3332.5,3339.04,3333.6,3335.15
15m,19,0.3305459367966874,6816,6835,11.0,1768758300000.0,3339.04,3333.6,3336.74,3335.15,3346.0,3334.37,3345.07
15m,19,0.3305459367966874,6816,6835,12.0,1768759200000.0,3346.0,3334.37,3345.07,3335.14,3346.0,3337.15,3342.8
15m,19,0.3305459367966874,6816,6835,13.0,1768760100000.0,3346.0,3337.15,3345.07,3342.8,3365.59,3340.72,3362.23
15m,19,0.3305459367966874,6816,6835,14.0,1768761000000.0,3365.59,3340.72,3362.23,3342.79,3368.82,3356.15,3360.03
15m,19,0.3305459367966874,6816,6835,15.0,1768761900000.0,3368.82,3356.15,3362.23,3360.03,3368.78,3358.47,3361.85
15m,19,0.3305459367966874,6816,6835,16.0,1768762800000.0,3368.78,3358.47,3361.85,3360.02,3365.96,3354.54,3354.96
15m,19,0.3305459367966874,6816,6835,17.0,1768763700000.0,3365.96,3354.54,3361.86,3354.96,3356.15,3350.19,3352.57
15m,19,0.3305459367966874,6816,6835,18.0,1768764600000.0,3356.15,3350.19,3354.96,3352.57,3354.5,3350.13,3350.58
15m,19,0.3305459367966874,6816,6835,19.0,1768765500000.0,3354.5,3350.13,3352.57,3350.58,3350.59,3344.57,3346.56
15m,20,0.3300336680682905,9436,9455,1.0,1771107300000.0,2093.0,2085.53,2092.82,2085.86,2092.82,2083.66,2089.14
15m,20,0.3300336680682905,9436,9455,2.0,1771108200000.0,2092.82,2083.66,2092.81,2089.14,2094.46,2088.18,2093.5
15m,20,0.3300336680682905,9436,9455,3.0,1771109100000.0,2094.46,2088.18,2093.5,2089.13,2094.68,2089.46,2090.47
15m,20,0.3300336680682905,9436,9455,4.0,1771110000000.0,2094.68,2089.46,2093.49,2090.47,2092.73,2088.47,2090.88
15m,20,0.3300336680682905,9436,9455,5.0,1771110900000.0,2092.73,2088.47,2090.88,2090.46,2093.01,2083.7,2088.6
15m,20,0.3300336680682905,9436,9455,6.0,1771111800000.0,2093.01,2083.7,2090.87,2088.6,2090.42,2085.12,2087.66
15m,20,0.3300336680682905,9436,9455,7.0,1771112700000.0,2090.42,2085.12,2088.59,2087.66,2089.13,2085.69,2086.59
15m,20,0.3300336680682905,9436,9455,8.0,1771113600000.0,2089.13,2085.69,2087.66,2086.59,2090.5,2081.4,2083.4
15m,20,0.3300336680682905,9436,9455,9.0,1771114500000.0,2090.5,2081.4,2086.59,2083.4,2088.2,2081.87,2081.88
15m,20,0.3300336680682905,9436,9455,10.0,1771115400000.0,2088.2,2081.87,2083.41,2081.88,2084.17,2075.45,2076.16
15m,20,0.3300336680682905,9436,9455,11.0,1771116300000.0,2084.17,2075.45,2081.87,2076.16,2081.62,2072.74,2080.11
15m,20,0.3300336680682905,9436,9455,12.0,1771117200000.0,2081.62,2072.74,2080.11,2076.15,2085.02,2079.02,2083.61
15m,20,0.3300336680682905,9436,9455,13.0,1771118100000.0,2085.02,2079.02,2083.61,2080.11,2083.61,2058.03,2062.78
15m,20,0.3300336680682905,9436,9455,14.0,1771119000000.0,2083.61,2058.03,2083.61,2062.78,2066.91,2053.81,2056.5
15m,20,0.3300336680682905,9436,9455,15.0,1771119900000.0,2066.91,2053.81,2062.78,2056.5,2065.32,2055.68,2064.19
15m,20,0.3300336680682905,9436,9455,16.0,1771120800000.0,2065.32,2055.68,2064.19,2056.51,2072.41,2053.04,2060.11
15m,20,0.3300336680682905,9436,9455,17.0,1771121700000.0,2072.41,2053.04,2064.18,2060.11,2063.45,2050.0,2057.14
15m,20,0.3300336680682905,9436,9455,18.0,1771122600000.0,2063.45,2050.0,2060.1,2057.14,2063.03,2045.0,2058.14
15m,20,0.3300336680682905,9436,9455,19.0,1771123500000.0,2063.03,2045.0,2058.14,2057.14,2063.65,2058.13,2059.58
15m,21,0.32982904392333745,12155,12174,1.0,1773554400000.0,2113.22,2106.64,2112.66,2107.91,2110.89,2107.7,2109.09
15m,21,0.32982904392333745,12155,12174,2.0,1773555300000.0,2110.89,2107.7,2109.09,2107.91,2111.28,2105.72,2106.66
15m,21,0.32982904392333745,12155,12174,3.0,1773556200000.0,2111.28,2105.72,2109.1,2106.66,2106.66,2103.0,2104.22
15m,21,0.32982904392333745,12155,12174,4.0,1773557100000.0,2106.66,2103.0,2106.66,2104.22,2108.22,2104.22,2107.76
15m,21,0.32982904392333745,12155,12174,5.0,1773558000000.0,2108.22,2104.22,2107.76,2104.22,2113.49,2107.5,2111.0
15m,21,0.32982904392333745,12155,12174,6.0,1773558900000.0,2113.49,2107.5,2111.0,2107.76,2112.1,2108.06,2108.39
15m,21,0.32982904392333745,12155,12174,7.0,1773559800000.0,2112.1,2108.06,2111.0,2108.39,2108.39,2104.93,2104.93
15m,21,0.32982904392333745,12155,12174,8.0,1773560700000.0,2108.39,2104.93,2108.39,2104.93,2106.29,2103.46,2105.64
15m,21,0.32982904392333745,12155,12174,9.0,1773561600000.0,2106.29,2103.46,2105.64,2104.93,2111.71,2105.64,2109.01
15m,21,0.32982904392333745,12155,12174,10.0,1773562500000.0,2111.71,2105.64,2109.01,2105.64,2111.99,2107.53,2108.97
15m,21,0.32982904392333745,12155,12174,11.0,1773563400000.0,2111.99,2107.53,2109.01,2108.97,2109.47,2107.77,2109.47
15m,21,0.32982904392333745,12155,12174,12.0,1773564300000.0,2109.47,2107.77,2109.47,2108.97,2113.0,2109.47,2112.93
15m,21,0.32982904392333745,12155,12174,13.0,1773565200000.0,2113.0,2109.47,2112.93,2109.47,2122.99,2112.83,2119.51
15m,21,0.32982904392333745,12155,12174,14.0,1773566100000.0,2122.99,2112.83,2119.51,2112.93,2123.44,2116.8,2117.73
15m,21,0.32982904392333745,12155,12174,15.0,1773567000000.0,2123.44,2116.8,2119.51,2117.73,2119.0,2115.37,2115.95
15m,21,0.32982904392333745,12155,12174,16.0,1773567900000.0,2119.0,2115.37,2117.74,2115.95,2119.39,2114.74,2117.2
15m,21,0.32982904392333745,12155,12174,17.0,1773568800000.0,2119.39,2114.74,2117.2,2115.96,2118.11,2114.32,2116.23
15m,21,0.32982904392333745,12155,12174,18.0,1773569700000.0,2118.11,2114.32,2117.2,2116.23,2121.23,2115.37,2119.99
15m,21,0.32982904392333745,12155,12174,19.0,1773570600000.0,2121.23,2115.37,2119.99,2116.22,2121.49,2118.38,2120.25
15m,22,0.3288774736712372,26453,26472,1.0,1786422600000.0,1880.42,1879.78,1879.96,1879.85,1880.05,1877.7,1877.94
15m,22,0.3288774736712372,26453,26472,2.0,1786423500000.0,1880.05,1877.7,1879.97,1877.94,1878.2,1876.22,1876.25
15m,22,0.3288774736712372,26453,26472,3.0,1786424400000.0,1878.2,1876.22,1877.94,1876.25,1876.81,1875.73,1876.76
15m,22,0.3288774736712372,26453,26472,4.0,1786425300000.0,1876.81,1875.73,1876.76,1876.25,1876.76,1872.19,1873.8
15m,22,0.3288774736712372,26453,26472,5.0,1786426200000.0,1876.76,1872.19,1876.76,1873.8,1876.79,1873.34,1876.5
15m,22,0.3288774736712372,26453,26472,6.0,1786427100000.0,1876.79,1873.34,1876.5,1873.8,1876.67,1874.02,1874.03
15m,22,0.3288774736712372,26453,26472,7.0,1786428000000.0,1876.67,1874.02,1876.51,1874.03,1875.02,1872.12,1874.16
15m,22,0.3288774736712372,26453,26472,8.0,1786428900000.0,1875.02,1872.12,1874.16,1874.03,1874.76,1871.91,1872.52
15m,22,0.3288774736712372,26453,26472,9.0,1786429800000.0,1874.76,1871.91,1874.16,1872.52,1874.73,1871.62,1873.31
15m,22,0.3288774736712372,26453,26472,10.0,1786430700000.0,1874.73,1871.62,1873.31,1872.53,1874.27,1870.86,1874.24
15m,22,0.3288774736712372,26453,26472,11.0,1786431600000.0,1874.27,1870.86,1874.24,1873.32,1875.71,1873.68,1873.69
15m,22,0.3288774736712372,26453,26472,12.0,1786432500000.0,1875.71,1873.68,1874.25,1873.69,1873.69,1870.29,1871.76
15m,22,0.3288774736712372,26453,26472,13.0,1786433400000.0,1873.69,1870.29,1873.69,1871.76,1879.27,1871.77,1877.96
15m,22,0.3288774736712372,26453,26472,14.0,1786434300000.0,1879.27,1871.77,1877.96,1871.77,1879.34,1876.36,1877.95
15m,22,0.3288774736712372,26453,26472,15.0,1786435200000.0,1879.34,1876.36,1877.96,1877.95,1879.22,1875.85,1876.0
15m,22,0.3288774736712372,26453,26472,16.0,1786436100000.0,1879.22,1875.85,1877.95,1876.0,1877.69,1875.75,1876.92
15m,22,0.3288774736712372,26453,26472,17.0,1786437000000.0,1877.69,1875.75,1876.92,1876.01,1879.17,1876.5,1878.38
15m,22,0.3288774736712372,26453,26472,18.0,1786437900000.0,1879.17,1876.5,1878.38,1876.92,1880.39,1877.28,1879.21
15m,22,0.3288774736712372,26453,26472,19.0,1786438800000.0,1880.39,1877.28,1879.21,1878.38,1879.48,1877.32,1877.56
15m,23,0.3287534638320484,19125,19144,1.0,1779827400000.0,2078.0,2074.0,2077.72,2076.24,2078.48,2073.9,2076.43
15m,23,0.3287534638320484,19125,19144,2.0,1779828300000.0,2078.48,2073.9,2077.72,2076.43,2078.51,2076.15,2078.35
15m,23,0.3287534638320484,19125,19144,3.0,1779829200000.0,2078.51,2076.15,2078.35,2076.42,2078.52,2069.45,2071.44
15m,23,0.3287534638320484,19125,19144,4.0,1779830100000.0,2078.52,2069.45,2078.35,2071.44,2075.67,2071.01,2075.59
15m,23,0.3287534638320484,19125,19144,5.0,1779831000000.0,2075.67,2071.01,2075.59,2071.45,2078.78,2074.53,2077.21
15m,23,0.3287534638320484,19125,19144,6.0,1779831900000.0,2078.78,2074.53,2077.21,2075.6,2078.63,2071.32,2072.85
15m,23,0.3287534638320484,19125,19144,7.0,1779832800000.0,2078.63,2071.32,2077.22,2072.85,2076.52,2069.43,2071.92
15m,23,0.3287534638320484,19125,19144,8.0,1779833700000.0,2076.52,2069.43,2072.85,2071.92,2072.32,2069.9,2070.34
15m,23,0.3287534638320484,19125,19144,9.0,1779834600000.0,2072.32,2069.9,2071.92,2070.34,2071.81,2067.9,2068.3
15m,23,0.3287534638320484,19125,19144,10.0,1779835500000.0,2071.81,2067.9,2070.33,2068.3,2069.65,2065.98,2068.79
15m,23,0.3287534638320484,19125,19144,11.0,1779836400000.0,2069.65,2065.98,2068.79,2068.3,2074.33,2068.79,2073.66
15m,23,0.3287534638320484,19125,19144,12.0,1779837300000.0,2074.33,2068.79,2073.66,2068.79,2074.16,2072.21,2073.55
15m,23,0.3287534638320484,19125,19144,13.0,1779838200000.0,2074.16,2072.21,2073.65,2073.55,2076.85,2073.55,2075.98
15m,23,0.3287534638320484,19125,19144,14.0,1779839100000.0,2076.85,2073.55,2075.98,2073.55,2076.75,2073.0,2073.77
15m,23,0.3287534638320484,19125,19144,15.0,1779840000000.0,2076.75,2073.0,2075.98,2073.77,2080.42,2073.77,2078.85
15m,23,0.3287534638320484,19125,19144,16.0,1779840900000.0,2080.42,2073.77,2078.85,2073.77,2078.86,2074.27,2077.79
15m,23,0.3287534638320484,19125,19144,17.0,1779841800000.0,2078.86,2074.27,2078.85,2077.79,2082.5,2076.74,2079.46
15m,23,0.3287534638320484,19125,19144,18.0,1779842700000.0,2082.5,2076.74,2079.46,2077.79,2084.23,2079.45,2083.36
15m,23,0.3287534638320484,19125,19144,19.0,1779843600000.0,2084.23,2079.45,2083.36,2079.45,2083.93,2080.0,2081.39
15m,24,0.3285759288563902,23639,23658,1.0,1783890000000.0,1823.57,1820.79,1823.09,1821.26,1823.63,1820.07,1820.12
15m,24,0.3285759288563902,23639,23658,2.0,1783890900000.0,1823.63,1820.07,1821.26,1820.12,1820.13,1813.19,1815.09
15m,24,0.3285759288563902,23639,23658,3.0,1783891800000.0,1820.13,1813.19,1820.13,1815.09,1815.09,1812.32,1813.24
15m,24,0.3285759288563902,23639,23658,4.0,1783892700000.0,1815.09,1812.32,1815.08,1813.24,1814.73,1810.78,1812.28
15m,24,0.3285759288563902,23639,23658,5.0,1783893600000.0,1814.73,1810.78,1813.25,1812.28,1812.27,1797.67,1802.46
15m,24,0.3285759288563902,23639,23658,6.0,1783894500000.0,1812.27,1797.67,1812.27,1802.46,1804.86,1797.67,1802.39
15m,24,0.3285759288563902,23639,23658,7.0,1783895400000.0,1804.86,1797.67,1802.46,1802.39,1804.44,1800.48,1801.19
15m,24,0.3285759288563902,23639,23658,8.0,1783896300000.0,1804.44,1800.48,1802.39,1801.19,1806.76,1797.63,1805.06
15m,24,0.3285759288563902,23639,23658,9.0,1783897200000.0,1806.76,1797.63,1805.06,1801.18,1805.59,1801.0,1803.43
15m,24,0.3285759288563902,23639,23658,10.0,1783898100000.0,1805.59,1801.0,1805.05,1803.43,1804.86,1802.22,1804.68
15m,24,0.3285759288563902,23639,23658,11.0,1783899000000.0,1804.86,1802.22,1804.68,1803.43,1808.94,1804.45,1807.58
15m,24,0.3285759288563902,23639,23658,12.0,1783899900000.0,1808.94,1804.45,1807.58,1804.68,1808.64,1804.34,1806.8
15m,24,0.3285759288563902,23639,23658,13.0,1783900800000.0,1808.64,1804.34,1807.58,1806.8,1846.0,1804.41,1840.05
15m,24,0.3285759288563902,23639,23658,14.0,1783901700000.0,1846.0,1804.41,1840.05,1806.8,1843.94,1831.33,1831.76
15m,24,0.3285759288563902,23639,23658,15.0,1783902600000.0,1843.94,1831.33,1840.06,1831.76,1833.42,1807.07,1814.42
15m,24,0.3285759288563902,23639,23658,16.0,1783903500000.0,1833.42,1807.07,1831.77,1814.42,1828.76,1814.13,1826.59
15m,24,0.3285759288563902,23639,23658,17.0,1783904400000.0,1828.76,1814.13,1826.59,1814.42,1829.99,1815.36,1822.52
15m,24,0.3285759288563902,23639,23658,18.0,1783905300000.0,1829.99,1815.36,1826.6,1822.52,1828.73,1814.99,1816.75
15m,24,0.3285759288563902,23639,23658,19.0,1783906200000.0,1828.73,1814.99,1822.51,1816.75,1820.48,1812.09,1818.29
15m,25,0.3283240018960676,24145,24164,1.0,1784345400000.0,1844.58,1842.8,1843.55,1843.17,1844.59,1842.78,1843.16
15m,25,0.3283240018960676,24145,24164,2.0,1784346300000.0,1844.59,1842.78,1843.56,1843.16,1846.49,1842.68,1845.96
15m,25,0.3283240018960676,24145,24164,3.0,1784347200000.0,1846.49,1842.68,1845.96,1843.16,1846.19,1844.35,1844.66
15m,25,0.3283240018960676,24145,24164,4.0,1784348100000.0,1846.19,1844.35,1845.96,1844.66,1844.87,1842.57,1844.43
15m,25,0.3283240018960676,24145,24164,5.0,1784349000000.0,1844.87,1842.57,1844.65,1844.43,1844.53,1842.56,1843.64
15m,25,0.3283240018960676,24145,24164,6.0,1784349900000.0,1844.53,1842.56,1844.43,1843.64,1845.0,1843.45,1844.7
15m,25,0.3283240018960676,24145,24164,7.0,1784350800000.0,1845.0,1843.45,1844.7,1843.64,1845.01,1843.42,1843.43
15m,25,0.3283240018960676,24145,24164,8.0,1784351700000.0,1845.01,1843.42,1844.7,1843.43,1846.68,1843.19,1845.74
15m,25,0.3283240018960676,24145,24164,9.0,1784352600000.0,1846.68,1843.19,1845.74,1843.42,1848.76,1845.74,1846.09
15m,25,0.3283240018960676,24145,24164,10.0,1784353500000.0,1848.76,1845.74,1846.09,1845.74,1849.68,1844.7,1845.86
15m,25,0.3283240018960676,24145,24164,11.0,1784354400000.0,1849.68,1844.7,1846.1,1845.86,1846.56,1844.71,1844.74
15m,25,0.3283240018960676,24145,24164,12.0,1784355300000.0,1846.56,1844.71,1845.85,1844.74,1848.0,1844.54,1846.0
15m,25,0.3283240018960676,24145,24164,13.0,1784356200000.0,1848.0,1844.54,1846.0,1844.74,1846.11,1843.11,1844.82
15m,25,0.3283240018960676,24145,24164,14.0,1784357100000.0,1846.11,1843.11,1846.0,1844.82,1845.49,1844.36,1844.97
15m,25,0.3283240018960676,24145,24164,15.0,1784358000000.0,1845.49,1844.36,1844.97,1844.82,1846.04,1843.04,1843.26
15m,25,0.3283240018960676,24145,24164,16.0,1784358900000.0,1846.04,1843.04,1844.98,1843.26,1845.65,1843.25,1845.19
15m,25,0.3283240018960676,24145,24164,17.0,1784359800000.0,1845.65,1843.25,1845.19,1843.25,1845.49,1845.0,1845.34
15m,25,0.3283240018960676,24145,24164,18.0,1784360700000.0,1845.49,1845.0,1845.34,1845.19,1845.45,1843.5,1844.2
15m,25,0.3283240018960676,24145,24164,19.0,1784361600000.0,1845.45,1843.5,1845.35,1844.2,1845.33,1842.3,1844.51
30m,1,0.3154677046288155,10361,10380,1.0,1754265600000.0,3512.35,3495.19,3509.45,3496.74,3518.21,3490.73,3515.08
30m,1,0.3154677046288155,10361,10380,2.0,1754267400000.0,3518.21,3490.73,3515.08,3496.75,3551.98,3510.33,3546.17
30m,1,0.3154677046288155,10361,10380,3.0,1754269200000.0,3551.98,3510.33,3546.17,3515.09,3568.32,3534.19,3545.99
30m,1,0.3154677046288155,10361,10380,4.0,1754271000000.0,3568.32,3534.19,3546.16,3545.99,3556.77,3533.84,3537.84
30m,1,0.3154677046288155,10361,10380,5.0,1754272800000.0,3556.77,3533.84,3546.0,3537.84,3553.33,3523.66,3548.39
30m,1,0.3154677046288155,10361,10380,6.0,1754274600000.0,3553.33,3523.66,3548.39,3537.85,3571.88,3544.39,3571.66
30m,1,0.3154677046288155,10361,10380,7.0,1754276400000.0,3571.88,3544.39,3571.66,3548.4,3576.07,3559.25,3562.91
30m,1,0.3154677046288155,10361,10380,8.0,1754278200000.0,3576.07,3559.25,3571.66,3562.91,3564.01,3555.16,3556.8
30m,1,0.3154677046288155,10361,10380,9.0,1754280000000.0,3564.01,3555.16,3562.91,3556.8,3565.67,3548.75,3558.48
30m,1,0.3154677046288155,10361,10380,10.0,1754281800000.0,3565.67,3548.75,3558.48,3556.79,3558.49,3536.08,3539.56
30m,1,0.3154677046288155,10361,10380,11.0,1754283600000.0,3558.49,3536.08,3558.49,3539.56,3541.3,3529.16,3529.83
30m,1,0.3154677046288155,10361,10380,12.0,1754285400000.0,3541.3,3529.16,3539.56,3529.83,3536.95,3524.14,3533.46
30m,1,0.3154677046288155,10361,10380,13.0,1754287200000.0,3536.95,3524.14,3533.46,3529.82,3540.15,3523.71,3530.68
30m,1,0.3154677046288155,10361,10380,14.0,1754289000000.0,3540.15,3523.71,3533.46,3530.68,3541.49,3520.69,3538.95
30m,1,0.3154677046288155,10361,10380,15.0,1754290800000.0,3541.49,3520.69,3538.95,3530.67,3546.81,3536.58,3539.15
30m,1,0.3154677046288155,10361,10380,16.0,1754292600000.0,3546.81,3536.58,3539.15,3538.94,3554.21,3536.78,3551.99
30m,1,0.3154677046288155,10361,10380,17.0,1754294400000.0,3554.21,3536.78,3551.99,3539.15,3564.7,3550.0,3551.22
30m,1,0.3154677046288155,10361,10380,18.0,1754296200000.0,3564.7,3550.0,3552.0,3551.22,3557.28,3542.25,3550.5
30m,1,0.3154677046288155,10361,10380,19.0,1754298000000.0,3557.28,3542.25,3551.23,3550.5,3563.6,3550.0,3557.8
30m,2,0.3131077521097864,10217,10236,1.0,1754006400000.0,3709.48,3684.33,3708.86,3698.39,3699.28,3658.18,3690.52
30m,2,0.3131077521097864,10217,10236,2.0,1754008200000.0,3699.28,3658.18,3698.39,3690.52,3692.25,3616.66,3682.1
30m,2,0.3131077521097864,10217,10236,3.0,1754010000000.0,3692.25,3616.66,3690.51,3682.1,3695.86,3652.97,3683.74
30m,2,0.3131077521097864,10217,10236,4.0,1754011800000.0,3695.86,3652.97,3683.74,3682.1,3697.38,3672.8,3689.42
30m,2,0.3131077521097864,10217,10236,5.0,1754013600000.0,3697.38,3672.8,3689.42,3683.74,3719.63,3680.43,3708.45
30m,2,0.3131077521097864,10217,10236,6.0,1754015400000.0,3719.63,3680.43,3708.45,3689.41,3723.97,3703.69,3716.4
30m,2,0.3131077521097864,10217,10236,7.0,1754017200000.0,3723.97,3703.69,3716.4,3708.45,3724.02,3704.99,3720.37
30m,2,0.3131077521097864,10217,10236,8.0,1754019000000.0,3724.02,3704.99,3720.37,3716.39,3721.87,3700.81,3704.98
30m,2,0.3131077521097864,10217,10236,9.0,1754020800000.0,3721.87,3700.81,3720.38,3704.98,3704.98,3677.48,3688.49
30m,2,0.3131077521097864,10217,10236,10.0,1754022600000.0,3704.98,3677.48,3704.98,3688.49,3695.31,3680.0,3682.07
30m,2,0.3131077521097864,10217,10236,11.0,1754024400000.0,3695.31,3680.0,3688.48,3682.07,3693.31,3671.64,3678.91
30m,2,0.3131077521097864,10217,10236,12.0,1754026200000.0,3693.31,3671.64,3682.08,3678.91,3690.74,3664.8,3675.1
30m,2,0.3131077521097864,10217,10236,13.0,1754028000000.0,3690.74,3664.8,3678.92,3675.1,3682.48,3654.62,3657.52
30m,2,0.3131077521097864,10217,10236,14.0,1754029800000.0,3682.48,3654.62,3675.09,3657.52,3667.67,3641.17,3662.69
30m,2,0.3131077521097864,10217,10236,15.0,1754031600000.0,3667.67,3641.17,3662.69,3657.53,3669.0,3629.41,3632.93
30m,2,0.3131077521097864,10217,10236,16.0,1754033400000.0,3669.0,3629.41,3662.69,3632.93,3652.26,3624.11,3650.74
30m,2,0.3131077521097864,10217,10236,17.0,1754035200000.0,3652.26,3624.11,3650.74,3632.93,3650.73,3595.28,3605.9
30m,2,0.3131077521097864,10217,10236,18.0,1754037000000.0,3650.73,3595.28,3650.73,3605.9,3624.67,3585.69,3609.43
30m,2,0.3131077521097864,10217,10236,19.0,1754038800000.0,3624.67,3585.69,3609.43,3605.91,3640.77,3606.0,3637.06
30m,3,0.31077214103167244,14180,14199,1.0,1761139800000.0,3866.07,3837.08,3850.39,3846.65,3876.92,3825.0,3872.97
30m,3,0.31077214103167244,14180,14199,2.0,1761141600000.0,3876.92,3825.0,3872.97,3850.4,3874.08,3786.58,3811.8
30m,3,0.31077214103167244,14180,14199,3.0,1761143400000.0,3874.08,3786.58,3872.97,3811.8,3853.7,3780.32,3853.57
30m,3,0.31077214103167244,14180,14199,4.0,1761145200000.0,3853.7,3780.32,3853.57,3811.81,3864.23,3790.74,3804.71
30m,3,0.31077214103167244,14180,14199,5.0,1761147000000.0,3864.23,3790.74,3853.56,3804.71,3847.99,3798.85,3841.76
30m,3,0.31077214103167244,14180,14199,6.0,1761148800000.0,3847.99,3798.85,3841.76,3804.71,3853.81,3813.62,3841.6
30m,3,0.31077214103167244,14180,14199,7.0,1761150600000.0,3853.81,3813.62,3841.76,3841.6,3861.9,3813.62,3836.25
30m,3,0.31077214103167244,14180,14199,8.0,1761152400000.0,3861.9,3813.62,3841.6,3836.25,3843.38,3822.0,3827.08
30m,3,0.31077214103167244,14180,14199,9.0,1761154200000.0,3843.38,3822.0,3836.24,3827.08,3840.3,3794.77,3807.95
30m,3,0.31077214103167244,14180,14199,10.0,1761156000000.0,3840.3,3794.77,3827.08,3807.95,3821.19,3791.42,3809.4
30m,3,0.31077214103167244,14180,14199,11.0,1761157800000.0,3821.19,3791.42,3809.4,3807.96,3813.0,3792.74,3802.61
30m,3,0.31077214103167244,14180,14199,12.0,1761159600000.0,3813.0,3792.74,3809.39,3802.61,3827.24,3796.86,3813.85
30m,3,0.31077214103167244,14180,14199,13.0,1761161400000.0,3827.24,3796.86,3813.85,3802.61,3823.69,3784.0,3804.0
30m,3,0.31077214103167244,14180,14199,14.0,1761163200000.0,3823.69,3784.0,3813.85,3804.0,3810.39,3777.77,3784.26
30m,3,0.31077214103167244,14180,14199,15.0,1761165000000.0,3810.39,3777.77,3804.0,3784.26,3801.86,3770.0,3780.84
30m,3,0.31077214103167244,14180,14199,16.0,1761166800000.0,3801.86,3770.0,3784.25,3780.84,3782.1,3710.0,3724.1
30m,3,0.31077214103167244,14180,14199,17.0,1761168600000.0,3782.1,3710.0,3780.84,3724.1,3756.97,3720.07,3744.69
30m,3,0.31077214103167244,14180,14199,18.0,1761170400000.0,3756.97,3720.07,3744.69,3724.24,3762.53,3734.47,3737.82
30m,3,0.31077214103167244,14180,14199,19.0,1761172200000.0,3762.53,3734.47,3744.68,3737.82,3756.66,3736.99,3752.36
30m,4,0.30195901305476625,23299,23318,1.0,1777554000000.0,2268.84,2263.91,2267.13,2265.45,2268.12,2257.38,2259.15
30m,4,0.30195901305476625,23299,23318,2.0,1777555800000.0,2268.12,2257.38,2265.46,2259.15,2272.56,2254.74,2263.9
30m,4,0.30195901305476625,23299,23318,3.0,1777557600000.0,2272.56,2254.74,2263.9,2259.14,2271.07,2245.82,2258.39
30m,4,0.30195901305476625,23299,23318,4.0,1777559400000.0,2271.07,2245.82,2263.9,2258.39,2268.0,2254.74,2262.01
30m,4,0.30195901305476625,23299,23318,5.0,1777561200000.0,2268.0,2254.74,2262.01,2258.39,2267.56,2257.65,2267.56
30m,4,0.30195901305476625,23299,23318,6.0,1777563000000.0,2267.56,2257.65,2267.56,2262.0,2275.13,2260.0,2265.7
30m,4,0.30195901305476625,23299,23318,7.0,1777564800000.0,2275.13,2260.0,2267.56,2265.7,2267.16,2259.5,2262.0
30m,4,0.30195901305476625,23299,23318,8.0,1777566600000.0,2267.16,2259.5,2265.7,2262.0,2262.98,2255.8,2257.24
30m,4,0.30195901305476625,23299,23318,9.0,1777568400000.0,2262.98,2255.8,2262.0,2257.24,2259.53,2251.62,2255.55
30m,4,0.30195901305476625,23299,23318,10.0,1777570200000.0,2259.53,2251.62,2257.24,2255.55,2260.47,2254.89,2258.14
30m,4,0.30195901305476625,23299,23318,11.0,1777572000000.0,2260.47,2254.89,2258.14,2255.55,2262.49,2255.31,2255.95
30m,4,0.30195901305476625,23299,23318,12.0,1777573800000.0,2262.49,2255.31,2258.13,2255.95,2265.29,2254.55,2259.84
30m,4,0.30195901305476625,23299,23318,13.0,1777575600000.0,2265.29,2254.55,2259.84,2255.95,2266.25,2258.13,2265.17
30m,4,0.30195901305476625,23299,23318,14.0,1777577400000.0,2266.25,2258.13,2265.17,2259.84,2267.09,2260.6,2261.99
30m,4,0.30195901305476625,23299,23318,15.0,1777579200000.0,2267.09,2260.6,2265.17,2261.99,2267.32,2260.56,2265.43
30m,4,0.30195901305476625,23299,23318,16.0,1777581000000.0,2267.32,2260.56,2265.43,2261.98,2266.02,2263.54,2264.34
30m,4,0.30195901305476625,23299,23318,17.0,1777582800000.0,2266.02,2263.54,2265.43,2264.34,2264.65,2257.27,2257.85
30m,4,0.30195901305476625,23299,23318,18.0,1777584600000.0,2264.65,2257.27,2264.34,2257.85,2260.84,2254.0,2256.29
30m,4,0.30195901305476625,23299,23318,19.0,1777586400000.0,2260.84,2254.0,2257.86,2256.29,2261.34,2256.21,2260.78
30m,5,0.30150823873315796,24691,24710,1.0,1780059600000.0,2003.16,1995.1,2001.48,1999.78,1999.78,1993.68,1996.9
30m,5,0.30150823873315796,24691,24710,2.0,1780061400000.0,1999.78,1993.68,1999.78,1996.9,2006.16,1988.14,1999.53
30m,5,0.30150823873315796,24691,24710,3.0,1780063200000.0,2006.16,1988.14,1999.53,1996.9,2001.89,1976.48,1987.26
30m,5,0.30150823873315796,24691,24710,4.0,1780065000000.0,2001.89,1976.48,1999.53,1987.26,2004.31,1983.32,2001.84
30m,5,0.30150823873315796,24691,24710,5.0,1780066800000.0,2004.31,1983.32,2001.84,1987.27,2026.89,1999.45,2025.23
30m,5,0.30150823873315796,24691,24710,6.0,1780068600000.0,2026.89,1999.45,2025.23,2001.85,2046.59,2025.14,2031.62
30m,5,0.30150823873315796,24691,24710,7.0,1780070400000.0,2046.59,2025.14,2031.62,2025.24,2040.7,2022.24,2025.18
30m,5,0.30150823873315796,24691,24710,8.0,1780072200000.0,2040.7,2022.24,2031.62,2025.18,2043.0,2025.08,2040.45
30m,5,0.30150823873315796,24691,24710,9.0,1780074000000.0,2043.0,2025.08,2040.45,2025.18,2044.29,2033.76,2039.86
30m,5,0.30150823873315796,24691,24710,10.0,1780075800000.0,2044.29,2033.76,2040.46,2039.86,2041.33,2026.21,2028.27
30m,5,0.30150823873315796,24691,24710,11.0,1780077600000.0,2041.33,2026.21,2039.86,2028.27,2031.64,2022.8,2024.26
30m,5,0.30150823873315796,24691,24710,12.0,1780079400000.0,2031.64,2022.8,2028.28,2024.26,2027.4,2006.21,2011.41
30m,5,0.30150823873315796,24691,24710,13.0,1780081200000.0,2027.4,2006.21,2024.26,2011.41,2016.89,2005.0,2010.83
30m,5,0.30150823873315796,24691,24710,14.0,1780083000000.0,2016.89,2005.0,2011.41,2010.83,2022.2,2010.83,2016.96
30m,5,0.30150823873315796,24691,24710,15.0,1780084800000.0,2022.2,2010.83,2016.96,2010.83,2023.84,2015.0,2021.01
30m,5,0.30150823873315796,24691,24710,16.0,1780086600000.0,2023.84,2015.0,2021.01,2016.96,2022.69,2016.24,2018.17
30m,5,0.30150823873315796,24691,24710,17.0,1780088400000.0,2022.69,2016.24,2021.01,2018.17,2023.99,2010.59,2012.22
30m,5,0.30150823873315796,24691,24710,18.0,1780090200000.0,2023.99,2010.59,2018.17,2012.22,2016.17,2008.23,2009.4
30m,5,0.30150823873315796,24691,24710,19.0,1780092000000.0,2016.17,2008.23,2012.22,2009.4,2017.24,2007.78,2014.94
30m,6,0.2992395450990151,20852,20871,1.0,1773149400000.0,2060.27,2049.82,2054.37,2049.82,2057.7,2024.04,2033.63
30m,6,0.2992395450990151,20852,20871,2.0,1773151200000.0,2057.7,2024.04,2054.38,2033.63,2037.01,2008.65,2024.39
30m,6,0.2992395450990151,20852,20871,3.0,1773153000000.0,2037.01,2008.65,2033.63,2024.39,2080.27,2024.27,2075.19
30m,6,0.2992395450990151,20852,20871,4.0,1773154800000.0,2080.27,2024.27,2075.19,2024.38,2085.73,2059.23,2069.12
30m,6,0.2992395450990151,20852,20871,5.0,1773156600000.0,2085.73,2059.23,2075.19,2069.12,2081.0,2062.85,2079.35
30m,6,0.2992395450990151,20852,20871,6.0,1773158400000.0,2081.0,2062.85,2079.35,2069.11,2088.19,2069.45,2080.62
30m,6,0.2992395450990151,20852,20871,7.0,1773160200000.0,2088.19,2069.45,2080.62,2079.34,2086.0,2077.24,2080.72
30m,6,0.2992395450990151,20852,20871,8.0,1773162000000.0,2086.0,2077.24,2080.72,2080.63,2085.19,2070.22,2072.45
30m,6,0.2992395450990151,20852,20871,9.0,1773163800000.0,2085.19,2070.22,2080.71,2072.45,2079.48,2058.33,2071.67
30m,6,0.2992395450990151,20852,20871,10.0,1773165600000.0,2079.48,2058.33,2072.43,2071.67,2073.13,2039.04,2046.74
30m,6,0.2992395450990151,20852,20871,11.0,1773167400000.0,2073.13,2039.04,2071.67,2046.74,2055.33,2035.74,2039.68
30m,6,0.2992395450990151,20852,20871,12.0,1773169200000.0,2055.33,2035.74,2046.75,2039.68,2044.31,2029.79,2032.55
30m,6,0.2992395450990151,20852,20871,13.0,1773171000000.0,2044.31,2029.79,2039.68,2032.55,2040.95,2027.16,2037.02
30m,6,0.2992395450990151,20852,20871,14.0,1773172800000.0,2040.95,2027.16,2037.02,2032.54,2045.65,2035.45,2045.23
30m,6,0.2992395450990151,20852,20871,15.0,1773174600000.0,2045.65,2035.45,2045.23,2037.02,2047.45,2041.14,2042.56
30m,6,0.2992395450990151,20852,20871,16.0,1773176400000.0,2047.45,2041.14,2045.23,2042.56,2048.31,2037.6,2039.7
30m,6,0.2992395450990151,20852,20871,17.0,1773178200000.0,2048.31,2037.6,2042.56,2039.7,2041.1,2018.0,2029.2
30m,6,0.2992395450990151,20852,20871,18.0,1773180000000.0,2041.1,2018.0,2039.7,2029.2,2032.82,2021.14,2028.61
30m,6,0.2992395450990151,20852,20871,19.0,1773181800000.0,2032.82,2021.14,2029.2,2028.61,2031.34,2022.79,2027.64
30m,7,0.29635495108764665,24164,24183,1.0,1779111000000.0,2151.41,2142.45,2151.02,2142.74,2142.86,2120.25,2130.91
30m,7,0.29635495108764665,24164,24183,2.0,1779112800000.0,2142.86,2120.25,2142.74,2130.91,2130.9,2114.94,2117.05
30m,7,0.29635495108764665,24164,24183,3.0,1779114600000.0,2130.9,2114.94,2130.9,2117.05,2119.0,2098.01,2110.32
30m,7,0.29635495108764665,24164,24183,4.0,1779116400000.0,2119.0,2098.01,2117.05,2110.32,2111.3,2095.51,2097.71
30m,7,0.29635495108764665,24164,24183,5.0,1779118200000.0,2111.3,2095.51,2110.32,2097.71,2110.65,2093.77,2107.48
30m,7,0.29635495108764665,24164,24183,6.0,1779120000000.0,2110.65,2093.77,2107.48,2097.7,2111.19,2092.6,2093.46
30m,7,0.29635495108764665,24164,24183,7.0,1779121800000.0,2111.19,2092.6,2107.49,2093.46,2102.27,2090.56,2097.71
30m,7,0.29635495108764665,24164,24183,8.0,1779123600000.0,2102.27,2090.56,2097.71,2093.46,2107.85,2095.33,2107.28
30m,7,0.29635495108764665,24164,24183,9.0,1779125400000.0,2107.85,2095.33,2107.28,2097.71,2110.19,2103.39,2108.21
30m,7,0.29635495108764665,24164,24183,10.0,1779127200000.0,2110.19,2103.39,2108.21,2107.28,2109.12,2077.23,2088.36
30m,7,0.29635495108764665,24164,24183,11.0,1779129000000.0,2109.12,2077.23,2108.21,2088.36,2092.12,2079.86,2081.32
30m,7,0.29635495108764665,24164,24183,12.0,1779130800000.0,2092.12,2079.86,2088.37,2081.32,2113.55,2079.64,2105.7
30m,7,0.29635495108764665,24164,24183,13.0,1779132600000.0,2113.55,2079.64,2105.7,2081.31,2128.49,2105.01,2125.07
30m,7,0.29635495108764665,24164,24183,14.0,1779134400000.0,2128.49,2105.01,2125.07,2105.69,2129.84,2122.89,2128.67
30m,7,0.29635495108764665,24164,24183,15.0,1779136200000.0,2129.84,2122.89,2128.67,2125.07,2131.03,2115.01,2117.61
30m,7,0.29635495108764665,24164,24183,16.0,1779138000000.0,2131.03,2115.01,2128.67,2117.61,2133.11,2114.59,2130.87
30m,7,0.29635495108764665,24164,24183,17.0,1779139800000.0,2133.11,2114.59,2130.87,2117.62,2142.67,2130.88,2137.38
30m,7,0.29635495108764665,24164,24183,18.0,1779141600000.0,2142.67,2130.88,2137.38,2130.88,2142.57,2133.17,2139.66
30m,7,0.29635495108764665,24164,24183,19.0,1779143400000.0,2142.57,2133.17,2139.66,2137.39,2141.85,2130.5,2135.74
30m,8,0.2961231166735066,18748,18767,1.0,1769362200000.0,2898.61,2879.05,2896.99,2883.46,2892.88,2882.23,2884.41
30m,8,0.2961231166735066,18748,18767,2.0,1769364000000.0,2892.88,2882.23,2884.41,2883.47,2888.71,2845.77,2855.3
30m,8,0.2961231166735066,18748,18767,3.0,1769365800000.0,2888.71,2845.77,2884.41,2855.3,2858.14,2828.05,2848.19
30m,8,0.2961231166735066,18748,18767,4.0,1769367600000.0,2858.14,2828.05,2855.3,2848.19,2857.77,2819.48,2820.87
30m,8,0.2961231166735066,18748,18767,5.0,1769369400000.0,2857.77,2819.48,2848.2,2820.87,2832.7,2797.2,2812.96
30m,8,0.2961231166735066,18748,18767,6.0,1769371200000.0,2832.7,2797.2,2820.87,2812.96,2824.0,2791.46,2805.43
30m,8,0.2961231166735066,18748,18767,7.0,1769373000000.0,2824.0,2791.46,2812.96,2805.43,2810.35,2787.0,2809.72
30m,8,0.2961231166735066,18748,18767,8.0,1769374800000.0,2810.35,2787.0,2809.72,2805.44,2825.72,2807.67,2821.65
30m,8,0.2961231166735066,18748,18767,9.0,1769376600000.0,2825.72,2807.67,2821.65,2809.72,2822.85,2802.57,2818.72
30m,8,0.2961231166735066,18748,18767,10.0,1769378400000.0,2822.85,2802.57,2821.65,2818.72,2819.32,2795.67,2797.84
30m,8,0.2961231166735066,18748,18767,11.0,1769380200000.0,2819.32,2795.67,2818.73,2797.84,2807.52,2790.0,2807.14
30m,8,0.2961231166735066,18748,18767,12.0,1769382000000.0,2807.52,2790.0,2807.14,2797.85,2813.0,2787.0,2805.41
30m,8,0.2961231166735066,18748,18767,13.0,1769383800000.0,2813.0,2787.0,2807.14,2805.41,2821.14,2798.0,2816.89
30m,8,0.2961231166735066,18748,18767,14.0,1769385600000.0,2821.14,2798.0,2816.89,2805.42,2842.65,2812.37,2833.21
30m,8,0.2961231166735066,18748,18767,15.0,1769387400000.0,2842.65,2812.37,2833.21,2816.9,2847.26,2825.05,2841.65
30m,8,0.2961231166735066,18748,18767,16.0,1769389200000.0,2847.26,2825.05,2841.65,2833.21,2882.33,2838.62,2875.45
30m,8,0.2961231166735066,18748,18767,17.0,1769391000000.0,2882.33,2838.62,2875.45,2841.66,2898.76,2874.07,2882.69
30m,8,0.2961231166735066,18748,18767,18.0,1769392800000.0,2898.76,2874.07,2882.69,2875.46,2883.79,2867.32,2880.79
30m,8,0.2961231166735066,18748,18767,19.0,1769394600000.0,2883.79,2867.32,2882.7,2880.79,2885.39,2863.33,2865.98
30m,9,0.29430117439419545,16254,16273,1.0,1764873000000.0,3165.53,3146.13,3160.56,3158.27,3164.14,3133.71,3141.27
30m,9,0.29430117439419545,16254,16273,2.0,1764874800000.0,3164.14,3133.71,3158.26,3141.27,3142.25,3066.37,3093.6
30m,9,0.29430117439419545,16254,16273,3.0,1764876600000.0,3142.25,3066.37,3141.26,3093.6,3128.89,3089.19,3119.27
30m,9,0.29430117439419545,16254,16273,4.0,1764878400000.0,3128.89,3089.19,3119.27,3093.6,3129.0,3105.9,3116.61
30m,9,0.29430117439419545,16254,16273,5.0,1764880200000.0,3129.0,3105.9,3119.26,3116.61,3145.42,3113.95,3141.36
30m,9,0.29430117439419545,16254,16273,6.0,1764882000000.0,3145.42,3113.95,3141.36,3116.61,3152.07,3130.73,3130.73
30m,9,0.29430117439419545,16254,16273,7.0,1764883800000.0,3152.07,3130.73,3141.36,3130.73,3141.4,3118.74,3123.34
30m,9,0.29430117439419545,16254,16273,8.0,1764885600000.0,3141.4,3118.74,3130.73,3123.34,3142.4,3123.34,3140.78
30m,9,0.29430117439419545,16254,16273,9.0,1764887400000.0,3142.4,3123.34,3140.78,3123.34,3149.0,3139.23,3143.66
30m,9,0.29430117439419545,16254,16273,10.0,1764889200000.0,3149.0,3139.23,3143.66,3140.78,3144.31,3133.62,3137.91
30m,9,0.29430117439419545,16254,16273,11.0,1764891000000.0,3144.31,3133.62,3143.66,3137.91,3141.99,3128.88,3133.26
30m,9,0.29430117439419545,16254,16273,12.0,1764892800000.0,3141.99,3128.88,3137.92,3133.26,3157.74,3132.45,3146.25
30m,9,0.29430117439419545,16254,16273,13.0,1764894600000.0,3157.74,3132.45,3146.25,3133.26,3153.11,3144.69,3146.68
30m,9,0.29430117439419545,16254,16273,14.0,1764896400000.0,3153.11,3144.69,3146.68,3146.25,3169.79,3143.53,3165.04
30m,9,0.29430117439419545,16254,16273,15.0,1764898200000.0,3169.79,3143.53,3165.04,3146.68,3170.87,3156.51,3163.56
30m,9,0.29430117439419545,16254,16273,16.0,1764900000000.0,3170.87,3156.51,3165.04,3163.56,3178.66,3156.5,3177.73
30m,9,0.29430117439419545,16254,16273,17.0,1764901800000.0,3178.66,3156.5,3177.73,3163.55,3189.21,3175.56,3183.22
30m,9,0.29430117439419545,16254,16273,18.0,1764903600000.0,3189.21,3175.56,3183.22,3177.73,3193.33,3171.15,3173.95
30m,9,0.29430117439419545,16254,16273,19.0,1764905400000.0,3193.33,3171.15,3183.21,3173.95,3175.37,3166.02,3170.98
30m,10,0.2929332422967969,13713,13732,1.0,1760299200000.0,4140.28,4120.55,4138.08,4135.68,4149.13,4126.03,4148.12
30m,10,0.2929332422967969,13713,13732,2.0,1760301000000.0,4149.13,4126.03,4148.12,4135.68,4197.7,4129.59,4136.24
30m,10,0.2929332422967969,13713,13732,3.0,1760302800000.0,4197.7,4129.59,4148.12,4136.24,4165.03,4097.17,4121.9
30m,10,0.2929332422967969,13713,13732,4.0,1760304600000.0,4165.03,4097.17,4136.24,4121.9,4135.88,4080.7,4135.53
30m,10,0.2929332422967969,13713,13732,5.0,1760306400000.0,4135.88,4080.7,4135.53,4121.89,4155.0,4111.59,4127.49
30m,10,0.2929332422967969,13713,13732,6.0,1760308200000.0,4155.0,4111.59,4135.54,4127.49,4150.88,4126.7,4134.57
30m,10,0.2929332422967969,13713,13732,7.0,1760310000000.0,4150.88,4126.7,4134.57,4127.49,4143.69,4108.82,4140.75
30m,10,0.2929332422967969,13713,13732,8.0,1760311800000.0,4143.69,4108.82,4140.75,4134.56,4161.35,4133.67,4152.29
30m,10,0.2929332422967969,13713,13732,9.0,1760313600000.0,4161.35,4133.67,4152.29,4140.75,4186.03,4132.18,4148.96
30m,10,0.2929332422967969,13713,13732,10.0,1760315400000.0,4186.03,4132.18,4152.29,4148.96,4152.99,4124.54,4139.8
30m,10,0.2929332422967969,13713,13732,11.0,1760317200000.0,4152.99,4124.54,4148.96,4139.8,4163.07,4126.54,4155.41
30m,10,0.2929332422967969,13713,13732,12.0,1760319000000.0,4163.07,4126.54,4155.41,4139.78,4199.73,4154.56,4198.77
30m,10,0.2929332422967969,13713,13732,13.0,1760320800000.0,4199.73,4154.56,4198.77,4155.4,4220.89,4160.0,4168.43
30m,10,0.2929332422967969,13713,13732,14.0,1760322600000.0,4220.89,4160.0,4198.77,4168.43,4176.07,4153.33,4158.51
30m,10,0.2929332422967969,13713,13732,15.0,1760324400000.0,4176.07,4153.33,4168.43,4158.51,4169.93,4153.08,4155.87
30m,10,0.2929332422967969,13713,13732,16.0,1760326200000.0,4169.93,4153.08,4158.51,4155.87,4157.98,4132.55,4139.78
30m,10,0.2929332422967969,13713,13732,17.0,1760328000000.0,4157.98,4132.55,4155.87,4139.78,4146.93,4116.07,4122.97
30m,10,0.2929332422967969,13713,13732,18.0,1760329800000.0,4146.93,4116.07,4139.79,4122.97,4145.54,4121.4,4142.16
30m,10,0.2929332422967969,13713,13732,19.0,1760331600000.0,4145.54,4121.4,4142.16,4122.97,4144.7,4123.22,4133.74
30m,11,0.29148531122382865,17972,17991,1.0,1767965400000.0,3103.33,3083.44,3098.65,3084.56,3111.17,3085.39,3098.56
30m,11,0.29148531122382865,17972,17991,2.0,1767967200000.0,3111.17,3085.39,3098.64,3098.56,3099.0,3077.77,3095.4
30m,11,0.29148531122382865,17972,17991,3.0,1767969000000.0,3099.0,3077.77,3098.56,3095.4,3097.44,3062.0,3078.93
30m,11,0.29148531122382865,17972,17991,4.0,1767970800000.0,3097.44,3062.0,3095.4,3078.93,3137.49,3058.69,3130.0
30m,11,0.29148531122382865,17972,17991,5.0,1767972600000.0,3137.49,3058.69,3130.0,3078.94,3143.0,3095.73,3112.08
30m,11,0.29148531122382865,17972,17991,6.0,1767974400000.0,3143.0,3095.73,3130.0,3112.08,3145.45,3111.0,3126.79
30m,11,0.29148531122382865,17972,17991,7.0,1767976200000.0,3145.45,3111.0,3126.79,3112.08,3136.38,3120.0,3133.13
30m,11,0.29148531122382865,17972,17991,8.0,1767978000000.0,3136.38,3120.0,3133.13,3126.79,3135.0,3108.52,3111.29
30m,11,0.29148531122382865,17972,17991,9.0,1767979800000.0,3135.0,3108.52,3133.13,3111.29,3119.84,3104.66,3114.41
30m,11,0.29148531122382865,17972,17991,10.0,1767981600000.0,3119.84,3104.66,3114.41,3111.3,3118.56,3082.12,3086.06
30m,11,0.29148531122382865,17972,17991,11.0,1767983400000.0,3118.56,3082.12,3114.4,3086.06,3098.99,3073.65,3094.97
30m,11,0.29148531122382865,17972,17991,12.0,1767985200000.0,3098.99,3073.65,3094.97,3086.05,3094.96,3071.82,3075.16
30m,11,0.29148531122382865,17972,17991,13.0,1767987000000.0,3094.96,3071.82,3094.96,3075.16,3088.33,3068.94,3080.6
30m,11,0.29148531122382865,17972,17991,14.0,1767988800000.0,3088.33,3068.94,3080.6,3075.16,3089.81,3077.49,3083.54
30m,11,0.29148531122382865,17972,17991,15.0,1767990600000.0,3089.81,3077.49,3083.54,3080.6,3091.37,3071.26,3073.65
30m,11,0.29148531122382865,17972,17991,16.0,1767992400000.0,3091.37,3071.26,3083.55,3073.65,3091.51,3065.23,3087.57
30m,11,0.29148531122382865,17972,17991,17.0,1767994200000.0,3091.51,3065.23,3087.57,3073.66,3093.35,3079.96,3086.1
30m,11,0.29148531122382865,17972,17991,18.0,1767996000000.0,3093.35,3079.96,3087.58,3086.1,3088.5,3074.4,3082.99
30m,11,0.29148531122382865,17972,17991,19.0,1767997800000.0,3088.5,3074.4,3086.1,3082.99,3088.59,3081.53,3086.27
30m,12,0.2907851054214705,4249,4268,1.0,1743264000000.0,1842.47,1833.84,1841.98,1840.24,1848.12,1836.23,1836.9
30m,12,0.2907851054214705,4249,4268,2.0,1743265800000.0,1848.12,1836.23,1840.24,1836.9,1842.87,1812.02,1822.02
30m,12,0.2907851054214705,4249,4268,3.0,1743267600000.0,1842.87,1812.02,1836.89,1822.02,1826.29,1797.2,1818.3
30m,12,0.2907851054214705,4249,4268,4.0,1743269400000.0,1826.29,1797.2,1822.01,1818.3,1831.19,1805.74,1818.14
30m,12,0.2907851054214705,4249,4268,5.0,1743271200000.0,1831.19,1805.74,1818.31,1818.14,1821.61,1808.87,1820.05
30m,12,0.2907851054214705,4249,4268,6.0,1743273000000.0,1821.61,1808.87,1820.05,1818.15,1828.3,1817.36,1818.18
30m,12,0.2907851054214705,4249,4268,7.0,1743274800000.0,1828.3,1817.36,1820.04,1818.18,1823.83,1811.97,1816.24
30m,12,0.2907851054214705,4249,4268,8.0,1743276600000.0,1823.83,1811.97,1818.19,1816.24,1828.62,1812.21,1827.5
30m,12,0.2907851054214705,4249,4268,9.0,1743278400000.0,1828.62,1812.21,1827.5,1816.24,1828.15,1816.0,1821.66
30m,12,0.2907851054214705,4249,4268,10.0,1743280200000.0,1828.15,1816.0,1827.5,1821.66,1826.76,1812.62,1817.76
30m,12,0.2907851054214705,4249,4268,11.0,1743282000000.0,1826.76,1812.62,1821.65,1817.76,1825.16,1814.23,1820.71
30m,12,0.2907851054214705,4249,4268,12.0,1743283800000.0,1825.16,1814.23,1820.71,1817.75,1822.41,1814.14,1817.69
30m,12,0.2907851054214705,4249,4268,13.0,1743285600000.0,1822.41,1814.14,1820.72,1817.69,1819.59,1815.0,1818.99
30m,12,0.2907851054214705,4249,4268,14.0,1743287400000.0,1819.59,1815.0,1818.99,1817.7,1820.21,1811.6,1817.49
30m,12,0.2907851054214705,4249,4268,15.0,1743289200000.0,1820.21,1811.6,1819.0,1817.49,1822.85,1814.35,1821.51
30m,12,0.2907851054214705,4249,4268,16.0,1743291000000.0,1822.85,1814.35,1821.51,1817.49,1830.31,1819.19,1828.08
30m,12,0.2907851054214705,4249,4268,17.0,1743292800000.0,1830.31,1819.19,1828.08,1821.51,1831.08,1821.97,1822.5
30m,12,0.2907851054214705,4249,4268,18.0,1743294600000.0,1831.08,1821.97,1828.09,1822.5,1830.59,1812.69,1826.92
30m,12,0.2907851054214705,4249,4268,19.0,1743296400000.0,1830.59,1812.69,1826.92,1822.5,1838.54,1825.73,1836.43
30m,13,0.28777827542768275,26897,26916,1.0,1784030400000.0,1801.0,1797.43,1800.78,1798.09,1808.48,1794.37,1801.4
30m,13,0.28777827542768275,26897,26916,2.0,1784032200000.0,1808.48,1794.37,1801.4,1798.09,1867.71,1800.88,1861.04
30m,13,0.28777827542768275,26897,26916,3.0,1784034000000.0,1867.71,1800.88,1861.04,1801.4,1882.85,1854.41,1880.01
30m,13,0.28777827542768275,26897,26916,4.0,1784035800000.0,1882.85,1854.41,1880.01,1861.04,1880.91,1864.84,1871.31
30m,13,0.28777827542768275,26897,26916,5.0,1784037600000.0,1880.91,1864.84,1880.01,1871.31,1871.84,1859.46,1865.55
30m,13,0.28777827542768275,26897,26916,6.0,1784039400000.0,1871.84,1859.46,1871.3,1865.55,1884.56,1863.64,1881.16
30m,13,0.28777827542768275,26897,26916,7.0,1784041200000.0,1884.56,1863.64,1881.16,1865.55,1884.56,1875.5,1883.24
30m,13,0.28777827542768275,26897,26916,8.0,1784043000000.0,1884.56,1875.5,1883.24,1881.17,1888.8,1872.85,1875.22
30m,13,0.28777827542768275,26897,26916,9.0,1784044800000.0,1888.8,1872.85,1883.25,1875.22,1877.07,1868.76,1874.91
30m,13,0.28777827542768275,26897,26916,10.0,1784046600000.0,1877.07,1868.76,1875.22,1874.91,1876.82,1872.53,1873.79
30m,13,0.28777827542768275,26897,26916,11.0,1784048400000.0,1876.82,1872.53,1874.9,1873.79,1873.8,1860.56,1869.58
30m,13,0.28777827542768275,26897,26916,12.0,1784050200000.0,1873.8,1860.56,1873.8,1869.58,1873.14,1865.52,1871.54
30m,13,0.28777827542768275,26897,26916,13.0,1784052000000.0,1873.14,1865.52,1871.54,1869.59,1872.5,1868.18,1870.4
30m,13,0.28777827542768275,26897,26916,14.0,1784053800000.0,1872.5,1868.18,1871.55,1870.4,1876.83,1868.67,1874.79
30m,13,0.28777827542768275,26897,26916,15.0,1784055600000.0,1876.83,1868.67,1874.79,1870.4,1881.56,1874.43,1876.64
30m,13,0.28777827542768275,26897,26916,16.0,1784057400000.0,1881.56,1874.43,1876.64,1874.79,1880.95,1874.6,1876.74
30m,13,0.28777827542768275,26897,26916,17.0,1784059200000.0,1880.95,1874.6,1876.74,1876.63,1878.55,1874.53,1875.8
30m,13,0.28777827542768275,26897,26916,18.0,1784061000000.0,1878.55,1874.53,1876.74,1875.8,1877.27,1873.63,1875.42
30m,13,0.28777827542768275,26897,26916,19.0,1784062800000.0,1877.27,1873.63,1875.81,1875.42,1879.57,1874.4,1878.29
30m,14,0.2870436722740265,16049,16068,1.0,1764504000000.0,3007.5,2999.94,3004.85,3003.36,3011.97,3000.34,3009.57
30m,14,0.2870436722740265,16049,16068,2.0,1764505800000.0,3011.97,3000.34,3009.57,3003.37,3033.53,3007.35,3025.99
30m,14,0.2870436722740265,16049,16068,3.0,1764507600000.0,3033.53,3007.35,3025.99,3009.56,3050.41,3022.51,3046.83
30m,14,0.2870436722740265,16049,16068,4.0,1764509400000.0,3050.41,3022.51,3046.83,3025.99,3053.02,3040.6,3048.99
30m,14,0.2870436722740265,16049,16068,5.0,1764511200000.0,3053.02,3040.6,3048.99,3046.83,3051.01,3034.57,3039.37
30m,14,0.2870436722740265,16049,16068,6.0,1764513000000.0,3051.01,3034.57,3049.0,3039.37,3040.0,3027.41,3037.84
30m,14,0.2870436722740265,16049,16068,7.0,1764514800000.0,3040.0,3027.41,3039.37,3037.84,3037.83,3024.69,3035.83
30m,14,0.2870436722740265,16049,16068,8.0,1764516600000.0,3037.83,3024.69,3037.83,3035.83,3036.11,3026.5,3028.69
30m,14,0.2870436722740265,16049,16068,9.0,1764518400000.0,3036.11,3026.5,3035.84,3028.69,3047.0,3028.24,3046.65
30m,14,0.2870436722740265,16049,16068,10.0,1764520200000.0,3047.0,3028.24,3046.65,3028.69,3049.34,3042.45,3043.57
30m,14,0.2870436722740265,16049,16068,11.0,1764522000000.0,3049.34,3042.45,3046.65,3043.57,3043.74,3031.49,3035.19
30m,14,0.2870436722740265,16049,16068,12.0,1764523800000.0,3043.74,3031.49,3043.57,3035.19,3044.33,3032.01,3041.01
30m,14,0.2870436722740265,16049,16068,13.0,1764525600000.0,3044.33,3032.01,3041.01,3035.18,3041.5,3031.03,3035.04
30m,14,0.2870436722740265,16049,16068,14.0,1764527400000.0,3041.5,3031.03,3041.02,3035.04,3037.54,3029.06,3036.9
30m,14,0.2870436722740265,16049,16068,15.0,1764529200000.0,3037.54,3029.06,3036.9,3035.03,3040.97,3030.26,3031.79
30m,14,0.2870436722740265,16049,16068,16.0,1764531000000.0,3040.97,3030.26,3036.9,3031.79,3037.13,3029.39,3034.71
30m,14,0.2870436722740265,16049,16068,17.0,1764532800000.0,3037.13,3029.39,3034.71,3031.79,3041.14,3029.69,3029.95
30m,14,0.2870436722740265,16049,16068,18.0,1764534600000.0,3041.14,3029.69,3034.71,3029.95,3031.27,3023.32,3028.94
30m,14,0.2870436722740265,16049,16068,19.0,1764536400000.0,3031.27,3023.32,3029.95,3028.94,3029.46,3014.93,3022.86
30m,15,0.2869499061809444,2518,2537,1.0,1740148200000.0,2838.4,2815.57,2836.32,2821.6,2821.59,2778.0,2807.0
30m,15,0.2869499061809444,2518,2537,2.0,1740150000000.0,2821.59,2778.0,2821.59,2807.0,2831.8,2761.38,2788.99
30m,15,0.2869499061809444,2518,2537,3.0,1740151800000.0,2831.8,2761.38,2806.99,2788.99,2788.98,2675.02,2723.31
30m,15,0.2869499061809444,2518,2537,4.0,1740153600000.0,2788.98,2675.02,2788.98,2723.31,2769.88,2691.2,2741.39
30m,15,0.2869499061809444,2518,2537,5.0,1740155400000.0,2769.88,2691.2,2741.39,2723.3,2756.21,2725.25,2736.78
30m,15,0.2869499061809444,2518,2537,6.0,1740157200000.0,2756.21,2725.25,2741.4,2736.78,2742.2,2702.0,2705.81
30m,15,0.2869499061809444,2518,2537,7.0,1740159000000.0,2742.2,2702.0,2736.72,2705.81,2707.21,2653.57,2672.65
30m,15,0.2869499061809444,2518,2537,8.0,1740160800000.0,2707.21,2653.57,2705.81,2672.65,2691.72,2662.01,2683.0
30m,15,0.2869499061809444,2518,2537,9.0,1740162600000.0,2691.72,2662.01,2683.0,2672.65,2690.3,2670.22,2679.22
30m,15,0.2869499061809444,2518,2537,10.0,1740164400000.0,2690.3,2670.22,2683.01,2679.22,2686.28,2641.0,2646.09
30m,15,0.2869499061809444,2518,2537,11.0,1740166200000.0,2686.28,2641.0,2679.23,2646.09,2659.48,2625.94,2640.19
30m,15,0.2869499061809444,2518,2537,12.0,1740168000000.0,2659.48,2625.94,2646.1,2640.19,2660.09,2637.01,2654.09
30m,15,0.2869499061809444,2518,2537,13.0,1740169800000.0,2660.09,2637.01,2654.09,2640.2,2661.69,2628.01,2633.6
30m,15,0.2869499061809444,2518,2537,14.0,1740171600000.0,2661.69,2628.01,2654.13,2633.6,2646.8,2621.27,2621.5
30m,15,0.2869499061809444,2518,2537,15.0,1740173400000.0,2646.8,2621.27,2633.61,2621.5,2645.71,2616.72,2642.6
30m,15,0.2869499061809444,2518,2537,16.0,1740175200000.0,2645.71,2616.72,2642.6,2621.51,2663.57,2634.11,2657.32
30m,15,0.2869499061809444,2518,2537,17.0,1740177000000.0,2663.57,2634.11,2657.32,2642.6,2659.89,2634.07,2643.54
30m,15,0.2869499061809444,2518,2537,18.0,1740178800000.0,2659.89,2634.07,2657.33,2643.54,2657.33,2635.0,2656.47
30m,15,0.2869499061809444,2518,2537,19.0,1740180600000.0,2657.33,2635.0,2656.47,2643.54,2664.0,2655.3,2663.0
30m,16,0.28653577257284263,14233,14252,1.0,1761235200000.0,3887.35,3858.04,3876.94,3862.74,3884.57,3865.56,3874.36
30m,16,0.28653577257284263,14233,14252,2.0,1761237000000.0,3884.57,3865.56,3876.95,3874.36,3934.86,3867.98,3918.26
30m,16,0.28653577257284263,14233,14252,3.0,1761238800000.0,3934.86,3867.98,3918.26,3874.37,3920.66,3877.04,3887.65
30m,16,0.28653577257284263,14233,14252,4.0,1761240600000.0,3920.66,3877.04,3918.27,3887.65,3928.0,3886.33,3921.88
30m,16,0.28653577257284263,14233,14252,5.0,1761242400000.0,3928.0,3886.33,3921.88,3887.65,3922.95,3885.04,3887.26
30m,16,0.28653577257284263,14233,14252,6.0,1761244200000.0,3922.95,3885.04,3921.88,3887.26,3887.87,3858.77,3870.14
30m,16,0.28653577257284263,14233,14252,7.0,1761246000000.0,3887.87,3858.77,3887.26,3870.14,3871.36,3845.0,3867.6
30m,16,0.28653577257284263,14233,14252,8.0,1761247800000.0,3871.36,3845.0,3870.14,3867.6,3869.9,3854.42,3859.4
30m,16,0.28653577257284263,14233,14252,9.0,1761249600000.0,3869.9,3854.42,3867.61,3859.4,3860.1,3833.83,3851.35
30m,16,0.28653577257284263,14233,14252,10.0,1761251400000.0,3860.1,3833.83,3859.4,3851.35,3854.35,3818.72,3829.2
30m,16,0.28653577257284263,14233,14252,11.0,1761253200000.0,3854.35,3818.72,3851.35,3829.2,3837.18,3821.5,3827.48
30m,16,0.28653577257284263,14233,14252,12.0,1761255000000.0,3837.18,3821.5,3829.2,3827.48,3834.06,3821.87,3828.91
30m,16,0.28653577257284263,14233,14252,13.0,1761256800000.0,3834.06,3821.87,3828.91,3827.48,3848.54,3826.91,3844.65
30m,16,0.28653577257284263,14233,14252,14.0,1761258600000.0,3848.54,3826.91,3844.65,3828.9,3857.02,3844.44,3850.96
30m,16,0.28653577257284263,14233,14252,15.0,1761260400000.0,3857.02,3844.44,3850.96,3844.66,3860.0,3845.28,3854.61
30m,16,0.28653577257284263,14233,14252,16.0,1761262200000.0,3860.0,3845.28,3854.61,3850.96,3859.76,3849.76,3856.8
30m,16,0.28653577257284263,14233,14252,17.0,1761264000000.0,3859.76,3849.76,3856.8,3854.6,3863.45,3847.66,3849.15
30m,16,0.28653577257284263,14233,14252,18.0,1761265800000.0,3863.45,3847.66,3856.8,3849.15,3877.01,3845.86,3868.0
30m,16,0.28653577257284263,14233,14252,19.0,1761267600000.0,3877.01,3845.86,3868.0,3849.14,3875.53,3858.04,3861.62
30m,17,0.28648590174737437,16102,16121,1.0,1764599400000.0,2826.5,2809.43,2820.31,2813.28,2832.0,2805.88,2818.03
30m,17,0.28648590174737437,16102,16121,2.0,1764601200000.0,2832.0,2805.88,2820.32,2818.03,2820.44,2767.03,2770.42
30m,17,0.28648590174737437,16102,16121,3.0,1764603000000.0,2820.44,2767.03,2818.03,2770.42,2771.63,2716.04,2745.72
30m,17,0.28648590174737437,16102,16121,4.0,1764604800000.0,2771.63,2716.04,2770.41,2745.72,2749.5,2719.73,2734.95
30m,17,0.28648590174737437,16102,16121,5.0,1764606600000.0,2749.5,2719.73,2745.73,2734.95,2755.79,2725.94,2731.47
30m,17,0.28648590174737437,16102,16121,6.0,1764608400000.0,2755.79,2725.94,2734.94,2731.47,2747.82,2728.42,2744.63
30m,17,0.28648590174737437,16102,16121,7.0,1764610200000.0,2747.82,2728.42,2744.63,2731.51,2752.92,2734.49,2739.62
30m,17,0.28648590174737437,16102,16121,8.0,1764612000000.0,2752.92,2734.49,2744.63,2739.62,2758.02,2738.32,2750.98
30m,17,0.28648590174737437,16102,16121,9.0,1764613800000.0,2758.02,2738.32,2750.98,2739.62,2756.86,2724.75,2749.54
30m,17,0.28648590174737437,16102,16121,10.0,1764615600000.0,2756.86,2724.75,2750.98,2749.54,2753.5,2735.36,2739.21
30m,17,0.28648590174737437,16102,16121,11.0,1764617400000.0,2753.5,2735.36,2749.54,2739.21,2749.39,2730.59,2740.8
30m,17,0.28648590174737437,16102,16121,12.0,1764619200000.0,2749.39,2730.59,2740.8,2739.21,2770.3,2739.89,2749.23
30m,17,0.28648590174737437,16102,16121,13.0,1764621000000.0,2770.3,2739.89,2749.23,2740.8,2760.88,2742.72,2757.82
30m,17,0.28648590174737437,16102,16121,14.0,1764622800000.0,2760.88,2742.72,2757.82,2749.24,2793.37,2756.01,2784.0
30m,17,0.28648590174737437,16102,16121,15.0,1764624600000.0,2793.37,2756.01,2784.0,2757.84,2797.84,2784.0,2791.71
30m,17,0.28648590174737437,16102,16121,16.0,1764626400000.0,2797.84,2784.0,2791.71,2784.0,2814.14,2790.73,2800.01
30m,17,0.28648590174737437,16102,16121,17.0,1764628200000.0,2814.14,2790.73,2800.01,2791.72,2811.0,2793.11,2797.35
30m,17,0.28648590174737437,16102,16121,18.0,1764630000000.0,2811.0,2793.11,2800.01,2797.35,2812.88,2796.67,2812.88
30m,17,0.28648590174737437,16102,16121,19.0,1764631800000.0,2812.88,2796.67,2812.88,2797.35,2819.35,2798.05,2799.07
30m,18,0.28498674854743067,5576,5595,1.0,1745652600000.0,1810.88,1802.75,1806.39,1803.06,1807.8,1800.0,1800.49
30m,18,0.28498674854743067,5576,5595,2.0,1745654400000.0,1807.8,1800.0,1806.39,1800.49,1841.16,1798.23,1828.4
30m,18,0.28498674854743067,5576,5595,3.0,1745656200000.0,1841.16,1798.23,1828.4,1800.49,1830.19,1800.82,1806.35
30m,18,0.28498674854743067,5576,5595,4.0,1745658000000.0,1830.19,1800.82,1828.39,1806.35,1815.67,1799.48,1807.5
30m,18,0.28498674854743067,5576,5595,5.0,1745659800000.0,1815.67,1799.48,1807.5,1806.35,1807.51,1792.96,1803.47
30m,18,0.28498674854743067,5576,5595,6.0,1745661600000.0,1807.51,1792.96,1807.5,1803.47,1811.07,1801.44,1806.54
30m,18,0.28498674854743067,5576,5595,7.0,1745663400000.0,1811.07,1801.44,1806.54,1803.48,1810.67,1803.89,1803.89
30m,18,0.28498674854743067,5576,5595,8.0,1745665200000.0,1810.67,1803.89,1806.54,1803.89,1806.39,1792.34,1793.15
30m,18,0.28498674854743067,5576,5595,9.0,1745667000000.0,1806.39,1792.34,1803.9,1793.15,1797.05,1778.94,1785.85
30m,18,0.28498674854743067,5576,5595,10.0,1745668800000.0,1797.05,1778.94,1793.15,1785.85,1799.28,1784.2,1797.32
30m,18,0.28498674854743067,5576,5595,11.0,1745670600000.0,1799.28,1784.2,1797.32,1785.86,1797.9,1791.69,1791.7
30m,18,0.28498674854743067,5576,5595,12.0,1745672400000.0,1797.9,1791.69,1797.32,1791.7,1795.5,1788.01,1788.5
30m,18,0.28498674854743067,5576,5595,13.0,1745674200000.0,1795.5,1788.01,1791.71,1788.5,1791.58,1780.1,1790.42
30m,18,0.28498674854743067,5576,5595,14.0,1745676000000.0,1791.58,1780.1,1790.42,1788.49,1793.17,1785.06,1792.49
30m,18,0.28498674854743067,5576,5595,15.0,1745677800000.0,1793.17,1785.06,1792.49,1790.41,1796.7,1790.84,1792.2
30m,18,0.28498674854743067,5576,5595,16.0,1745679600000.0,1796.7,1790.84,1792.49,1792.2,1803.94,1792.19,1802.41
30m,18,0.28498674854743067,5576,5595,17.0,1745681400000.0,1803.94,1792.19,1802.41,1792.2,1804.0,1797.89,1800.2
30m,18,0.28498674854743067,5576,5595,18.0,1745683200000.0,1804.0,1797.89,1802.4,1800.2,1803.4,1796.0,1803.11
30m,18,0.28498674854743067,5576,5595,19.0,1745685000000.0,1803.4,1796.0,1803.11,1800.2,1804.87,1795.86,1802.94
30m,19,0.2848392436462831,22776,22795,1.0,1776612600000.0,2341.49,2332.8,2338.09,2335.15,2336.0,2315.29,2330.8
30m,19,0.2848392436462831,22776,22795,2.0,1776614400000.0,2336.0,2315.29,2335.15,2330.8,2331.34,2318.33,2320.19
30m,19,0.2848392436462831,22776,22795,3.0,1776616200000.0,2331.34,2318.33,2330.8,2320.19,2325.67,2304.7,2311.68
30m,19,0.2848392436462831,22776,22795,4.0,1776618000000.0,2325.67,2304.7,2320.19,2311.68,2317.81,2296.0,2312.48
30m,19,0.2848392436462831,22776,22795,5.0,1776619800000.0,2317.81,2296.0,2312.48,2311.68,2316.24,2294.5,2296.59
30m,19,0.2848392436462831,22776,22795,6.0,1776621600000.0,2316.24,2294.5,2312.49,2296.59,2301.25,2290.22,2298.05
30m,19,0.2848392436462831,22776,22795,7.0,1776623400000.0,2301.25,2290.22,2298.05,2296.58,2298.94,2287.62,2295.78
30m,19,0.2848392436462831,22776,22795,8.0,1776625200000.0,2298.94,2287.62,2298.05,2295.78,2304.78,2294.42,2299.32
30m,19,0.2848392436462831,22776,22795,9.0,1776627000000.0,2304.78,2294.42,2299.32,2295.78,2302.71,2295.87,2299.65
30m,19,0.2848392436462831,22776,22795,10.0,1776628800000.0,2302.71,2295.87,2299.65,2299.32,2300.0,2288.62,2292.44
30m,19,0.2848392436462831,22776,22795,11.0,1776630600000.0,2300.0,2288.62,2299.66,2292.44,2296.97,2273.51,2280.61
30m,19,0.2848392436462831,22776,22795,12.0,1776632400000.0,2296.97,2273.51,2292.44,2280.61,2287.5,2279.21,2286.39
30m,19,0.2848392436462831,22776,22795,13.0,1776634200000.0,2287.5,2279.21,2286.39,2280.61,2290.34,2274.98,2276.09
30m,19,0.2848392436462831,22776,22795,14.0,1776636000000.0,2290.34,2274.98,2286.39,2276.09,2276.08,2252.72,2263.47
30m,19,0.2848392436462831,22776,22795,15.0,1776637800000.0,2276.08,2252.72,2276.08,2263.47,2275.54,2262.68,2269.79
30m,19,0.2848392436462831,22776,22795,16.0,1776639600000.0,2275.54,2262.68,2269.79,2263.48,2269.78,2256.33,2264.25
30m,19,0.2848392436462831,22776,22795,17.0,1776641400000.0,2269.78,2256.33,2269.78,2264.25,2270.4,2262.52,2263.27
30m,19,0.2848392436462831,22776,22795,18.0,1776643200000.0,2270.4,2262.52,2264.25,2263.27,2277.73,2259.67,2276.51
30m,19,0.2848392436462831,22776,22795,19.0,1776645000000.0,2277.73,2259.67,2276.51,2263.28,2283.14,2273.7,2280.01
30m,20,0.2842909045817305,22778,22797,1.0,1776616200000.0,2331.34,2318.33,2330.8,2320.19,2325.67,2304.7,2311.68
30m,20,0.2842909045817305,22778,22797,2.0,1776618000000.0,2325.67,2304.7,2320.19,2311.68,2317.81,2296.0,2312.48
30m,20,0.2842909045817305,22778,22797,3.0,1776619800000.0,2317.81,2296.0,2312.48,2311.68,2316.24,2294.5,2296.59
30m,20,0.2842909045817305,22778,22797,4.0,1776621600000.0,2316.24,2294.5,2312.49,2296.59,2301.25,2290.22,2298.05
30m,20,0.2842909045817305,22778,22797,5.0,1776623400000.0,2301.25,2290.22,2298.05,2296.58,2298.94,2287.62,2295.78
30m,20,0.2842909045817305,22778,22797,6.0,1776625200000.0,2298.94,2287.62,2298.05,2295.78,2304.78,2294.42,2299.32
30m,20,0.2842909045817305,22778,22797,7.0,1776627000000.0,2304.78,2294.42,2299.32,2295.78,2302.71,2295.87,2299.65
30m,20,0.2842909045817305,22778,22797,8.0,1776628800000.0,2302.71,2295.87,2299.65,2299.32,2300.0,2288.62,2292.44
30m,20,0.2842909045817305,22778,22797,9.0,1776630600000.0,2300.0,2288.62,2299.66,2292.44,2296.97,2273.51,2280.61
30m,20,0.2842909045817305,22778,22797,10.0,1776632400000.0,2296.97,2273.51,2292.44,2280.61,2287.5,2279.21,2286.39
30m,20,0.2842909045817305,22778,22797,11.0,1776634200000.0,2287.5,2279.21,2286.39,2280.61,2290.34,2274.98,2276.09
30m,20,0.2842909045817305,22778,22797,12.0,1776636000000.0,2290.34,2274.98,2286.39,2276.09,2276.08,2252.72,2263.47
30m,20,0.2842909045817305,22778,22797,13.0,1776637800000.0,2276.08,2252.72,2276.08,2263.47,2275.54,2262.68,2269.79
30m,20,0.2842909045817305,22778,22797,14.0,1776639600000.0,2275.54,2262.68,2269.79,2263.48,2269.78,2256.33,2264.25
30m,20,0.2842909045817305,22778,22797,15.0,1776641400000.0,2269.78,2256.33,2269.78,2264.25,2270.4,2262.52,2263.27
30m,20,0.2842909045817305,22778,22797,16.0,1776643200000.0,2270.4,2262.52,2264.25,2263.27,2277.73,2259.67,2276.51
30m,20,0.2842909045817305,22778,22797,17.0,1776645000000.0,2277.73,2259.67,2276.51,2263.28,2283.14,2273.7,2280.01
30m,20,0.2842909045817305,22778,22797,18.0,1776646800000.0,2283.14,2273.7,2280.01,2276.5,2284.95,2278.2,2280.73
30m,20,0.2842909045817305,22778,22797,19.0,1776648600000.0,2284.95,2278.2,2280.73,2280.02,2294.3,2280.72,2286.17
30m,21,0.28365008375669837,23201,23220,1.0,1777377600000.0,2276.84,2270.36,2276.59,2275.32,2281.29,2272.93,2273.54
30m,21,0.28365008375669837,23201,23220,2.0,1777379400000.0,2281.29,2272.93,2275.32,2273.54,2279.7,2271.59,2278.23
30m,21,0.28365008375669837,23201,23220,3.0,1777381200000.0,2279.7,2271.59,2278.23,2273.54,2278.23,2258.24,2272.0
30m,21,0.28365008375669837,23201,23220,4.0,1777383000000.0,2278.23,2258.24,2278.23,2272.0,2286.2,2265.51,2276.36
30m,21,0.28365008375669837,23201,23220,5.0,1777384800000.0,2286.2,2265.51,2276.36,2272.0,2276.63,2263.73,2266.98
30m,21,0.28365008375669837,23201,23220,6.0,1777386600000.0,2276.63,2263.73,2276.37,2266.98,2273.44,2261.0,2273.44
30m,21,0.28365008375669837,23201,23220,7.0,1777388400000.0,2273.44,2261.0,2273.44,2266.98,2277.39,2269.22,2273.35
30m,21,0.28365008375669837,23201,23220,8.0,1777390200000.0,2277.39,2269.22,2273.44,2273.35,2280.61,2270.2,2279.76
30m,21,0.28365008375669837,23201,23220,9.0,1777392000000.0,2280.61,2270.2,2279.76,2273.35,2281.68,2276.0,2277.56
30m,21,0.28365008375669837,23201,23220,10.0,1777393800000.0,2281.68,2276.0,2279.76,2277.56,2288.38,2274.38,2286.18
30m,21,0.28365008375669837,23201,23220,11.0,1777395600000.0,2288.38,2274.38,2286.18,2277.56,2288.57,2278.99,2285.28
30m,21,0.28365008375669837,23201,23220,12.0,1777397400000.0,2288.57,2278.99,2286.18,2285.28,2293.38,2285.27,2290.73
30m,21,0.28365008375669837,23201,23220,13.0,1777399200000.0,2293.38,2285.27,2290.73,2285.28,2295.59,2287.9,2294.41
30m,21,0.28365008375669837,23201,23220,14.0,1777401000000.0,2295.59,2287.9,2294.41,2290.73,2298.31,2288.63,2296.96
30m,21,0.28365008375669837,23201,23220,15.0,1777402800000.0,2298.31,2288.63,2296.96,2294.4,2297.17,2290.26,2292.1
30m,21,0.28365008375669837,23201,23220,16.0,1777404600000.0,2297.17,2290.26,2296.96,2292.1,2305.55,2291.24,2301.96
30m,21,0.28365008375669837,23201,23220,17.0,1777406400000.0,2305.55,2291.24,2301.96,2292.1,2305.95,2297.22,2297.48
30m,21,0.28365008375669837,23201,23220,18.0,1777408200000.0,2305.95,2297.22,2301.96,2297.48,2298.98,2295.52,2295.55
30m,21,0.28365008375669837,23201,23220,19.0,1777410000000.0,2298.98,2295.52,2297.48,2295.55,2297.2,2287.67,2287.83
30m,22,0.2833594003883669,9151,9170,1.0,1752087600000.0,2721.19,2708.78,2719.12,2718.33,2744.99,2717.02,2742.74
30m,22,0.2833594003883669,9151,9170,2.0,1752089400000.0,2744.99,2717.02,2742.74,2718.34,2795.74,2736.49,2765.01
30m,22,0.2833594003883669,9151,9170,3.0,1752091200000.0,2795.74,2736.49,2765.01,2742.74,2766.91,2738.84,2745.56
30m,22,0.2833594003883669,9151,9170,4.0,1752093000000.0,2766.91,2738.84,2765.01,2745.56,2745.57,2731.72,2738.03
30m,22,0.2833594003883669,9151,9170,5.0,1752094800000.0,2745.57,2731.72,2745.56,2738.03,2753.71,2735.44,2751.38
30m,22,0.2833594003883669,9151,9170,6.0,1752096600000.0,2753.71,2735.44,2751.38,2738.02,2758.66,2742.36,2753.26
30m,22,0.2833594003883669,9151,9170,7.0,1752098400000.0,2758.66,2742.36,2753.26,2751.38,2780.44,2753.27,2765.14
30m,22,0.2833594003883669,9151,9170,8.0,1752100200000.0,2780.44,2753.27,2765.14,2753.27,2782.9,2762.95,2780.0
30m,22,0.2833594003883669,9151,9170,9.0,1752102000000.0,2782.9,2762.95,2780.0,2765.14,2783.16,2771.81,2777.16
30m,22,0.2833594003883669,9151,9170,10.0,1752103800000.0,2783.16,2771.81,2780.01,2777.16,2779.96,2766.5,2768.74
30m,22,0.2833594003883669,9151,9170,11.0,1752105600000.0,2779.96,2766.5,2777.17,2768.74,2773.3,2764.19,2766.66
30m,22,0.2833594003883669,9151,9170,12.0,1752107400000.0,2773.3,2764.19,2768.74,2766.66,2770.41,2756.67,2756.67
30m,22,0.2833594003883669,9151,9170,13.0,1752109200000.0,2770.41,2756.67,2766.66,2756.67,2774.43,2755.5,2770.27
30m,22,0.2833594003883669,9151,9170,14.0,1752111000000.0,2774.43,2755.5,2770.27,2756.66,2778.22,2767.73,2774.38
30m,22,0.2833594003883669,9151,9170,15.0,1752112800000.0,2778.22,2767.73,2774.38,2770.27,2798.0,2773.74,2785.0
30m,22,0.2833594003883669,9151,9170,16.0,1752114600000.0,2798.0,2773.74,2785.0,2774.38,2789.26,2776.32,2783.43
30m,22,0.2833594003883669,9151,9170,17.0,1752116400000.0,2789.26,2776.32,2785.0,2783.43,2790.73,2776.47,2777.93
30m,22,0.2833594003883669,9151,9170,18.0,1752118200000.0,2790.73,2776.47,2783.42,2777.93,2779.2,2770.87,2776.13
30m,22,0.2833594003883669,9151,9170,19.0,1752120000000.0,2779.2,2770.87,2777.93,2776.13,2776.13,2765.53,2771.23
30m,23,0.2832571308770032,26537,26556,1.0,1783382400000.0,1804.67,1797.55,1803.51,1799.56,1810.16,1794.86,1806.04
30m,23,0.2832571308770032,26537,26556,2.0,1783384200000.0,1810.16,1794.86,1806.04,1799.56,1807.79,1798.32,1803.74
30m,23,0.2832571308770032,26537,26556,3.0,1783386000000.0,1807.79,1798.32,1806.05,1803.74,1803.74,1787.35,1791.75
30m,23,0.2832571308770032,26537,26556,4.0,1783387800000.0,1803.74,1787.35,1803.74,1791.75,1797.9,1788.1,1792.64
30m,23,0.2832571308770032,26537,26556,5.0,1783389600000.0,1797.9,1788.1,1792.64,1791.76,1794.48,1778.11,1779.92
30m,23,0.2832571308770032,26537,26556,6.0,1783391400000.0,1794.48,1778.11,1792.65,1779.92,1784.73,1777.0,1778.57
30m,23,0.2832571308770032,26537,26556,7.0,1783393200000.0,1784.73,1777.0,1779.93,1778.57,1781.56,1773.41,1774.15
30m,23,0.2832571308770032,26537,26556,8.0,1783395000000.0,1781.56,1773.41,1778.57,1774.15,1775.66,1768.85,1771.56
30m,23,0.2832571308770032,26537,26556,9.0,1783396800000.0,1775.66,1768.85,1774.15,1771.56,1773.71,1768.6,1771.88
30m,23,0.2832571308770032,26537,26556,10.0,1783398600000.0,1773.71,1768.6,1771.88,1771.55,1772.21,1762.66,1766.53
30m,23,0.2832571308770032,26537,26556,11.0,1783400400000.0,1772.21,1762.66,1771.88,1766.53,1767.31,1757.57,1761.41
30m,23,0.2832571308770032,26537,26556,12.0,1783402200000.0,1767.31,1757.57,1766.52,1761.41,1773.71,1761.41,1770.58
30m,23,0.2832571308770032,26537,26556,13.0,1783404000000.0,1773.71,1761.41,1770.58,1761.41,1774.05,1764.84,1770.89
30m,23,0.2832571308770032,26537,26556,14.0,1783405800000.0,1774.05,1764.84,1770.89,1770.57,1782.39,1769.82,1779.11
30m,23,0.2832571308770032,26537,26556,15.0,1783407600000.0,1782.39,1769.82,1779.11,1770.89,1782.59,1777.23,1778.12
30m,23,0.2832571308770032,26537,26556,16.0,1783409400000.0,1782.59,1777.23,1779.11,1778.12,1778.94,1771.08,1771.24
30m,23,0.2832571308770032,26537,26556,17.0,1783411200000.0,1778.94,1771.08,1778.11,1771.24,1775.8,1768.6,1772.14
30m,23,0.2832571308770032,26537,26556,18.0,1783413000000.0,1775.8,1768.6,1772.14,1771.23,1772.83,1768.37,1770.78
30m,23,0.2832571308770032,26537,26556,19.0,1783414800000.0,1772.83,1768.37,1772.14,1770.78,1775.0,1768.81,1773.29
30m,24,0.2830701711383585,18035,18054,1.0,1768078800000.0,3093.16,3089.05,3091.58,3089.71,3090.1,3084.46,3089.24
30m,24,0.2830701711383585,18035,18054,2.0,1768080600000.0,3090.1,3084.46,3089.71,3089.24,3090.15,3085.69,3086.09
30m,24,0.2830701711383585,18035,18054,3.0,1768082400000.0,3090.15,3085.69,3089.25,3086.09,3086.09,3078.71,3082.92
30m,24,0.2830701711383585,18035,18054,4.0,1768084200000.0,3086.09,3078.71,3086.09,3082.92,3089.51,3080.42,3080.74
30m,24,0.2830701711383585,18035,18054,5.0,1768086000000.0,3089.51,3080.42,3082.92,3080.74,3087.24,3079.93,3087.23
30m,24,0.2830701711383585,18035,18054,6.0,1768087800000.0,3087.24,3079.93,3087.23,3080.73,3089.56,3085.57,3086.72
30m,24,0.2830701711383585,18035,18054,7.0,1768089600000.0,3089.56,3085.57,3087.23,3086.72,3091.43,3084.46,3091.27
30m,24,0.2830701711383585,18035,18054,8.0,1768091400000.0,3091.43,3084.46,3091.27,3086.72,3092.71,3087.97,3091.98
30m,24,0.2830701711383585,18035,18054,9.0,1768093200000.0,3092.71,3087.97,3091.98,3091.26,3094.02,3089.64,3092.03
30m,24,0.2830701711383585,18035,18054,10.0,1768095000000.0,3094.02,3089.64,3092.03,3091.98,3095.32,3089.65,3095.31
30m,24,0.2830701711383585,18035,18054,11.0,1768096800000.0,3095.32,3089.65,3095.31,3092.03,3097.29,3093.26,3094.94
30m,24,0.2830701711383585,18035,18054,12.0,1768098600000.0,3097.29,3093.26,3095.32,3094.94,3095.59,3092.02,3092.49
30m,24,0.2830701711383585,18035,18054,13.0,1768100400000.0,3095.59,3092.02,3094.95,3092.49,3096.27,3091.87,3094.81
30m,24,0.2830701711383585,18035,18054,14.0,1768102200000.0,3096.27,3091.87,3094.81,3092.5,3097.53,3093.67,3096.78
30m,24,0.2830701711383585,18035,18054,15.0,1768104000000.0,3097.53,3093.67,3096.78,3094.8,3098.56,3094.72,3095.41
30m,24,0.2830701711383585,18035,18054,16.0,1768105800000.0,3098.56,3094.72,3096.78,3095.41,3099.01,3095.31,3098.22
30m,24,0.2830701711383585,18035,18054,17.0,1768107600000.0,3099.01,3095.31,3098.22,3095.41,3099.0,3096.43,3097.3
30m,24,0.2830701711383585,18035,18054,18.0,1768109400000.0,3099.0,3096.43,3098.23,3097.3,3102.42,3097.29,3099.32
30m,24,0.2830701711383585,18035,18054,19.0,1768111200000.0,3102.42,3097.29,3099.32,3097.29,3101.15,3090.0,3093.91
30m,25,0.282825276690335,10156,10175,1.0,1753896600000.0,3811.61,3791.91,3803.64,3795.92,3815.0,3798.69,3805.14
30m,25,0.282825276690335,10156,10175,2.0,1753898400000.0,3815.0,3798.69,3805.14,3803.63,3822.0,3779.87,3807.56
30m,25,0.282825276690335,10156,10175,3.0,1753900200000.0,3822.0,3779.87,3807.56,3805.15,3813.84,3737.0,3738.37
30m,25,0.282825276690335,10156,10175,4.0,1753902000000.0,3813.84,3737.0,3807.56,3738.37,3738.37,3677.65,3722.22
30m,25,0.282825276690335,10156,10175,5.0,1753903800000.0,3738.37,3677.65,3738.37,3722.22,3772.94,3713.61,3760.68
30m,25,0.282825276690335,10156,10175,6.0,1753905600000.0,3772.94,3713.61,3760.68,3722.22,3787.63,3757.25,3768.84
30m,25,0.282825276690335,10156,10175,7.0,1753907400000.0,3787.63,3757.25,3768.84,3760.67,3779.2,3758.44,3770.64
30m,25,0.282825276690335,10156,10175,8.0,1753909200000.0,3779.2,3758.44,3770.64,3768.83,3775.16,3751.79,3751.79
30m,25,0.282825276690335,10156,10175,9.0,1753911000000.0,3775.16,3751.79,3770.64,3751.79,3767.7,3742.79,3763.1
30m,25,0.282825276690335,10156,10175,10.0,1753912800000.0,3767.7,3742.79,3763.1,3751.79,3771.42,3756.25,3761.39
30m,25,0.282825276690335,10156,10175,11.0,1753914600000.0,3771.42,3756.25,3763.09,3761.39,3766.27,3756.06,3764.02
30m,25,0.282825276690335,10156,10175,12.0,1753916400000.0,3766.27,3756.06,3764.02,3761.38,3789.0,3763.04,3789.0
30m,25,0.282825276690335,10156,10175,13.0,1753918200000.0,3789.0,3763.04,3789.0,3764.01,3811.93,3788.5,3810.0
30m,25,0.282825276690335,10156,10175,14.0,1753920000000.0,3811.93,3788.5,3810.0,3788.99,3825.52,3801.53,3825.2
30m,25,0.282825276690335,10156,10175,15.0,1753921800000.0,3825.52,3801.53,3825.2,3810.0,3849.99,3820.0,3843.92
30m,25,0.282825276690335,10156,10175,16.0,1753923600000.0,3849.99,3820.0,3843.92,3825.2,3846.63,3829.37,3846.63
30m,25,0.282825276690335,10156,10175,17.0,1753925400000.0,3846.63,3829.37,3846.63,3843.93,3850.62,3832.48,3838.0
30m,25,0.282825276690335,10156,10175,18.0,1753927200000.0,3850.62,3832.48,3846.63,3838.0,3846.09,3831.96,3844.01
30m,25,0.282825276690335,10156,10175,19.0,1753929000000.0,3846.09,3831.96,3844.01,3837.99,3864.49,3844.01,3862.92
1h,1,0.3469396595048701,2337,2356,1.0,1690030800000.0,1888.4,1885.0,1888.01,1885.32,1887.69,1885.32,1886.98
1h,1,0.3469396595048701,2337,2356,2.0,1690034400000.0,1887.69,1885.32,1886.98,1885.32,1890.25,1886.01,1887.84
1h,1,0.3469396595048701,2337,2356,3.0,1690038000000.0,1890.25,1886.01,1887.84,1886.99,1889.61,1886.18,1888.65
1h,1,0.3469396595048701,2337,2356,4.0,1690041600000.0,1889.61,1886.18,1888.65,1887.85,1890.59,1887.31,1889.53
1h,1,0.3469396595048701,2337,2356,5.0,1690045200000.0,1890.59,1887.31,1889.53,1888.64,1889.54,1884.6,1885.11
1h,1,0.3469396595048701,2337,2356,6.0,1690048800000.0,1889.54,1884.6,1889.54,1885.11,1885.12,1882.02,1883.45
1h,1,0.3469396595048701,2337,2356,7.0,1690052400000.0,1885.12,1882.02,1885.11,1883.45,1888.13,1883.0,1887.28
1h,1,0.3469396595048701,2337,2356,8.0,1690056000000.0,1888.13,1883.0,1887.28,1883.44,1888.54,1885.83,1887.38
1h,1,0.3469396595048701,2337,2356,9.0,1690059600000.0,1888.54,1885.83,1887.38,1887.28,1888.3,1885.88,1886.98
1h,1,0.3469396595048701,2337,2356,10.0,1690063200000.0,1888.3,1885.88,1887.38,1886.98,1888.29,1882.5,1884.16
1h,1,0.3469396595048701,2337,2356,11.0,1690066800000.0,1888.29,1882.5,1886.98,1884.16,1884.48,1851.18,1866.52
1h,1,0.3469396595048701,2337,2356,12.0,1690070400000.0,1884.48,1851.18,1884.16,1866.52,1867.5,1857.82,1862.35
1h,1,0.3469396595048701,2337,2356,13.0,1690074000000.0,1867.5,1857.82,1866.52,1862.35,1871.5,1862.35,1869.8
1h,1,0.3469396595048701,2337,2356,14.0,1690077600000.0,1871.5,1862.35,1869.8,1862.35,1873.4,1867.12,1872.07
1h,1,0.3469396595048701,2337,2356,15.0,1690081200000.0,1873.4,1867.12,1872.07,1869.8,1872.42,1868.82,1869.28
1h,1,0.3469396595048701,2337,2356,16.0,1690084800000.0,1872.42,1868.82,1872.08,1869.28,1875.15,1869.27,1874.51
1h,1,0.3469396595048701,2337,2356,17.0,1690088400000.0,1875.15,1869.27,1874.51,1869.28,1879.14,1873.07,1875.0
1h,1,0.3469396595048701,2337,2356,18.0,1690092000000.0,1879.14,1873.07,1875.0,1874.51,1875.74,1873.0,1874.3
1h,1,0.3469396595048701,2337,2356,19.0,1690095600000.0,1875.74,1873.0,1875.0,1874.3,1875.04,1872.54,1875.04
1h,2,0.32963494706688234,20761,20780,1.0,1756357200000.0,4580.47,4534.99,4571.1,4541.62,4588.22,4553.4,4570.84
1h,2,0.32963494706688234,20761,20780,2.0,1756360800000.0,4588.22,4553.4,4571.1,4570.84,4586.66,4555.01,4583.99
1h,2,0.32963494706688234,20761,20780,3.0,1756364400000.0,4586.66,4555.01,4583.99,4570.84,4600.85,4566.25,4596.82
1h,2,0.32963494706688234,20761,20780,4.0,1756368000000.0,4600.85,4566.25,4596.82,4584.0,4633.97,4595.0,4604.34
1h,2,0.32963494706688234,20761,20780,5.0,1756371600000.0,4633.97,4595.0,4604.34,4596.82,4605.0,4581.28,4586.5
1h,2,0.32963494706688234,20761,20780,6.0,1756375200000.0,4605.0,4581.28,4604.33,4586.5,4612.79,4581.98,4610.0
1h,2,0.32963494706688234,20761,20780,7.0,1756378800000.0,4612.79,4581.98,4610.0,4586.49,4610.5,4583.95,4594.8
1h,2,0.32963494706688234,20761,20780,8.0,1756382400000.0,4610.5,4583.95,4610.0,4594.8,4614.44,4575.38,4599.87
1h,2,0.32963494706688234,20761,20780,9.0,1756386000000.0,4614.44,4575.38,4599.87,4594.79,4616.02,4563.07,4575.17
1h,2,0.32963494706688234,20761,20780,10.0,1756389600000.0,4616.02,4563.07,4599.87,4575.17,4592.69,4544.48,4567.63
1h,2,0.32963494706688234,20761,20780,11.0,1756393200000.0,4592.69,4544.48,4575.21,4567.63,4573.81,4485.0,4504.01
1h,2,0.32963494706688234,20761,20780,12.0,1756396800000.0,4573.81,4485.0,4567.63,4504.01,4530.5,4459.02,4465.11
1h,2,0.32963494706688234,20761,20780,13.0,1756400400000.0,4530.5,4459.02,4504.01,4465.11,4497.71,4463.98,4489.77
1h,2,0.32963494706688234,20761,20780,14.0,1756404000000.0,4497.71,4463.98,4489.77,4465.12,4508.27,4473.88,4481.3
1h,2,0.32963494706688234,20761,20780,15.0,1756407600000.0,4508.27,4473.88,4489.77,4481.3,4492.82,4436.34,4438.46
1h,2,0.32963494706688234,20761,20780,16.0,1756411200000.0,4492.82,4436.34,4481.3,4438.46,4470.46,4430.0,4458.69
1h,2,0.32963494706688234,20761,20780,17.0,1756414800000.0,4470.46,4430.0,4458.69,4438.49,4492.02,4457.18,4488.4
1h,2,0.32963494706688234,20761,20780,18.0,1756418400000.0,4492.02,4457.18,4488.4,4458.69,4515.78,4488.39,4506.47
1h,2,0.32963494706688234,20761,20780,19.0,1756422000000.0,4515.78,4488.39,4506.47,4488.4,4514.84,4493.61,4511.21
1h,3,0.3264616344767954,15506,15525,1.0,1737439200000.0,3254.13,3217.07,3247.15,3225.13,3254.2,3213.03,3241.99
1h,3,0.3264616344767954,15506,15525,2.0,1737442800000.0,3254.2,3213.03,3241.99,3225.14,3266.24,3235.37,3254.7
1h,3,0.3264616344767954,15506,15525,3.0,1737446400000.0,3266.24,3235.37,3254.7,3241.99,3263.28,3234.48,3254.14
1h,3,0.3264616344767954,15506,15525,4.0,1737450000000.0,3263.28,3234.48,3254.7,3254.14,3277.0,3250.92,3276.66
1h,3,0.3264616344767954,15506,15525,5.0,1737453600000.0,3277.0,3250.92,3276.66,3254.13,3310.0,3271.39,3303.11
1h,3,0.3264616344767954,15506,15525,6.0,1737457200000.0,3310.0,3271.39,3303.11,3276.66,3314.0,3292.71,3305.07
1h,3,0.3264616344767954,15506,15525,7.0,1737460800000.0,3314.0,3292.71,3305.07,3303.09,3326.74,3293.59,3307.19
1h,3,0.3264616344767954,15506,15525,8.0,1737464400000.0,3326.74,3293.59,3307.19,3305.07,3314.99,3290.0,3309.68
1h,3,0.3264616344767954,15506,15525,9.0,1737468000000.0,3314.99,3290.0,3309.68,3307.19,3335.44,3279.09,3289.41
1h,3,0.3264616344767954,15506,15525,10.0,1737471600000.0,3335.44,3279.09,3309.69,3289.41,3302.09,3265.11,3295.1
1h,3,0.3264616344767954,15506,15525,11.0,1737475200000.0,3302.09,3265.11,3295.1,3289.42,3349.17,3290.5,3313.85
1h,3,0.3264616344767954,15506,15525,12.0,1737478800000.0,3349.17,3290.5,3313.85,3295.1,3356.59,3307.81,3351.0
1h,3,0.3264616344767954,15506,15525,13.0,1737482400000.0,3356.59,3307.81,3351.0,3313.85,3368.0,3330.74,3345.76
1h,3,0.3264616344767954,15506,15525,14.0,1737486000000.0,3368.0,3330.74,3351.0,3345.76,3346.63,3318.0,3332.16
1h,3,0.3264616344767954,15506,15525,15.0,1737489600000.0,3346.63,3318.0,3345.75,3332.16,3339.49,3304.01,3314.39
1h,3,0.3264616344767954,15506,15525,16.0,1737493200000.0,3339.49,3304.01,3332.16,3314.39,3336.5,3302.03,3331.9
1h,3,0.3264616344767954,15506,15525,17.0,1737496800000.0,3336.5,3302.03,3331.9,3314.39,3347.12,3326.7,3333.74
1h,3,0.3264616344767954,15506,15525,18.0,1737500400000.0,3347.12,3326.7,3333.74,3331.9,3334.89,3308.11,3327.54
1h,3,0.3264616344767954,15506,15525,19.0,1737504000000.0,3334.89,3308.11,3333.75,3327.54,3365.99,3323.37,3361.54
1h,4,0.3228648242563793,18791,18810,1.0,1749265200000.0,2482.0,2468.35,2479.99,2471.3,2493.47,2477.51,2488.98
1h,4,0.3228648242563793,18791,18810,2.0,1749268800000.0,2493.47,2477.51,2488.98,2479.98,2490.95,2480.0,2490.04
1h,4,0.3228648242563793,18791,18810,3.0,1749272400000.0,2490.95,2480.0,2490.04,2488.99,2497.0,2485.5,2494.0
1h,4,0.3228648242563793,18791,18810,4.0,1749276000000.0,2497.0,2485.5,2494.0,2490.04,2501.47,2484.42,2501.34
1h,4,0.3228648242563793,18791,18810,5.0,1749279600000.0,2501.47,2484.42,2501.34,2494.0,2502.0,2487.5,2491.28
1h,4,0.3228648242563793,18791,18810,6.0,1749283200000.0,2502.0,2487.5,2501.34,2491.28,2492.23,2482.11,2483.87
1h,4,0.3228648242563793,18791,18810,7.0,1749286800000.0,2492.23,2482.11,2491.27,2483.87,2490.41,2483.2,2485.8
1h,4,0.3228648242563793,18791,18810,8.0,1749290400000.0,2490.41,2483.2,2485.8,2483.88,2496.94,2484.61,2495.01
1h,4,0.3228648242563793,18791,18810,9.0,1749294000000.0,2496.94,2484.61,2495.01,2485.8,2501.4,2492.82,2495.75
1h,4,0.3228648242563793,18791,18810,10.0,1749297600000.0,2501.4,2492.82,2495.75,2495.01,2507.28,2493.57,2497.85
1h,4,0.3228648242563793,18791,18810,11.0,1749301200000.0,2507.28,2493.57,2497.85,2495.76,2514.48,2492.81,2507.4
1h,4,0.3228648242563793,18791,18810,12.0,1749304800000.0,2514.48,2492.81,2507.4,2497.85,2518.31,2505.0,2515.65
1h,4,0.3228648242563793,18791,18810,13.0,1749308400000.0,2518.31,2505.0,2515.65,2507.4,2523.61,2513.0,2519.75
1h,4,0.3228648242563793,18791,18810,14.0,1749312000000.0,2523.61,2513.0,2519.75,2515.66,2525.79,2508.54,2510.18
1h,4,0.3228648242563793,18791,18810,15.0,1749315600000.0,2525.79,2508.54,2519.75,2510.18,2513.64,2506.69,2508.01
1h,4,0.3228648242563793,18791,18810,16.0,1749319200000.0,2513.64,2506.69,2510.17,2508.01,2523.45,2507.41,2516.98
1h,4,0.3228648242563793,18791,18810,17.0,1749322800000.0,2523.45,2507.41,2516.98,2508.0,2523.8,2516.58,2517.31
1h,4,0.3228648242563793,18791,18810,18.0,1749326400000.0,2523.8,2516.58,2517.31,2516.99,2525.56,2517.3,2521.97
1h,4,0.3228648242563793,18791,18810,19.0,1749330000000.0,2525.56,2517.3,2521.97,2517.3,2523.58,2518.26,2522.13
1h,5,0.3220890508222792,17447,17466,1.0,1744426800000.0,1557.29,1546.06,1554.67,1547.76,1559.6,1546.85,1554.4
1h,5,0.3220890508222792,17447,17466,2.0,1744430400000.0,1559.6,1546.85,1554.4,1547.76,1570.51,1550.5,1567.52
1h,5,0.3220890508222792,17447,17466,3.0,1744434000000.0,1570.51,1550.5,1567.52,1554.4,1572.54,1564.72,1568.56
1h,5,0.3220890508222792,17447,17466,4.0,1744437600000.0,1572.54,1564.72,1568.56,1567.52,1578.82,1568.57,1573.85
1h,5,0.3220890508222792,17447,17466,5.0,1744441200000.0,1578.82,1568.57,1573.85,1568.57,1585.23,1571.44,1582.05
1h,5,0.3220890508222792,17447,17466,6.0,1744444800000.0,1585.23,1571.44,1582.05,1573.86,1606.41,1581.0,1591.76
1h,5,0.3220890508222792,17447,17466,7.0,1744448400000.0,1606.41,1581.0,1591.76,1582.04,1602.53,1588.69,1597.5
1h,5,0.3220890508222792,17447,17466,8.0,1744452000000.0,1602.53,1588.69,1597.5,1591.76,1597.74,1587.8,1592.02
1h,5,0.3220890508222792,17447,17466,9.0,1744455600000.0,1597.74,1587.8,1597.51,1592.02,1598.52,1592.02,1594.06
1h,5,0.3220890508222792,17447,17466,10.0,1744459200000.0,1598.52,1592.02,1594.06,1592.02,1616.9,1590.7,1607.22
1h,5,0.3220890508222792,17447,17466,11.0,1744462800000.0,1616.9,1590.7,1607.22,1594.06,1646.99,1606.07,1638.76
1h,5,0.3220890508222792,17447,17466,12.0,1744466400000.0,1646.99,1606.07,1638.76,1607.23,1669.59,1635.48,1653.85
1h,5,0.3220890508222792,17447,17466,13.0,1744470000000.0,1669.59,1635.48,1653.85,1638.75,1667.26,1648.19,1655.87
1h,5,0.3220890508222792,17447,17466,14.0,1744473600000.0,1667.26,1648.19,1655.87,1653.84,1662.33,1637.4,1643.72
1h,5,0.3220890508222792,17447,17466,15.0,1744477200000.0,1662.33,1637.4,1655.88,1643.72,1647.15,1628.24,1633.82
1h,5,0.3220890508222792,17447,17466,16.0,1744480800000.0,1647.15,1628.24,1643.72,1633.82,1654.89,1633.34,1650.66
1h,5,0.3220890508222792,17447,17466,17.0,1744484400000.0,1654.89,1633.34,1650.66,1633.82,1651.46,1634.85,1642.63
1h,5,0.3220890508222792,17447,17466,18.0,1744488000000.0,1651.46,1634.85,1650.67,1642.63,1659.93,1641.24,1649.24
1h,5,0.3220890508222792,17447,17466,19.0,1744491600000.0,1659.93,1641.24,1649.24,1642.64,1654.94,1645.57,1647.35
1h,6,0.3215883423269641,25464,25483,1.0,1773288000000.0,2035.08,2017.59,2024.66,2023.38,2029.73,2021.27,2023.09
1h,6,0.3215883423269641,25464,25483,2.0,1773291600000.0,2029.73,2021.27,2023.39,2023.09,2028.3,2019.33,2026.85
1h,6,0.3215883423269641,25464,25483,3.0,1773295200000.0,2028.3,2019.33,2026.85,2023.08,2031.8,2024.64,2030.38
1h,6,0.3215883423269641,25464,25483,4.0,1773298800000.0,2031.8,2024.64,2030.38,2026.86,2042.26,2025.66,2040.7
1h,6,0.3215883423269641,25464,25483,5.0,1773302400000.0,2042.26,2025.66,2040.7,2030.38,2052.59,2038.42,2047.8
1h,6,0.3215883423269641,25464,25483,6.0,1773306000000.0,2052.59,2038.42,2047.8,2040.69,2065.61,2038.49,2055.65
1h,6,0.3215883423269641,25464,25483,7.0,1773309600000.0,2065.61,2038.49,2055.65,2047.79,2075.49,2052.5,2069.86
1h,6,0.3215883423269641,25464,25483,8.0,1773313200000.0,2075.49,2052.5,2069.86,2055.66,2076.65,2058.21,2062.83
1h,6,0.3215883423269641,25464,25483,9.0,1773316800000.0,2076.65,2058.21,2069.87,2062.83,2071.08,2057.81,2065.37
1h,6,0.3215883423269641,25464,25483,10.0,1773320400000.0,2071.08,2057.81,2065.37,2062.83,2080.0,2051.44,2065.35
1h,6,0.3215883423269641,25464,25483,11.0,1773324000000.0,2080.0,2051.44,2065.37,2065.35,2095.0,2037.79,2045.35
1h,6,0.3215883423269641,25464,25483,12.0,1773327600000.0,2095.0,2037.79,2065.35,2045.35,2082.0,2039.05,2072.33
1h,6,0.3215883423269641,25464,25483,13.0,1773331200000.0,2082.0,2039.05,2072.33,2045.34,2078.09,2056.33,2069.63
1h,6,0.3215883423269641,25464,25483,14.0,1773334800000.0,2078.09,2056.33,2072.33,2069.63,2075.24,2055.32,2058.4
1h,6,0.3215883423269641,25464,25483,15.0,1773338400000.0,2075.24,2055.32,2069.62,2058.4,2062.1,2046.78,2048.78
1h,6,0.3215883423269641,25464,25483,16.0,1773342000000.0,2062.1,2046.78,2058.41,2048.78,2073.5,2045.42,2069.59
1h,6,0.3215883423269641,25464,25483,17.0,1773345600000.0,2073.5,2045.42,2069.59,2048.77,2073.81,2060.35,2062.57
1h,6,0.3215883423269641,25464,25483,18.0,1773349200000.0,2073.81,2060.35,2069.6,2062.57,2069.19,2057.28,2062.61
1h,6,0.3215883423269641,25464,25483,19.0,1773352800000.0,2069.19,2057.28,2062.61,2062.58,2067.54,2054.99,2065.3
1h,7,0.3206679373255908,12192,12211,1.0,1725508800000.0,2446.06,2404.28,2446.06,2405.55,2418.47,2401.77,2414.08
1h,7,0.3206679373255908,12192,12211,2.0,1725512400000.0,2418.47,2401.77,2414.08,2405.56,2414.93,2402.22,2409.64
1h,7,0.3206679373255908,12192,12211,3.0,1725516000000.0,2414.93,2402.22,2414.08,2409.64,2410.23,2376.72,2399.04
1h,7,0.3206679373255908,12192,12211,4.0,1725519600000.0,2410.23,2376.72,2409.64,2399.04,2417.2,2397.6,2412.4
1h,7,0.3206679373255908,12192,12211,5.0,1725523200000.0,2417.2,2397.6,2412.4,2399.03,2416.35,2398.46,2406.87
1h,7,0.3206679373255908,12192,12211,6.0,1725526800000.0,2416.35,2398.46,2412.41,2406.87,2407.0,2385.65,2392.21
1h,7,0.3206679373255908,12192,12211,7.0,1725530400000.0,2407.0,2385.65,2406.87,2392.21,2395.91,2383.16,2390.73
1h,7,0.3206679373255908,12192,12211,8.0,1725534000000.0,2395.91,2383.16,2392.2,2390.73,2395.65,2386.94,2389.54
1h,7,0.3206679373255908,12192,12211,9.0,1725537600000.0,2395.65,2386.94,2390.74,2389.54,2399.0,2377.01,2390.36
1h,7,0.3206679373255908,12192,12211,10.0,1725541200000.0,2399.0,2377.01,2390.36,2389.53,2414.58,2385.75,2402.32
1h,7,0.3206679373255908,12192,12211,11.0,1725544800000.0,2414.58,2385.75,2402.32,2390.36,2415.15,2363.68,2377.21
1h,7,0.3206679373255908,12192,12211,12.0,1725548400000.0,2415.15,2363.68,2402.33,2377.21,2385.45,2355.8,2371.43
1h,7,0.3206679373255908,12192,12211,13.0,1725552000000.0,2385.45,2355.8,2377.2,2371.43,2378.63,2367.34,2375.2
1h,7,0.3206679373255908,12192,12211,14.0,1725555600000.0,2378.63,2367.34,2375.2,2371.43,2393.8,2371.61,2393.8
1h,7,0.3206679373255908,12192,12211,15.0,1725559200000.0,2393.8,2371.61,2393.8,2375.2,2395.99,2387.28,2389.55
1h,7,0.3206679373255908,12192,12211,16.0,1725562800000.0,2395.99,2387.28,2393.8,2389.55,2390.26,2348.04,2363.97
1h,7,0.3206679373255908,12192,12211,17.0,1725566400000.0,2390.26,2348.04,2389.55,2363.97,2378.33,2362.61,2367.79
1h,7,0.3206679373255908,12192,12211,18.0,1725570000000.0,2378.33,2362.61,2367.79,2363.97,2377.14,2350.0,2371.84
1h,7,0.3206679373255908,12192,12211,19.0,1725573600000.0,2377.14,2350.0,2371.84,2367.79,2375.17,2355.4,2371.67
1h,8,0.3203199883977145,12143,12162,1.0,1725332400000.0,2553.6,2528.29,2535.55,2529.1,2529.8,2514.73,2516.0
1h,8,0.3203199883977145,12143,12162,2.0,1725336000000.0,2529.8,2514.73,2529.1,2516.0,2521.99,2513.39,2518.37
1h,8,0.3203199883977145,12143,12162,3.0,1725339600000.0,2521.99,2513.39,2518.37,2516.0,2525.2,2515.01,2522.14
1h,8,0.3203199883977145,12143,12162,4.0,1725343200000.0,2525.2,2515.01,2522.14,2518.37,2522.14,2512.46,2513.03
1h,8,0.3203199883977145,12143,12162,5.0,1725346800000.0,2522.14,2512.46,2522.14,2513.03,2523.62,2513.04,2519.55
1h,8,0.3203199883977145,12143,12162,6.0,1725350400000.0,2523.62,2513.04,2519.55,2513.04,2520.54,2494.24,2500.07
1h,8,0.3203199883977145,12143,12162,7.0,1725354000000.0,2520.54,2494.24,2519.55,2500.07,2508.94,2498.14,2504.2
1h,8,0.3203199883977145,12143,12162,8.0,1725357600000.0,2508.94,2498.14,2504.2,2500.07,2513.0,2499.4,2505.3
1h,8,0.3203199883977145,12143,12162,9.0,1725361200000.0,2513.0,2499.4,2505.3,2504.2,2510.84,2501.6,2509.59
1h,8,0.3203199883977145,12143,12162,10.0,1725364800000.0,2510.84,2501.6,2509.59,2505.34,2519.12,2506.14,2510.72
1h,8,0.3203199883977145,12143,12162,11.0,1725368400000.0,2519.12,2506.14,2510.72,2509.59,2517.93,2459.12,2465.1
1h,8,0.3203199883977145,12143,12162,12.0,1725372000000.0,2517.93,2459.12,2510.72,2465.1,2469.35,2443.21,2446.26
1h,8,0.3203199883977145,12143,12162,13.0,1725375600000.0,2469.35,2443.21,2465.09,2446.26,2456.37,2435.79,2444.01
1h,8,0.3203199883977145,12143,12162,14.0,1725379200000.0,2456.37,2435.79,2446.27,2444.01,2449.02,2437.4,2440.35
1h,8,0.3203199883977145,12143,12162,15.0,1725382800000.0,2449.02,2437.4,2444.01,2440.35,2464.0,2438.52,2442.3
1h,8,0.3203199883977145,12143,12162,16.0,1725386400000.0,2464.0,2438.52,2442.3,2440.28,2457.0,2435.83,2452.2
1h,8,0.3203199883977145,12143,12162,17.0,1725390000000.0,2457.0,2435.83,2452.2,2442.3,2469.87,2446.25,2447.6
1h,8,0.3203199883977145,12143,12162,18.0,1725393600000.0,2469.87,2446.25,2452.2,2447.6,2465.47,2447.43,2463.61
1h,8,0.3203199883977145,12143,12162,19.0,1725397200000.0,2465.47,2447.43,2463.61,2447.6,2470.57,2449.61,2464.99
1h,9,0.31767735787299184,24145,24164,1.0,1768539600000.0,3305.0,3277.04,3295.22,3287.97,3316.0,3284.22,3309.23
1h,9,0.31767735787299184,24145,24164,2.0,1768543200000.0,3316.0,3284.22,3309.23,3287.97,3316.99,3302.7,3313.99
1h,9,0.31767735787299184,24145,24164,3.0,1768546800000.0,3316.99,3302.7,3313.99,3309.23,3316.0,3302.21,3309.41
1h,9,0.31767735787299184,24145,24164,4.0,1768550400000.0,3316.0,3302.21,3314.0,3309.41,3319.97,3308.53,3313.35
1h,9,0.31767735787299184,24145,24164,5.0,1768554000000.0,3319.97,3308.53,3313.35,3309.42,3316.52,3307.09,3307.44
1h,9,0.31767735787299184,24145,24164,6.0,1768557600000.0,3316.52,3307.09,3313.36,3307.44,3308.72,3294.49,3297.75
1h,9,0.31767735787299184,24145,24164,7.0,1768561200000.0,3308.72,3294.49,3307.44,3297.75,3306.62,3293.33,3301.94
1h,9,0.31767735787299184,24145,24164,8.0,1768564800000.0,3306.62,3293.33,3301.94,3297.75,3314.26,3300.49,3308.87
1h,9,0.31767735787299184,24145,24164,9.0,1768568400000.0,3314.26,3300.49,3308.87,3301.94,3310.54,3295.52,3307.65
1h,9,0.31767735787299184,24145,24164,10.0,1768572000000.0,3310.54,3295.52,3308.88,3307.65,3318.61,3290.64,3294.12
1h,9,0.31767735787299184,24145,24164,11.0,1768575600000.0,3318.61,3290.64,3307.65,3294.12,3311.36,3253.01,3264.18
1h,9,0.31767735787299184,24145,24164,12.0,1768579200000.0,3311.36,3253.01,3294.12,3264.18,3288.0,3259.83,3279.03
1h,9,0.31767735787299184,24145,24164,13.0,1768582800000.0,3288.0,3259.83,3279.03,3264.17,3286.54,3266.52,3284.22
1h,9,0.31767735787299184,24145,24164,14.0,1768586400000.0,3286.54,3266.52,3284.22,3279.03,3288.42,3278.08,3279.11
1h,9,0.31767735787299184,24145,24164,15.0,1768590000000.0,3288.42,3278.08,3284.21,3279.11,3279.51,3269.17,3276.94
1h,9,0.31767735787299184,24145,24164,16.0,1768593600000.0,3279.51,3269.17,3279.11,3276.94,3294.0,3264.42,3292.82
1h,9,0.31767735787299184,24145,24164,17.0,1768597200000.0,3294.0,3264.42,3292.82,3276.94,3299.04,3288.62,3293.97
1h,9,0.31767735787299184,24145,24164,18.0,1768600800000.0,3299.04,3288.62,3293.97,3292.82,3295.43,3283.0,3294.1
1h,9,0.31767735787299184,24145,24164,19.0,1768604400000.0,3295.43,3283.0,3294.1,3293.97,3299.89,3292.45,3296.28
1h,10,0.3142213884703696,25187,25206,1.0,1772290800000.0,1915.95,1883.2,1905.58,1887.75,1903.91,1873.83,1898.88
1h,10,0.3142213884703696,25187,25206,2.0,1772294400000.0,1903.91,1873.83,1898.88,1887.76,1910.2,1891.72,1903.98
1h,10,0.3142213884703696,25187,25206,3.0,1772298000000.0,1910.2,1891.72,1903.98,1898.87,1911.62,1886.02,1906.91
1h,10,0.3142213884703696,25187,25206,4.0,1772301600000.0,1911.62,1886.02,1906.91,1903.97,1947.0,1901.27,1936.08
1h,10,0.3142213884703696,25187,25206,5.0,1772305200000.0,1947.0,1901.27,1936.08,1906.9,1955.04,1920.38,1947.02
1h,10,0.3142213884703696,25187,25206,6.0,1772308800000.0,1955.04,1920.38,1947.02,1936.08,1972.44,1938.76,1965.96
1h,10,0.3142213884703696,25187,25206,7.0,1772312400000.0,1972.44,1938.76,1965.96,1947.03,1967.76,1945.39,1957.69
1h,10,0.3142213884703696,25187,25206,8.0,1772316000000.0,1967.76,1945.39,1965.96,1957.69,1984.99,1955.75,1965.48
1h,10,0.3142213884703696,25187,25206,9.0,1772319600000.0,1984.99,1955.75,1965.48,1957.7,1969.97,1956.84,1964.51
1h,10,0.3142213884703696,25187,25206,10.0,1772323200000.0,1969.97,1956.84,1965.48,1964.51,1969.28,1954.64,1962.66
1h,10,0.3142213884703696,25187,25206,11.0,1772326800000.0,1969.28,1954.64,1964.51,1962.66,2023.4,1943.58,2012.36
1h,10,0.3142213884703696,25187,25206,12.0,1772330400000.0,2023.4,1943.58,2012.36,1962.67,2054.8,2008.61,2033.05
1h,10,0.3142213884703696,25187,25206,13.0,1772334000000.0,2054.8,2008.61,2033.05,2012.37,2039.25,2017.0,2023.29
1h,10,0.3142213884703696,25187,25206,14.0,1772337600000.0,2039.25,2017.0,2033.04,2023.29,2030.3,1998.68,2015.7
1h,10,0.3142213884703696,25187,25206,15.0,1772341200000.0,2030.3,1998.68,2023.29,2015.7,2022.9,2009.7,2011.24
1h,10,0.3142213884703696,25187,25206,16.0,1772344800000.0,2022.9,2009.7,2015.71,2011.24,2012.67,1989.0,1998.41
1h,10,0.3142213884703696,25187,25206,17.0,1772348400000.0,2012.67,1989.0,2011.24,1998.41,2009.63,1993.0,2007.24
1h,10,0.3142213884703696,25187,25206,18.0,1772352000000.0,2009.63,1993.0,2007.24,1998.41,2010.18,1981.03,1986.0
1h,10,0.3142213884703696,25187,25206,19.0,1772355600000.0,2010.18,1981.03,2007.23,1986.0,1996.12,1974.83,1980.69
1h,11,0.3131734194912714,25656,25675,1.0,1773979200000.0,2157.08,2143.61,2151.38,2144.45,2159.24,2139.18,2148.38
1h,11,0.3131734194912714,25656,25675,2.0,1773982800000.0,2159.24,2139.18,2151.38,2148.38,2151.92,2137.73,2140.37
1h,11,0.3131734194912714,25656,25675,3.0,1773986400000.0,2151.92,2137.73,2148.39,2140.37,2141.78,2132.06,2136.61
1h,11,0.3131734194912714,25656,25675,4.0,1773990000000.0,2141.78,2132.06,2140.38,2136.61,2153.4,2121.25,2150.54
1h,11,0.3131734194912714,25656,25675,5.0,1773993600000.0,2153.4,2121.25,2150.54,2136.61,2176.84,2146.71,2164.2
1h,11,0.3131734194912714,25656,25675,6.0,1773997200000.0,2176.84,2146.71,2164.2,2150.53,2164.19,2134.95,2141.21
1h,11,0.3131734194912714,25656,25675,7.0,1774000800000.0,2164.19,2134.95,2164.19,2141.21,2151.27,2131.56,2148.38
1h,11,0.3131734194912714,25656,25675,8.0,1774004400000.0,2151.27,2131.56,2148.38,2141.21,2158.69,2135.0,2141.5
1h,11,0.3131734194912714,25656,25675,9.0,1774008000000.0,2158.69,2135.0,2148.38,2141.5,2152.74,2135.37,2141.13
1h,11,0.3131734194912714,25656,25675,10.0,1774011600000.0,2152.74,2135.37,2141.49,2141.13,2152.64,2123.18,2127.39
1h,11,0.3131734194912714,25656,25675,11.0,1774015200000.0,2152.64,2123.18,2141.13,2127.39,2147.74,2116.88,2129.3
1h,11,0.3131734194912714,25656,25675,12.0,1774018800000.0,2147.74,2116.88,2129.3,2127.39,2138.78,2120.33,2134.01
1h,11,0.3131734194912714,25656,25675,13.0,1774022400000.0,2138.78,2120.33,2134.01,2129.3,2144.76,2130.58,2137.31
1h,11,0.3131734194912714,25656,25675,14.0,1774026000000.0,2144.76,2130.58,2137.31,2134.0,2141.16,2119.72,2136.69
1h,11,0.3131734194912714,25656,25675,15.0,1774029600000.0,2141.16,2119.72,2137.32,2136.69,2137.67,2117.41,2123.29
1h,11,0.3131734194912714,25656,25675,16.0,1774033200000.0,2137.67,2117.41,2136.7,2123.29,2134.97,2117.5,2132.91
1h,11,0.3131734194912714,25656,25675,17.0,1774036800000.0,2134.97,2117.5,2132.91,2123.29,2137.0,2123.96,2133.25
1h,11,0.3131734194912714,25656,25675,18.0,1774040400000.0,2137.0,2123.96,2133.25,2132.91,2157.25,2130.83,2147.53
1h,11,0.3131734194912714,25656,25675,19.0,1774044000000.0,2157.25,2130.83,2147.53,2133.25,2168.0,2147.53,2154.71
1h,12,0.31283302520117967,25751,25770,1.0,1774321200000.0,2145.92,2132.64,2137.57,2135.86,2143.3,2130.7,2141.59
1h,12,0.31283302520117967,25751,25770,2.0,1774324800000.0,2143.3,2130.7,2141.59,2135.87,2152.03,2131.83,2136.33
1h,12,0.31283302520117967,25751,25770,3.0,1774328400000.0,2152.03,2131.83,2141.59,2136.33,2138.49,2128.84,2133.64
1h,12,0.31283302520117967,25751,25770,4.0,1774332000000.0,2138.49,2128.84,2136.32,2133.64,2146.35,2132.0,2145.3
1h,12,0.31283302520117967,25751,25770,5.0,1774335600000.0,2146.35,2132.0,2145.3,2133.64,2170.65,2144.13,2165.61
1h,12,0.31283302520117967,25751,25770,6.0,1774339200000.0,2170.65,2144.13,2165.61,2145.3,2167.37,2152.17,2155.06
1h,12,0.31283302520117967,25751,25770,7.0,1774342800000.0,2167.37,2152.17,2165.61,2155.06,2167.9,2147.36,2164.97
1h,12,0.31283302520117967,25751,25770,8.0,1774346400000.0,2167.9,2147.36,2164.97,2155.07,2164.98,2155.27,2161.25
1h,12,0.31283302520117967,25751,25770,9.0,1774350000000.0,2164.98,2155.27,2164.97,2161.25,2175.16,2152.13,2165.9
1h,12,0.31283302520117967,25751,25770,10.0,1774353600000.0,2175.16,2152.13,2165.9,2161.25,2170.52,2158.89,2162.44
1h,12,0.31283302520117967,25751,25770,11.0,1774357200000.0,2170.52,2158.89,2165.89,2162.44,2165.53,2130.46,2138.38
1h,12,0.31283302520117967,25751,25770,12.0,1774360800000.0,2165.53,2130.46,2162.43,2138.38,2148.31,2120.0,2133.98
1h,12,0.31283302520117967,25751,25770,13.0,1774364400000.0,2148.31,2120.0,2138.37,2133.98,2147.74,2131.5,2135.15
1h,12,0.31283302520117967,25751,25770,14.0,1774368000000.0,2147.74,2131.5,2135.15,2133.98,2140.57,2120.9,2127.2
1h,12,0.31283302520117967,25751,25770,15.0,1774371600000.0,2140.57,2120.9,2135.15,2127.2,2128.7,2103.02,2109.17
1h,12,0.31283302520117967,25751,25770,16.0,1774375200000.0,2128.7,2103.02,2127.2,2109.17,2127.9,2105.07,2118.92
1h,12,0.31283302520117967,25751,25770,17.0,1774378800000.0,2127.9,2105.07,2118.92,2109.18,2127.84,2114.37,2116.87
1h,12,0.31283302520117967,25751,25770,18.0,1774382400000.0,2127.84,2114.37,2118.92,2116.87,2154.5,2115.63,2148.48
1h,12,0.31283302520117967,25751,25770,19.0,1774386000000.0,2154.5,2115.63,2148.48,2116.86,2151.8,2140.46,2148.88
1h,13,0.3127619714288004,16780,16799,1.0,1742025600000.0,1929.52,1914.65,1928.92,1917.66,1921.84,1912.7,1921.79
1h,13,0.3127619714288004,16780,16799,2.0,1742029200000.0,1921.84,1912.7,1921.79,1917.68,1926.52,1914.33,1925.84
1h,13,0.3127619714288004,16780,16799,3.0,1742032800000.0,1926.52,1914.33,1925.84,1921.8,1929.39,1919.88,1927.4
1h,13,0.3127619714288004,16780,16799,4.0,1742036400000.0,1929.39,1919.88,1927.4,1925.83,1931.87,1925.75,1929.0
1h,13,0.3127619714288004,16780,16799,5.0,1742040000000.0,1931.87,1925.75,1929.0,1927.39,1931.33,1923.0,1923.0
1h,13,0.3127619714288004,16780,16799,6.0,1742043600000.0,1931.33,1923.0,1929.0,1923.0,1933.34,1922.55,1931.16
1h,13,0.3127619714288004,16780,16799,7.0,1742047200000.0,1933.34,1922.55,1931.16,1923.01,1931.15,1923.19,1926.75
1h,13,0.3127619714288004,16780,16799,8.0,1742050800000.0,1931.15,1923.19,1931.15,1926.75,1939.6,1926.52,1937.83
1h,13,0.3127619714288004,16780,16799,9.0,1742054400000.0,1939.6,1926.52,1937.83,1926.74,1945.27,1933.33,1937.78
1h,13,0.3127619714288004,16780,16799,10.0,1742058000000.0,1945.27,1933.33,1937.84,1937.78,1948.22,1935.27,1940.55
1h,13,0.3127619714288004,16780,16799,11.0,1742061600000.0,1948.22,1935.27,1940.55,1937.79,1945.49,1930.29,1932.9
1h,13,0.3127619714288004,16780,16799,12.0,1742065200000.0,1945.49,1930.29,1940.55,1932.9,1937.88,1928.76,1937.31
1h,13,0.3127619714288004,16780,16799,13.0,1742068800000.0,1937.88,1928.76,1937.31,1932.9,1949.47,1937.31,1943.86
1h,13,0.3127619714288004,16780,16799,14.0,1742072400000.0,1949.47,1937.31,1943.86,1937.32,1957.19,1940.0,1950.84
1h,13,0.3127619714288004,16780,16799,15.0,1742076000000.0,1957.19,1940.0,1950.84,1943.86,1954.93,1939.53,1943.8
1h,13,0.3127619714288004,16780,16799,16.0,1742079600000.0,1954.93,1939.53,1950.85,1943.8,1944.94,1936.37,1937.17
1h,13,0.3127619714288004,16780,16799,17.0,1742083200000.0,1944.94,1936.37,1943.79,1937.17,1940.87,1931.34,1932.18
1h,13,0.3127619714288004,16780,16799,18.0,1742086800000.0,1940.87,1931.34,1937.18,1932.18,1934.54,1920.36,1922.49
1h,13,0.3127619714288004,16780,16799,19.0,1742090400000.0,1934.54,1920.36,1932.19,1922.49,1927.8,1916.56,1922.21
1h,14,0.31262242528287354,7584,7603,1.0,1708920000000.0,3108.45,3085.81,3107.8,3093.77,3108.49,3096.8,3103.39
1h,14,0.31262242528287354,7584,7603,2.0,1708923600000.0,3108.49,3096.8,3107.81,3103.39,3110.71,3096.26,3106.59
1h,14,0.31262242528287354,7584,7603,3.0,1708927200000.0,3110.71,3096.26,3106.59,3103.39,3115.4,3099.34,3113.29
1h,14,0.31262242528287354,7584,7603,4.0,1708930800000.0,3115.4,3099.34,3113.29,3106.59,3113.7,3086.1,3087.19
1h,14,0.31262242528287354,7584,7603,5.0,1708934400000.0,3113.7,3086.1,3113.29,3087.19,3102.84,3086.59,3092.66
1h,14,0.31262242528287354,7584,7603,6.0,1708938000000.0,3102.84,3086.59,3092.66,3087.19,3094.7,3036.59,3040.7
1h,14,0.31262242528287354,7584,7603,7.0,1708941600000.0,3094.7,3036.59,3092.66,3040.7,3073.55,3040.16,3056.26
1h,14,0.31262242528287354,7584,7603,8.0,1708945200000.0,3073.55,3040.16,3056.26,3040.71,3065.0,3045.79,3057.42
1h,14,0.31262242528287354,7584,7603,9.0,1708948800000.0,3065.0,3045.79,3057.42,3056.26,3065.0,3038.0,3063.47
1h,14,0.31262242528287354,7584,7603,10.0,1708952400000.0,3065.0,3038.0,3063.47,3057.41,3077.56,3057.6,3061.09
1h,14,0.31262242528287354,7584,7603,11.0,1708956000000.0,3077.56,3057.6,3063.47,3061.09,3105.84,3060.0,3103.52
1h,14,0.31262242528287354,7584,7603,12.0,1708959600000.0,3105.84,3060.0,3103.52,3061.08,3145.95,3098.95,3145.6
1h,14,0.31262242528287354,7584,7603,13.0,1708963200000.0,3145.95,3098.95,3145.6,3103.52,3166.62,3134.85,3153.57
1h,14,0.31262242528287354,7584,7603,14.0,1708966800000.0,3166.62,3134.85,3153.57,3145.59,3162.66,3120.0,3149.26
1h,14,0.31262242528287354,7584,7603,15.0,1708970400000.0,3162.66,3120.0,3153.56,3149.26,3153.94,3130.0,3136.05
1h,14,0.31262242528287354,7584,7603,16.0,1708974000000.0,3153.94,3130.0,3149.25,3136.05,3182.98,3127.57,3179.12
1h,14,0.31262242528287354,7584,7603,17.0,1708977600000.0,3182.98,3127.57,3179.12,3136.05,3196.0,3166.12,3182.02
1h,14,0.31262242528287354,7584,7603,18.0,1708981200000.0,3196.0,3166.12,3182.02,3179.11,3190.62,3175.0,3184.97
1h,14,0.31262242528287354,7584,7603,19.0,1708984800000.0,3190.62,3175.0,3184.97,3182.02,3190.35,3165.51,3184.98
1h,15,0.3070998553024255,23160,23179,1.0,1764993600000.0,3046.3,3028.0,3040.31,3029.06,3042.78,3030.16,3036.59
1h,15,0.3070998553024255,23160,23179,2.0,1764997200000.0,3042.78,3030.16,3040.31,3036.59,3040.77,3032.21,3037.46
1h,15,0.3070998553024255,23160,23179,3.0,1765000800000.0,3040.77,3032.21,3037.46,3036.59,3041.72,3033.85,3039.43
1h,15,0.3070998553024255,23160,23179,4.0,1765004400000.0,3041.72,3033.85,3039.43,3037.46,3041.3,3024.35,3026.25
1h,15,0.3070998553024255,23160,23179,5.0,1765008000000.0,3041.3,3024.35,3039.43,3026.25,3035.78,3013.25,3014.45
1h,15,0.3070998553024255,23160,23179,6.0,1765011600000.0,3035.78,3013.25,3026.25,3014.45,3033.0,3013.47,3030.0
1h,15,0.3070998553024255,23160,23179,7.0,1765015200000.0,3033.0,3013.47,3030.0,3014.44,3038.19,3025.12,3030.65
1h,15,0.3070998553024255,23160,23179,8.0,1765018800000.0,3038.19,3025.12,3030.65,3029.99,3042.0,3028.5,3038.99
1h,15,0.3070998553024255,23160,23179,9.0,1765022400000.0,3042.0,3028.5,3038.99,3030.66,3040.99,3029.92,3031.65
1h,15,0.3070998553024255,23160,23179,10.0,1765026000000.0,3040.99,3029.92,3038.98,3031.65,3042.48,3029.95,3036.01
1h,15,0.3070998553024255,23160,23179,11.0,1765029600000.0,3042.48,3029.95,3036.01,3031.65,3069.0,3034.69,3055.11
1h,15,0.3070998553024255,23160,23179,12.0,1765033200000.0,3069.0,3034.69,3055.11,3036.0,3055.74,3026.5,3041.69
1h,15,0.3070998553024255,23160,23179,13.0,1765036800000.0,3055.74,3026.5,3055.1,3041.69,3066.62,3040.84,3052.4
1h,15,0.3070998553024255,23160,23179,14.0,1765040400000.0,3066.62,3040.84,3052.4,3041.69,3060.0,3047.0,3055.36
1h,15,0.3070998553024255,23160,23179,15.0,1765044000000.0,3060.0,3047.0,3055.36,3052.4,3056.05,3038.37,3042.41
1h,15,0.3070998553024255,23160,23179,16.0,1765047600000.0,3056.05,3038.37,3055.36,3042.41,3048.07,3025.0,3030.44
1h,15,0.3070998553024255,23160,23179,17.0,1765051200000.0,3048.07,3025.0,3042.41,3030.44,3041.31,3030.07,3040.0
1h,15,0.3070998553024255,23160,23179,18.0,1765054800000.0,3041.31,3030.07,3040.0,3030.45,3044.84,3036.61,3042.98
1h,15,0.3070998553024255,23160,23179,19.0,1765058400000.0,3044.84,3036.61,3042.98,3040.0,3054.31,3037.42,3042.04
1h,16,0.3070448639612116,11831,11850,1.0,1724209200000.0,2598.2,2582.85,2590.66,2584.79,2594.36,2586.4,2591.5
1h,16,0.3070448639612116,11831,11850,2.0,1724212800000.0,2594.36,2586.4,2591.5,2590.66,2594.04,2588.31,2592.18
1h,16,0.3070448639612116,11831,11850,3.0,1724216400000.0,2594.04,2588.31,2592.18,2591.51,2596.0,2591.0,2592.75
1h,16,0.3070448639612116,11831,11850,4.0,1724220000000.0,2596.0,2591.0,2592.75,2592.18,2605.34,2592.3,2600.64
1h,16,0.3070448639612116,11831,11850,5.0,1724223600000.0,2605.34,2592.3,2600.64,2592.74,2606.6,2595.21,2600.72
1h,16,0.3070448639612116,11831,11850,6.0,1724227200000.0,2606.6,2595.21,2600.72,2600.63,2607.87,2578.6,2584.84
1h,16,0.3070448639612116,11831,11850,7.0,1724230800000.0,2607.87,2578.6,2600.73,2584.84,2586.88,2567.35,2581.28
1h,16,0.3070448639612116,11831,11850,8.0,1724234400000.0,2586.88,2567.35,2584.85,2581.28,2589.52,2578.64,2588.55
1h,16,0.3070448639612116,11831,11850,9.0,1724238000000.0,2589.52,2578.64,2588.55,2581.28,2591.89,2576.73,2577.6
1h,16,0.3070448639612116,11831,11850,10.0,1724241600000.0,2591.89,2576.73,2588.56,2577.6,2583.0,2571.0,2577.92
1h,16,0.3070448639612116,11831,11850,11.0,1724245200000.0,2583.0,2571.0,2577.92,2577.61,2600.86,2536.22,2594.2
1h,16,0.3070448639612116,11831,11850,12.0,1724248800000.0,2600.86,2536.22,2594.2,2577.92,2618.0,2577.64,2590.32
1h,16,0.3070448639612116,11831,11850,13.0,1724252400000.0,2618.0,2577.64,2594.19,2590.32,2610.58,2585.91,2601.89
1h,16,0.3070448639612116,11831,11850,14.0,1724256000000.0,2610.58,2585.91,2601.89,2590.32,2614.63,2592.58,2608.23
1h,16,0.3070448639612116,11831,11850,15.0,1724259600000.0,2614.63,2592.58,2608.23,2601.88,2630.0,2600.68,2626.0
1h,16,0.3070448639612116,11831,11850,16.0,1724263200000.0,2630.0,2600.68,2626.0,2608.23,2645.03,2621.88,2638.86
1h,16,0.3070448639612116,11831,11850,17.0,1724266800000.0,2645.03,2621.88,2638.86,2626.0,2650.0,2627.45,2646.43
1h,16,0.3070448639612116,11831,11850,18.0,1724270400000.0,2650.0,2627.45,2646.43,2638.87,2663.74,2626.08,2630.58
1h,16,0.3070448639612116,11831,11850,19.0,1724274000000.0,2663.74,2626.08,2646.42,2630.58,2647.43,2623.52,2637.33
1h,17,0.3066415487328908,6971,6990,1.0,1706713200000.0,2314.6,2298.44,2312.87,2307.4,2333.0,2291.69,2329.42
1h,17,0.3066415487328908,6971,6990,2.0,1706716800000.0,2333.0,2291.69,2329.42,2307.4,2347.18,2324.99,2345.91
1h,17,0.3066415487328908,6971,6990,3.0,1706720400000.0,2347.18,2324.99,2345.91,2329.42,2350.3,2337.72,2347.27
1h,17,0.3066415487328908,6971,6990,4.0,1706724000000.0,2350.3,2337.72,2347.27,2345.92,2348.05,2330.07,2335.63
1h,17,0.3066415487328908,6971,6990,5.0,1706727600000.0,2348.05,2330.07,2347.28,2335.63,2342.26,2309.51,2323.38
1h,17,0.3066415487328908,6971,6990,6.0,1706731200000.0,2342.26,2309.51,2335.63,2323.38,2324.67,2286.11,2287.98
1h,17,0.3066415487328908,6971,6990,7.0,1706734800000.0,2324.67,2286.11,2323.39,2287.98,2292.37,2263.57,2279.0
1h,17,0.3066415487328908,6971,6990,8.0,1706738400000.0,2292.37,2263.57,2287.98,2279.0,2287.94,2269.03,2285.75
1h,17,0.3066415487328908,6971,6990,9.0,1706742000000.0,2287.94,2269.03,2285.75,2278.99,2288.91,2281.88,2283.14
1h,17,0.3066415487328908,6971,6990,10.0,1706745600000.0,2288.91,2281.88,2285.75,2283.14,2289.6,2272.19,2283.59
1h,17,0.3066415487328908,6971,6990,11.0,1706749200000.0,2289.6,2272.19,2283.59,2283.15,2284.3,2240.0,2245.19
1h,17,0.3066415487328908,6971,6990,12.0,1706752800000.0,2284.3,2240.0,2283.6,2245.19,2260.5,2242.99,2260.5
1h,17,0.3066415487328908,6971,6990,13.0,1706756400000.0,2260.5,2242.99,2260.5,2245.19,2263.17,2256.25,2257.21
1h,17,0.3066415487328908,6971,6990,14.0,1706760000000.0,2263.17,2256.25,2260.49,2257.21,2267.59,2251.91,2262.77
1h,17,0.3066415487328908,6971,6990,15.0,1706763600000.0,2267.59,2251.91,2262.77,2257.2,2268.87,2262.0,2268.8
1h,17,0.3066415487328908,6971,6990,16.0,1706767200000.0,2268.87,2262.0,2268.8,2262.77,2274.5,2268.36,2274.5
1h,17,0.3066415487328908,6971,6990,17.0,1706770800000.0,2274.5,2268.36,2274.5,2268.81,2277.78,2271.6,2271.96
1h,17,0.3066415487328908,6971,6990,18.0,1706774400000.0,2277.78,2271.6,2274.49,2271.96,2273.44,2266.4,2272.41
1h,17,0.3066415487328908,6971,6990,19.0,1706778000000.0,2273.44,2266.4,2272.41,2271.95,2275.85,2265.2,2267.84
1h,18,0.3055487612137304,19704,19723,1.0,1752552000000.0,2974.18,2932.46,2974.18,2951.8,2972.38,2934.83,2968.32
1h,18,0.3055487612137304,19704,19723,2.0,1752555600000.0,2972.38,2934.83,2968.32,2951.79,2974.69,2962.9,2974.49
1h,18,0.3055487612137304,19704,19723,3.0,1752559200000.0,2974.69,2962.9,2974.49,2968.32,2992.96,2970.01,2985.5
1h,18,0.3055487612137304,19704,19723,4.0,1752562800000.0,2992.96,2970.01,2985.5,2974.49,2995.89,2972.9,2977.49
1h,18,0.3055487612137304,19704,19723,5.0,1752566400000.0,2995.89,2972.9,2985.5,2977.49,2983.52,2958.84,2973.99
1h,18,0.3055487612137304,19704,19723,6.0,1752570000000.0,2983.52,2958.84,2977.5,2973.99,2989.25,2970.0,2972.88
1h,18,0.3055487612137304,19704,19723,7.0,1752573600000.0,2989.25,2970.0,2973.99,2972.88,2980.0,2967.19,2974.31
1h,18,0.3055487612137304,19704,19723,8.0,1752577200000.0,2980.0,2967.19,2974.31,2972.87,2983.39,2961.74,2981.11
1h,18,0.3055487612137304,19704,19723,9.0,1752580800000.0,2983.39,2961.74,2981.11,2974.31,3013.66,2967.72,3000.29
1h,18,0.3055487612137304,19704,19723,10.0,1752584400000.0,3013.66,2967.72,3000.29,2981.12,3067.43,3000.14,3051.71
1h,18,0.3055487612137304,19704,19723,11.0,1752588000000.0,3067.43,3000.14,3051.71,3000.3,3064.41,2967.0,2977.93
1h,18,0.3055487612137304,19704,19723,12.0,1752591600000.0,3064.41,2967.0,3051.7,2977.93,3047.51,2968.0,3039.93
1h,18,0.3055487612137304,19704,19723,13.0,1752595200000.0,3047.51,2968.0,3039.93,2977.94,3066.83,3034.35,3048.21
1h,18,0.3055487612137304,19704,19723,14.0,1752598800000.0,3066.83,3034.35,3048.21,3039.94,3097.32,3036.09,3096.29
1h,18,0.3055487612137304,19704,19723,15.0,1752602400000.0,3097.32,3036.09,3096.29,3048.21,3096.96,3040.84,3065.41
1h,18,0.3055487612137304,19704,19723,16.0,1752606000000.0,3096.96,3040.84,3096.3,3065.41,3085.7,3032.35,3040.88
1h,18,0.3055487612137304,19704,19723,17.0,1752609600000.0,3085.7,3032.35,3065.41,3040.88,3051.52,3029.63,3040.89
1h,18,0.3055487612137304,19704,19723,18.0,1752613200000.0,3051.52,3029.63,3040.89,3040.87,3085.19,3040.34,3080.82
1h,18,0.3055487612137304,19704,19723,19.0,1752616800000.0,3085.19,3040.34,3080.82,3040.9,3094.5,3067.72,3094.06
1h,19,0.3050155904049879,15532,15551,1.0,1737532800000.0,3311.0,3287.0,3309.39,3288.07,3301.56,3273.83,3299.56
1h,19,0.3050155904049879,15532,15551,2.0,1737536400000.0,3301.56,3273.83,3299.56,3288.08,3304.25,3290.37,3298.55
1h,19,0.3050155904049879,15532,15551,3.0,1737540000000.0,3304.25,3290.37,3299.56,3298.55,3308.17,3289.14,3308.09
1h,19,0.3050155904049879,15532,15551,4.0,1737543600000.0,3308.17,3289.14,3308.09,3298.55,3329.99,3304.51,3326.55
1h,19,0.3050155904049879,15532,15551,5.0,1737547200000.0,3329.99,3304.51,3326.55,3308.09,3332.7,3311.5,3316.97
1h,19,0.3050155904049879,15532,15551,6.0,1737550800000.0,3332.7,3311.5,3326.55,3316.97,3319.29,3280.19,3284.15
1h,19,0.3050155904049879,15532,15551,7.0,1737554400000.0,3319.29,3280.19,3316.97,3284.15,3312.22,3267.17,3293.97
1h,19,0.3050155904049879,15532,15551,8.0,1737558000000.0,3312.22,3267.17,3293.97,3284.15,3305.68,3270.0,3278.39
1h,19,0.3050155904049879,15532,15551,9.0,1737561600000.0,3305.68,3270.0,3293.97,3278.39,3283.11,3259.93,3277.9
1h,19,0.3050155904049879,15532,15551,10.0,1737565200000.0,3283.11,3259.93,3278.39,3277.9,3287.49,3272.16,3285.39
1h,19,0.3050155904049879,15532,15551,11.0,1737568800000.0,3287.49,3272.16,3285.39,3277.9,3291.3,3239.4,3249.93
1h,19,0.3050155904049879,15532,15551,12.0,1737572400000.0,3291.3,3239.4,3285.4,3249.93,3280.65,3248.3,3261.99
1h,19,0.3050155904049879,15532,15551,13.0,1737576000000.0,3280.65,3248.3,3261.99,3249.94,3276.6,3253.79,3256.61
1h,19,0.3050155904049879,15532,15551,14.0,1737579600000.0,3276.6,3253.79,3262.0,3256.61,3264.87,3241.37,3259.32
1h,19,0.3050155904049879,15532,15551,15.0,1737583200000.0,3264.87,3241.37,3259.32,3256.6,3266.36,3233.02,3238.89
1h,19,0.3050155904049879,15532,15551,16.0,1737586800000.0,3266.36,3233.02,3259.32,3238.89,3246.87,3222.85,3242.6
1h,19,0.3050155904049879,15532,15551,17.0,1737590400000.0,3246.87,3222.85,3242.6,3238.89,3261.34,3238.21,3253.62
1h,19,0.3050155904049879,15532,15551,18.0,1737594000000.0,3261.34,3238.21,3253.62,3242.61,3258.38,3220.43,3235.26
1h,19,0.3050155904049879,15532,15551,19.0,1737597600000.0,3258.38,3220.43,3253.62,3235.26,3237.38,3204.18,3223.13
1h,20,0.30473047749930343,27336,27355,1.0,1780027200000.0,2007.86,1999.23,2002.78,1999.23,2008.51,1998.4,2008.51
1h,20,0.30473047749930343,27336,27355,2.0,1780030800000.0,2008.51,1998.4,2008.51,2002.79,2015.3,2008.0,2014.56
1h,20,0.30473047749930343,27336,27355,3.0,1780034400000.0,2015.3,2008.0,2014.56,2008.51,2021.51,2012.17,2018.09
1h,20,0.30473047749930343,27336,27355,4.0,1780038000000.0,2021.51,2012.17,2018.09,2014.56,2019.81,2003.46,2007.62
1h,20,0.30473047749930343,27336,27355,5.0,1780041600000.0,2019.81,2003.46,2018.09,2007.62,2013.91,2005.45,2006.11
1h,20,0.30473047749930343,27336,27355,6.0,1780045200000.0,2013.91,2005.45,2007.61,2006.11,2016.11,2006.11,2014.85
1h,20,0.30473047749930343,27336,27355,7.0,1780048800000.0,2016.11,2006.11,2014.85,2006.11,2014.85,2009.77,2011.1
1h,20,0.30473047749930343,27336,27355,8.0,1780052400000.0,2014.85,2009.77,2014.84,2011.1,2014.29,2002.35,2007.58
1h,20,0.30473047749930343,27336,27355,9.0,1780056000000.0,2014.29,2002.35,2011.11,2007.58,2007.58,1995.1,1999.78
1h,20,0.30473047749930343,27336,27355,10.0,1780059600000.0,2007.58,1995.1,2007.58,1999.78,2006.16,1988.14,1999.53
1h,20,0.30473047749930343,27336,27355,11.0,1780063200000.0,2006.16,1988.14,1999.78,1999.53,2004.31,1976.48,2001.84
1h,20,0.30473047749930343,27336,27355,12.0,1780066800000.0,2004.31,1976.48,2001.84,1999.53,2046.59,1999.45,2031.62
1h,20,0.30473047749930343,27336,27355,13.0,1780070400000.0,2046.59,1999.45,2031.62,2001.85,2043.0,2022.24,2040.45
1h,20,0.30473047749930343,27336,27355,14.0,1780074000000.0,2043.0,2022.24,2040.45,2031.62,2044.29,2026.21,2028.27
1h,20,0.30473047749930343,27336,27355,15.0,1780077600000.0,2044.29,2026.21,2040.46,2028.27,2031.64,2006.21,2011.41
1h,20,0.30473047749930343,27336,27355,16.0,1780081200000.0,2031.64,2006.21,2028.28,2011.41,2022.2,2005.0,2016.96
1h,20,0.30473047749930343,27336,27355,17.0,1780084800000.0,2022.2,2005.0,2016.96,2011.41,2023.84,2015.0,2018.17
1h,20,0.30473047749930343,27336,27355,18.0,1780088400000.0,2023.84,2015.0,2018.17,2016.96,2023.99,2008.23,2009.4
1h,20,0.30473047749930343,27336,27355,19.0,1780092000000.0,2023.99,2008.23,2018.17,2009.4,2017.24,2007.78,2013.83
1h,21,0.3041861280432216,6697,6716,1.0,1705726800000.0,2484.75,2478.21,2483.0,2481.22,2484.22,2475.29,2477.54
1h,21,0.3041861280432216,6697,6716,2.0,1705730400000.0,2484.22,2475.29,2483.01,2477.54,2484.29,2477.02,2482.46
1h,21,0.3041861280432216,6697,6716,3.0,1705734000000.0,2484.29,2477.02,2482.46,2477.54,2486.27,2478.2,2478.47
1h,21,0.3041861280432216,6697,6716,4.0,1705737600000.0,2486.27,2478.2,2482.47,2478.47,2480.07,2471.71,2474.63
1h,21,0.3041861280432216,6697,6716,5.0,1705741200000.0,2480.07,2471.71,2478.48,2474.63,2477.32,2463.31,2465.95
1h,21,0.3041861280432216,6697,6716,6.0,1705744800000.0,2477.32,2463.31,2474.62,2465.95,2474.51,2465.75,2470.53
1h,21,0.3041861280432216,6697,6716,7.0,1705748400000.0,2474.51,2465.75,2470.53,2465.95,2472.42,2465.26,2470.59
1h,21,0.3041861280432216,6697,6716,8.0,1705752000000.0,2472.42,2465.26,2470.59,2470.54,2475.91,2466.84,2467.9
1h,21,0.3041861280432216,6697,6716,9.0,1705755600000.0,2475.91,2466.84,2470.58,2467.9,2474.03,2467.15,2471.87
1h,21,0.3041861280432216,6697,6716,10.0,1705759200000.0,2474.03,2467.15,2471.87,2467.9,2472.62,2460.0,2466.65
1h,21,0.3041861280432216,6697,6716,11.0,1705762800000.0,2472.62,2460.0,2471.87,2466.65,2473.99,2458.33,2463.83
1h,21,0.3041861280432216,6697,6716,12.0,1705766400000.0,2473.99,2458.33,2466.65,2463.83,2467.81,2456.24,2458.72
1h,21,0.3041861280432216,6697,6716,13.0,1705770000000.0,2467.81,2456.24,2463.83,2458.72,2464.07,2457.08,2462.08
1h,21,0.3041861280432216,6697,6716,14.0,1705773600000.0,2464.07,2457.08,2462.08,2458.71,2462.59,2454.2,2457.83
1h,21,0.3041861280432216,6697,6716,15.0,1705777200000.0,2462.59,2454.2,2462.08,2457.83,2463.8,2457.72,2461.52
1h,21,0.3041861280432216,6697,6716,16.0,1705780800000.0,2463.8,2457.72,2461.52,2457.83,2472.48,2460.2,2466.94
1h,21,0.3041861280432216,6697,6716,17.0,1705784400000.0,2472.48,2460.2,2466.94,2461.52,2472.79,2465.6,2465.61
1h,21,0.3041861280432216,6697,6716,18.0,1705788000000.0,2472.79,2465.6,2466.94,2465.61,2473.68,2465.6,2471.85
1h,21,0.3041861280432216,6697,6716,19.0,1705791600000.0,2473.68,2465.6,2471.85,2465.6,2474.88,2468.44,2472.01
1h,22,0.3041004258053452,25397,25416,1.0,1773046800000.0,2000.0,1978.92,1996.81,1983.91,2022.0,1986.77,2004.48
1h,22,0.3041004258053452,25397,25416,2.0,1773050400000.0,2022.0,1986.77,2004.48,1996.81,2007.05,1992.56,1995.41
1h,22,0.3041004258053452,25397,25416,3.0,1773054000000.0,2007.05,1992.56,2004.49,1995.41,1999.99,1980.93,1992.2
1h,22,0.3041004258053452,25397,25416,4.0,1773057600000.0,1999.99,1980.93,1995.41,1992.2,2013.74,1992.2,2002.19
1h,22,0.3041004258053452,25397,25416,5.0,1773061200000.0,2013.74,1992.2,2002.19,1992.2,2030.0,2001.13,2018.16
1h,22,0.3041004258053452,25397,25416,6.0,1773064800000.0,2030.0,2001.13,2018.16,2002.19,2032.84,2007.82,2022.29
1h,22,0.3041004258053452,25397,25416,7.0,1773068400000.0,2032.84,2007.82,2022.29,2018.15,2029.25,2013.97,2022.63
1h,22,0.3041004258053452,25397,25416,8.0,1773072000000.0,2029.25,2013.97,2022.63,2022.27,2039.29,2018.93,2027.53
1h,22,0.3041004258053452,25397,25416,9.0,1773075600000.0,2039.29,2018.93,2027.53,2022.64,2032.5,2005.76,2016.94
1h,22,0.3041004258053452,25397,25416,10.0,1773079200000.0,2032.5,2005.76,2027.54,2016.94,2022.9,2006.15,2012.1
1h,22,0.3041004258053452,25397,25416,11.0,1773082800000.0,2022.9,2006.15,2016.94,2012.1,2053.52,2010.0,2033.91
1h,22,0.3041004258053452,25397,25416,12.0,1773086400000.0,2053.52,2010.0,2033.91,2012.11,2037.3,2018.77,2025.89
1h,22,0.3041004258053452,25397,25416,13.0,1773090000000.0,2037.3,2018.77,2033.91,2025.89,2035.39,2022.19,2028.35
1h,22,0.3041004258053452,25397,25416,14.0,1773093600000.0,2035.39,2022.19,2028.35,2025.89,2031.32,1997.87,2002.53
1h,22,0.3041004258053452,25397,25416,15.0,1773097200000.0,2031.32,1997.87,2028.33,2002.53,2007.67,1989.12,1992.98
1h,22,0.3041004258053452,25397,25416,16.0,1773100800000.0,2007.67,1989.12,2002.52,1992.98,2022.5,1991.0,2015.37
1h,22,0.3041004258053452,25397,25416,17.0,1773104400000.0,2022.5,1991.0,2015.37,1992.97,2024.99,2006.23,2019.21
1h,22,0.3041004258053452,25397,25416,18.0,1773108000000.0,2024.99,2006.23,2019.21,2015.37,2054.19,2014.01,2042.4
1h,22,0.3041004258053452,25397,25416,19.0,1773111600000.0,2054.19,2014.01,2042.4,2019.2,2047.88,2022.63,2026.8
1h,23,0.30343727095639916,19754,19773,1.0,1752732000000.0,3377.28,3337.8,3374.08,3351.0,3444.79,3363.7,3441.29
1h,23,0.30343727095639916,19754,19773,2.0,1752735600000.0,3444.79,3363.7,3441.29,3374.08,3468.0,3408.45,3447.9
1h,23,0.30343727095639916,19754,19773,3.0,1752739200000.0,3468.0,3408.45,3447.9,3441.29,3450.23,3425.49,3448.68
1h,23,0.30343727095639916,19754,19773,4.0,1752742800000.0,3450.23,3425.49,3448.68,3447.9,3478.99,3439.92,3466.02
1h,23,0.30343727095639916,19754,19773,5.0,1752746400000.0,3478.99,3439.92,3466.02,3448.68,3480.19,3448.81,3458.19
1h,23,0.30343727095639916,19754,19773,6.0,1752750000000.0,3480.19,3448.81,3466.01,3458.19,3459.99,3430.0,3433.29
1h,23,0.30343727095639916,19754,19773,7.0,1752753600000.0,3459.99,3430.0,3458.18,3433.29,3439.64,3406.38,3425.61
1h,23,0.30343727095639916,19754,19773,8.0,1752757200000.0,3439.64,3406.38,3433.3,3425.61,3431.86,3361.2,3400.3
1h,23,0.30343727095639916,19754,19773,9.0,1752760800000.0,3431.86,3361.2,3425.6,3400.3,3433.56,3400.29,3426.5
1h,23,0.30343727095639916,19754,19773,10.0,1752764400000.0,3433.56,3400.29,3426.5,3400.29,3432.76,3388.0,3420.49
1h,23,0.30343727095639916,19754,19773,11.0,1752768000000.0,3432.76,3388.0,3426.51,3420.49,3427.6,3364.43,3394.59
1h,23,0.30343727095639916,19754,19773,12.0,1752771600000.0,3427.6,3364.43,3420.49,3394.59,3428.8,3389.08,3424.05
1h,23,0.30343727095639916,19754,19773,13.0,1752775200000.0,3428.8,3389.08,3424.05,3394.6,3442.63,3418.4,3427.04
1h,23,0.30343727095639916,19754,19773,14.0,1752778800000.0,3442.63,3418.4,3427.04,3424.04,3455.54,3403.69,3412.33
1h,23,0.30343727095639916,19754,19773,15.0,1752782400000.0,3455.54,3403.69,3427.04,3412.33,3420.77,3372.51,3420.76
1h,23,0.30343727095639916,19754,19773,16.0,1752786000000.0,3420.77,3372.51,3420.76,3412.32,3500.0,3417.38,3468.0
1h,23,0.30343727095639916,19754,19773,17.0,1752789600000.0,3500.0,3417.38,3468.0,3420.76,3493.34,3451.42,3466.63
1h,23,0.30343727095639916,19754,19773,18.0,1752793200000.0,3493.34,3451.42,3468.0,3466.63,3523.44,3461.9,3476.87
1h,23,0.30343727095639916,19754,19773,19.0,1752796800000.0,3523.44,3461.9,3476.87,3466.58,3540.52,3458.68,3538.17
1h,24,0.3032958613630696,8327,8346,1.0,1711594800000.0,3512.91,3465.0,3496.4,3480.19,3498.89,3475.05,3496.61
1h,24,0.3032958613630696,8327,8346,2.0,1711598400000.0,3498.89,3475.05,3496.61,3480.18,3516.74,3495.79,3516.19
1h,24,0.3032958613630696,8327,8346,3.0,1711602000000.0,3516.74,3495.79,3516.19,3496.61,3542.37,3512.81,3533.7
1h,24,0.3032958613630696,8327,8346,4.0,1711605600000.0,3542.37,3512.81,3533.7,3516.19,3576.99,3526.09,3574.4
1h,24,0.3032958613630696,8327,8346,5.0,1711609200000.0,3576.99,3526.09,3574.4,3533.7,3579.95,3564.69,3573.88
1h,24,0.3032958613630696,8327,8346,6.0,1711612800000.0,3579.95,3564.69,3574.39,3573.88,3595.7,3565.81,3575.69
1h,24,0.3032958613630696,8327,8346,7.0,1711616400000.0,3595.7,3565.81,3575.69,3573.88,3594.95,3571.14,3584.08
1h,24,0.3032958613630696,8327,8346,8.0,1711620000000.0,3594.95,3571.14,3584.08,3575.69,3593.6,3570.48,3589.75
1h,24,0.3032958613630696,8327,8346,9.0,1711623600000.0,3593.6,3570.48,3589.75,3584.08,3593.35,3571.0,3579.73
1h,24,0.3032958613630696,8327,8346,10.0,1711627200000.0,3593.35,3571.0,3589.76,3579.73,3592.4,3555.96,3576.78
1h,24,0.3032958613630696,8327,8346,11.0,1711630800000.0,3592.4,3555.96,3579.74,3576.78,3603.38,3552.55,3582.59
1h,24,0.3032958613630696,8327,8346,12.0,1711634400000.0,3603.38,3552.55,3582.59,3576.78,3611.78,3568.27,3607.38
1h,24,0.3032958613630696,8327,8346,13.0,1711638000000.0,3611.78,3568.27,3607.38,3582.6,3609.71,3568.51,3578.7
1h,24,0.3032958613630696,8327,8346,14.0,1711641600000.0,3609.71,3568.51,3607.37,3578.7,3580.75,3555.38,3563.22
1h,24,0.3032958613630696,8327,8346,15.0,1711645200000.0,3580.75,3555.38,3578.71,3563.22,3565.63,3537.48,3553.86
1h,24,0.3032958613630696,8327,8346,16.0,1711648800000.0,3565.63,3537.48,3563.23,3553.86,3569.28,3551.05,3561.4
1h,24,0.3032958613630696,8327,8346,17.0,1711652400000.0,3569.28,3551.05,3561.4,3553.85,3576.14,3559.58,3563.05
1h,24,0.3032958613630696,8327,8346,18.0,1711656000000.0,3576.14,3559.58,3563.05,3561.39,3566.74,3552.0,3561.0
1h,24,0.3032958613630696,8327,8346,19.0,1711659600000.0,3566.74,3552.0,3563.06,3561.0,3575.2,3547.8,3560.59
1h,25,0.30205866634994916,27286,27305,1.0,1779847200000.0,2083.93,2071.86,2083.35,2074.53,2076.26,2069.11,2076.26
1h,25,0.30205866634994916,27286,27305,2.0,1779850800000.0,2076.26,2069.11,2076.26,2074.53,2080.0,2068.9,2070.0
1h,25,0.30205866634994916,27286,27305,3.0,1779854400000.0,2080.0,2068.9,2076.25,2070.0,2073.08,2056.31,2072.21
1h,25,0.30205866634994916,27286,27305,4.0,1779858000000.0,2073.08,2056.31,2072.21,2070.01,2079.2,2071.62,2077.37
1h,25,0.30205866634994916,27286,27305,5.0,1779861600000.0,2079.2,2071.62,2077.37,2072.21,2081.46,2075.01,2079.62
1h,25,0.30205866634994916,27286,27305,6.0,1779865200000.0,2081.46,2075.01,2079.62,2077.38,2084.16,2076.07,2083.78
1h,25,0.30205866634994916,27286,27305,7.0,1779868800000.0,2084.16,2076.07,2083.78,2079.62,2096.71,2083.56,2085.05
1h,25,0.30205866634994916,27286,27305,8.0,1779872400000.0,2096.71,2083.56,2085.05,2083.77,2087.78,2078.26,2083.36
1h,25,0.30205866634994916,27286,27305,9.0,1779876000000.0,2087.78,2078.26,2085.06,2083.36,2087.9,2079.47,2079.5
1h,25,0.30205866634994916,27286,27305,10.0,1779879600000.0,2087.9,2079.47,2083.36,2079.5,2085.29,2078.88,2080.55
1h,25,0.30205866634994916,27286,27305,11.0,1779883200000.0,2085.29,2078.88,2080.55,2079.51,2097.4,2073.84,2078.76
1h,25,0.30205866634994916,27286,27305,12.0,1779886800000.0,2097.4,2073.84,2080.56,2078.76,2080.64,2051.96,2064.53
1h,25,0.30205866634994916,27286,27305,13.0,1779890400000.0,2080.64,2051.96,2078.76,2064.53,2071.86,2054.84,2062.62
1h,25,0.30205866634994916,27286,27305,14.0,1779894000000.0,2071.86,2054.84,2064.52,2062.62,2079.73,2061.21,2071.38
1h,25,0.30205866634994916,27286,27305,15.0,1779897600000.0,2079.73,2061.21,2071.38,2062.62,2074.5,2060.0,2070.15
1h,25,0.30205866634994916,27286,27305,16.0,1779901200000.0,2074.5,2060.0,2071.39,2070.15,2070.3,2044.08,2052.28
1h,25,0.30205866634994916,27286,27305,17.0,1779904800000.0,2070.3,2044.08,2070.14,2052.28,2056.92,2043.31,2056.71
1h,25,0.30205866634994916,27286,27305,18.0,1779908400000.0,2056.92,2043.31,2056.71,2052.27,2061.16,2054.42,2057.47
1h,25,0.30205866634994916,27286,27305,19.0,1779912000000.0,2061.16,2054.42,2057.47,2056.72,2066.14,2057.22,2063.29
4h,1,0.33667401151723175,6175,6194,1.0,1734537600000.0,3891.09,3825.0,3882.66,3867.98,3907.19,3770.0,3770.29
4h,1,0.33667401151723175,6175,6194,2.0,1734552000000.0,3907.19,3770.0,3867.99,3770.29,3786.23,3617.42,3626.8
4h,1,0.33667401151723175,6175,6194,3.0,1734566400000.0,3786.23,3617.42,3770.3,3626.8,3673.82,3542.22,3668.9
4h,1,0.33667401151723175,6175,6194,4.0,1734580800000.0,3673.82,3542.22,3668.9,3626.8,3699.58,3653.0,3693.79
4h,1,0.33667401151723175,6175,6194,5.0,1734595200000.0,3699.58,3653.0,3693.79,3668.9,3720.0,3664.28,3705.62
4h,1,0.33667401151723175,6175,6194,6.0,1734609600000.0,3720.0,3664.28,3705.62,3693.79,3710.2,3572.73,3613.92
4h,1,0.33667401151723175,6175,6194,7.0,1734624000000.0,3710.2,3572.73,3705.62,3613.92,3637.1,3376.2,3439.44
4h,1,0.33667401151723175,6175,6194,8.0,1734638400000.0,3637.1,3376.2,3613.92,3439.44,3465.11,3326.8,3417.01
4h,1,0.33667401151723175,6175,6194,9.0,1734652800000.0,3465.11,3326.8,3439.45,3417.01,3465.6,3370.47,3413.87
4h,1,0.33667401151723175,6175,6194,10.0,1734667200000.0,3465.6,3370.47,3417.01,3413.87,3431.16,3328.44,3390.48
4h,1,0.33667401151723175,6175,6194,11.0,1734681600000.0,3431.16,3328.44,3413.85,3390.48,3390.79,3103.0,3104.56
4h,1,0.33667401151723175,6175,6194,12.0,1734696000000.0,3390.79,3103.0,3390.48,3104.56,3396.4,3101.9,3374.61
4h,1,0.33667401151723175,6175,6194,13.0,1734710400000.0,3396.4,3101.9,3374.61,3104.68,3497.84,3366.68,3479.35
4h,1,0.33667401151723175,6175,6194,14.0,1734724800000.0,3497.84,3366.68,3479.35,3374.62,3489.99,3393.09,3472.21
4h,1,0.33667401151723175,6175,6194,15.0,1734739200000.0,3489.99,3393.09,3479.36,3472.21,3489.96,3445.35,3467.64
4h,1,0.33667401151723175,6175,6194,16.0,1734753600000.0,3489.96,3445.35,3472.2,3467.64,3555.18,3460.8,3523.46
4h,1,0.33667401151723175,6175,6194,17.0,1734768000000.0,3555.18,3460.8,3523.46,3467.64,3527.49,3423.91,3442.23
4h,1,0.33667401151723175,6175,6194,18.0,1734782400000.0,3527.49,3423.91,3523.45,3442.23,3444.24,3347.0,3390.4
4h,1,0.33667401151723175,6175,6194,19.0,1734796800000.0,3444.24,3347.0,3442.23,3390.4,3401.33,3326.59,3359.89
4h,2,0.3136913652893642,9307,9326,1.0,1779638400000.0,2126.58,2079.52,2126.19,2095.84,2109.0,2095.22,2100.87
4h,2,0.3136913652893642,9307,9326,2.0,1779652800000.0,2109.0,2095.22,2100.87,2095.83,2107.0,2063.0,2099.85
4h,2,0.3136913652893642,9307,9326,3.0,1779667200000.0,2107.0,2063.0,2100.87,2099.85,2113.25,2092.57,2095.58
4h,2,0.3136913652893642,9307,9326,4.0,1779681600000.0,2113.25,2092.57,2099.86,2095.58,2117.55,2092.26,2116.28
4h,2,0.3136913652893642,9307,9326,5.0,1779696000000.0,2117.55,2092.26,2116.28,2095.59,2124.1,2111.7,2114.95
4h,2,0.3136913652893642,9307,9326,6.0,1779710400000.0,2124.1,2111.7,2116.29,2114.95,2138.28,2112.25,2127.12
4h,2,0.3136913652893642,9307,9326,7.0,1779724800000.0,2138.28,2112.25,2127.12,2114.95,2141.98,2116.55,2121.43
4h,2,0.3136913652893642,9307,9326,8.0,1779739200000.0,2141.98,2116.55,2127.13,2121.43,2123.16,2102.35,2113.01
4h,2,0.3136913652893642,9307,9326,9.0,1779753600000.0,2123.16,2102.35,2121.42,2113.01,2113.89,2084.52,2093.12
4h,2,0.3136913652893642,9307,9326,10.0,1779768000000.0,2113.89,2084.52,2113.01,2093.12,2104.65,2088.82,2095.61
4h,2,0.3136913652893642,9307,9326,11.0,1779782400000.0,2104.65,2088.82,2095.61,2093.11,2137.29,2094.1,2121.01
4h,2,0.3136913652893642,9307,9326,12.0,1779796800000.0,2137.29,2094.1,2121.01,2095.61,2140.49,2078.75,2087.36
4h,2,0.3136913652893642,9307,9326,13.0,1779811200000.0,2140.49,2078.75,2121.0,2087.36,2089.97,2055.06,2074.29
4h,2,0.3136913652893642,9307,9326,14.0,1779825600000.0,2089.97,2055.06,2087.36,2074.29,2078.78,2065.98,2073.77
4h,2,0.3136913652893642,9307,9326,15.0,1779840000000.0,2078.78,2065.98,2074.3,2073.77,2084.23,2068.9,2070.0
4h,2,0.3136913652893642,9307,9326,16.0,1779854400000.0,2084.23,2068.9,2073.77,2070.0,2084.16,2056.31,2083.78
4h,2,0.3136913652893642,9307,9326,17.0,1779868800000.0,2084.16,2056.31,2083.78,2070.01,2096.71,2078.26,2080.55
4h,2,0.3136913652893642,9307,9326,18.0,1779883200000.0,2096.71,2078.26,2083.77,2080.55,2097.4,2051.96,2071.38
4h,2,0.3136913652893642,9307,9326,19.0,1779897600000.0,2097.4,2051.96,2080.56,2071.38,2074.5,2043.31,2057.47
4h,3,0.3136568170942352,2679,2698,1.0,1684195200000.0,1829.75,1813.0,1828.74,1816.2,1822.69,1796.2,1813.53
4h,3,0.3136568170942352,2679,2698,2.0,1684209600000.0,1822.69,1796.2,1816.21,1813.53,1823.61,1806.03,1822.68
4h,3,0.3136568170942352,2679,2698,3.0,1684224000000.0,1823.61,1806.03,1822.68,1813.53,1827.18,1811.67,1816.53
4h,3,0.3136568170942352,2679,2698,4.0,1684238400000.0,1827.18,1811.67,1822.68,1816.53,1823.24,1810.0,1820.2
4h,3,0.3136568170942352,2679,2698,5.0,1684252800000.0,1823.24,1810.0,1820.2,1816.54,1832.64,1814.34,1816.8
4h,3,0.3136568170942352,2679,2698,6.0,1684267200000.0,1832.64,1814.34,1820.2,1816.8,1829.34,1814.84,1824.21
4h,3,0.3136568170942352,2679,2698,7.0,1684281600000.0,1829.34,1814.84,1824.21,1816.79,1837.5,1817.71,1823.82
4h,3,0.3136568170942352,2679,2698,8.0,1684296000000.0,1837.5,1817.71,1824.21,1823.82,1826.69,1803.33,1807.75
4h,3,0.3136568170942352,2679,2698,9.0,1684310400000.0,1826.69,1803.33,1823.81,1807.75,1808.56,1788.1,1790.2
4h,3,0.3136568170942352,2679,2698,10.0,1684324800000.0,1808.56,1788.1,1807.74,1790.2,1800.35,1783.68,1797.24
4h,3,0.3136568170942352,2679,2698,11.0,1684339200000.0,1800.35,1783.68,1797.24,1790.2,1833.93,1794.68,1828.1
4h,3,0.3136568170942352,2679,2698,12.0,1684353600000.0,1833.93,1794.68,1828.1,1797.24,1835.37,1819.26,1822.12
4h,3,0.3136568170942352,2679,2698,13.0,1684368000000.0,1835.37,1819.26,1828.11,1822.12,1827.82,1818.28,1826.59
4h,3,0.3136568170942352,2679,2698,14.0,1684382400000.0,1827.82,1818.28,1826.59,1822.12,1831.92,1814.92,1827.1
4h,3,0.3136568170942352,2679,2698,15.0,1684396800000.0,1831.92,1814.92,1827.1,1826.58,1830.0,1823.24,1825.43
4h,3,0.3136568170942352,2679,2698,16.0,1684411200000.0,1830.0,1823.24,1827.1,1825.43,1827.18,1805.11,1807.99
4h,3,0.3136568170942352,2679,2698,17.0,1684425600000.0,1827.18,1805.11,1825.44,1807.99,1812.7,1771.12,1795.2
4h,3,0.3136568170942352,2679,2698,18.0,1684440000000.0,1812.7,1771.12,1807.99,1795.2,1821.36,1793.57,1800.56
4h,3,0.3136568170942352,2679,2698,19.0,1684454400000.0,1821.36,1793.57,1800.56,1795.2,1807.59,1796.81,1801.35
4h,4,0.3112080729793453,9326,9345,1.0,1779912000000.0,2074.5,2043.31,2071.39,2057.47,2066.14,2016.0,2024.84
4h,4,0.3112080729793453,9326,9345,2.0,1779926400000.0,2066.14,2016.0,2057.47,2024.84,2029.2,1972.0,1981.55
4h,4,0.3112080729793453,9326,9345,3.0,1779940800000.0,2029.2,1972.0,2024.83,1981.55,1996.78,1967.0,1995.56
4h,4,0.3112080729793453,9326,9345,4.0,1779955200000.0,1996.78,1967.0,1995.56,1981.55,1998.4,1984.85,1989.89
4h,4,0.3112080729793453,9326,9345,5.0,1779969600000.0,1998.4,1984.85,1995.56,1989.89,2002.5,1967.38,1990.65
4h,4,0.3112080729793453,9326,9345,6.0,1779984000000.0,2002.5,1967.38,1990.65,1989.88,2030.0,1985.22,2014.55
4h,4,0.3112080729793453,9326,9345,7.0,1779998400000.0,2030.0,1985.22,2014.55,1990.65,2024.63,2005.43,2009.9
4h,4,0.3112080729793453,9326,9345,8.0,1780012800000.0,2024.63,2005.43,2014.54,2009.9,2017.17,1997.24,2002.78
4h,4,0.3112080729793453,9326,9345,9.0,1780027200000.0,2017.17,1997.24,2009.89,2002.78,2021.51,1998.4,2007.62
4h,4,0.3112080729793453,9326,9345,10.0,1780041600000.0,2021.51,1998.4,2007.62,2002.79,2016.11,2002.35,2007.58
4h,4,0.3112080729793453,9326,9345,11.0,1780056000000.0,2016.11,2002.35,2007.61,2007.58,2046.59,1976.48,2031.62
4h,4,0.3112080729793453,9326,9345,12.0,1780070400000.0,2046.59,1976.48,2031.62,2007.58,2044.29,2005.0,2016.96
4h,4,0.3112080729793453,9326,9345,13.0,1780084800000.0,2044.29,2005.0,2031.62,2016.96,2023.99,2007.0,2014.54
4h,4,0.3112080729793453,9326,9345,14.0,1780099200000.0,2023.99,2007.0,2016.96,2014.54,2023.55,2010.69,2016.83
4h,4,0.3112080729793453,9326,9345,15.0,1780113600000.0,2023.55,2010.69,2016.83,2014.54,2020.56,2002.0,2016.32
4h,4,0.3112080729793453,9326,9345,16.0,1780128000000.0,2020.56,2002.0,2016.83,2016.32,2022.0,2013.92,2017.4
4h,4,0.3112080729793453,9326,9345,17.0,1780142400000.0,2022.0,2013.92,2017.4,2016.32,2032.0,2017.14,2026.61
4h,4,0.3112080729793453,9326,9345,18.0,1780156800000.0,2032.0,2017.14,2026.61,2017.4,2030.01,2019.5,2028.76
4h,4,0.3112080729793453,9326,9345,19.0,1780171200000.0,2030.01,2019.5,2028.76,2026.63,2031.41,2020.35,2022.44
4h,5,0.3111648688882593,8798,8817,1.0,1772308800000.0,1955.04,1886.02,1947.02,1898.87,1984.99,1938.76,1964.51
4h,5,0.3111648688882593,8798,8817,2.0,1772323200000.0,1984.99,1938.76,1964.51,1947.03,2054.8,1943.58,2023.29
4h,5,0.3111648688882593,8798,8817,3.0,1772337600000.0,2054.8,1943.58,2023.29,1964.51,2030.3,1989.0,2007.24
4h,5,0.3111648688882593,8798,8817,4.0,1772352000000.0,2030.3,1989.0,2023.29,2007.24,2010.18,1972.24,1983.32
4h,5,0.3111648688882593,8798,8817,5.0,1772366400000.0,2010.18,1972.24,2007.23,1983.32,2028.0,1968.6,1993.38
4h,5,0.3111648688882593,8798,8817,6.0,1772380800000.0,2028.0,1968.6,1993.38,1983.32,2009.38,1946.55,1953.9
4h,5,0.3111648688882593,8798,8817,7.0,1772395200000.0,2009.38,1946.55,1993.38,1953.9,1971.01,1907.41,1939.71
4h,5,0.3111648688882593,8798,8817,8.0,1772409600000.0,1971.01,1907.41,1953.89,1939.71,1989.23,1937.42,1972.3
4h,5,0.3111648688882593,8798,8817,9.0,1772424000000.0,1989.23,1937.42,1972.3,1939.71,1983.6,1925.53,1941.66
4h,5,0.3111648688882593,8798,8817,10.0,1772438400000.0,1983.6,1925.53,1972.3,1941.66,1967.13,1920.0,1947.81
4h,5,0.3111648688882593,8798,8817,11.0,1772452800000.0,1967.13,1920.0,1947.81,1941.65,2065.48,1921.7,2047.33
4h,5,0.3111648688882593,8798,8817,12.0,1772467200000.0,2065.48,1921.7,2047.33,1947.8,2090.0,2017.15,2043.57
4h,5,0.3111648688882593,8798,8817,13.0,1772481600000.0,2090.0,2017.15,2047.33,2043.57,2058.59,2024.32,2027.35
4h,5,0.3111648688882593,8798,8817,14.0,1772496000000.0,2058.59,2024.32,2043.56,2027.35,2041.48,1998.0,2008.88
4h,5,0.3111648688882593,8798,8817,15.0,1772510400000.0,2041.48,1998.0,2027.34,2008.88,2019.4,1987.5,1996.33
4h,5,0.3111648688882593,8798,8817,16.0,1772524800000.0,2019.4,1987.5,2008.88,1996.33,2000.53,1939.1,1961.28
4h,5,0.3111648688882593,8798,8817,17.0,1772539200000.0,2000.53,1939.1,1996.32,1961.28,1990.07,1929.56,1969.22
4h,5,0.3111648688882593,8798,8817,18.0,1772553600000.0,1990.07,1929.56,1969.22,1961.28,2014.12,1958.76,1986.02
4h,5,0.3111648688882593,8798,8817,19.0,1772568000000.0,2014.12,1958.76,1986.02,1969.21,2001.63,1959.35,1982.8
4h,6,0.3109807064625408,8147,8166,1.0,1762934400000.0,3458.07,3424.58,3439.11,3428.23,3570.06,3428.24,3549.38
4h,6,0.3109807064625408,8147,8166,2.0,1762948800000.0,3570.06,3428.24,3549.38,3428.24,3588.19,3418.6,3427.85
4h,6,0.3109807064625408,8147,8166,3.0,1762963200000.0,3588.19,3418.6,3549.37,3427.85,3454.65,3371.65,3407.99
4h,6,0.3109807064625408,8147,8166,4.0,1762977600000.0,3454.65,3371.65,3427.85,3407.99,3439.62,3392.0,3414.92
4h,6,0.3109807064625408,8147,8166,5.0,1762992000000.0,3439.62,3392.0,3414.92,3408.0,3473.48,3377.68,3452.86
4h,6,0.3109807064625408,8147,8166,6.0,1763006400000.0,3473.48,3377.68,3452.86,3414.91,3565.84,3434.03,3538.74
4h,6,0.3109807064625408,8147,8166,7.0,1763020800000.0,3565.84,3434.03,3538.74,3452.86,3550.0,3476.06,3501.95
4h,6,0.3109807064625408,8147,8166,8.0,1763035200000.0,3550.0,3476.06,3538.74,3501.95,3511.31,3367.03,3386.85
4h,6,0.3109807064625408,8147,8166,9.0,1763049600000.0,3511.31,3367.03,3501.94,3386.85,3398.24,3175.83,3197.69
4h,6,0.3109807064625408,8147,8166,10.0,1763064000000.0,3398.24,3175.83,3386.84,3197.69,3272.3,3154.22,3231.54
4h,6,0.3109807064625408,8147,8166,11.0,1763078400000.0,3272.3,3154.22,3231.54,3197.69,3251.88,3186.2,3227.93
4h,6,0.3109807064625408,8147,8166,12.0,1763092800000.0,3251.88,3186.2,3231.55,3227.93,3241.32,3104.66,3215.59
4h,6,0.3109807064625408,8147,8166,13.0,1763107200000.0,3241.32,3104.66,3227.94,3215.59,3219.39,3116.82,3144.35
4h,6,0.3109807064625408,8147,8166,14.0,1763121600000.0,3219.39,3116.82,3215.6,3144.35,3234.49,3070.0,3196.7
4h,6,0.3109807064625408,8147,8166,15.0,1763136000000.0,3234.49,3070.0,3196.7,3144.34,3256.71,3155.0,3207.86
4h,6,0.3109807064625408,8147,8166,16.0,1763150400000.0,3256.71,3155.0,3207.86,3196.7,3213.22,3090.0,3112.4
4h,6,0.3109807064625408,8147,8166,17.0,1763164800000.0,3213.22,3090.0,3207.87,3112.4,3194.0,3110.68,3179.16
4h,6,0.3109807064625408,8147,8166,18.0,1763179200000.0,3194.0,3110.68,3179.16,3112.4,3191.65,3159.03,3176.55
4h,6,0.3109807064625408,8147,8166,19.0,1763193600000.0,3191.65,3159.03,3179.17,3176.55,3177.98,3134.23,3152.52
4h,7,0.31054588855822524,2900,2919,1.0,1687377600000.0,1900.0,1846.88,1882.35,1849.81,1901.0,1872.03,1889.11
4h,7,0.31054588855822524,2900,2919,2.0,1687392000000.0,1901.0,1872.03,1889.11,1882.35,1933.17,1883.8,1918.45
4h,7,0.31054588855822524,2900,2919,3.0,1687406400000.0,1933.17,1883.8,1918.45,1889.1,1919.5,1902.83,1910.79
4h,7,0.31054588855822524,2900,2919,4.0,1687420800000.0,1919.5,1902.83,1918.45,1910.79,1912.32,1881.43,1886.76
4h,7,0.31054588855822524,2900,2919,5.0,1687435200000.0,1912.32,1881.43,1910.79,1886.76,1909.4,1865.98,1877.25
4h,7,0.31054588855822524,2900,2919,6.0,1687449600000.0,1909.4,1865.98,1886.76,1877.25,1892.46,1875.47,1889.6
4h,7,0.31054588855822524,2900,2919,7.0,1687464000000.0,1892.46,1875.47,1889.6,1877.24,1891.4,1867.07,1872.01
4h,7,0.31054588855822524,2900,2919,8.0,1687478400000.0,1891.4,1867.07,1889.6,1872.01,1883.61,1862.56,1881.75
4h,7,0.31054588855822524,2900,2919,9.0,1687492800000.0,1883.61,1862.56,1881.75,1872.0,1886.45,1874.8,1880.44
4h,7,0.31054588855822524,2900,2919,10.0,1687507200000.0,1886.45,1874.8,1881.74,1880.44,1888.69,1874.64,1879.76
4h,7,0.31054588855822524,2900,2919,11.0,1687521600000.0,1888.69,1874.64,1880.44,1879.76,1922.16,1861.01,1917.61
4h,7,0.31054588855822524,2900,2919,12.0,1687536000000.0,1922.16,1861.01,1917.61,1879.75,1936.42,1886.01,1900.82
4h,7,0.31054588855822524,2900,2919,13.0,1687550400000.0,1936.42,1886.01,1917.61,1900.82,1908.01,1876.0,1892.63
4h,7,0.31054588855822524,2900,2919,14.0,1687564800000.0,1908.01,1876.0,1900.83,1892.63,1896.55,1878.15,1894.0
4h,7,0.31054588855822524,2900,2919,15.0,1687579200000.0,1896.55,1878.15,1894.0,1892.63,1897.86,1882.2,1883.04
4h,7,0.31054588855822524,2900,2919,16.0,1687593600000.0,1897.86,1882.2,1894.01,1883.04,1893.08,1882.27,1890.49
4h,7,0.31054588855822524,2900,2919,17.0,1687608000000.0,1893.08,1882.27,1890.49,1883.04,1906.0,1868.43,1874.3
4h,7,0.31054588855822524,2900,2919,18.0,1687622400000.0,1906.0,1868.43,1890.48,1874.3,1889.22,1867.2,1888.0
4h,7,0.31054588855822524,2900,2919,19.0,1687636800000.0,1889.22,1867.2,1888.0,1874.31,1888.0,1864.77,1874.96
4h,8,0.306785361404897,7223,7242,1.0,1749628800000.0,2804.03,2780.15,2791.59,2791.07,2793.57,2754.0,2772.25
4h,8,0.306785361404897,7223,7242,2.0,1749643200000.0,2793.57,2754.0,2791.6,2772.25,2879.22,2764.1,2865.21
4h,8,0.306785361404897,7223,7242,3.0,1749657600000.0,2879.22,2764.1,2865.21,2772.26,2875.72,2801.5,2813.35
4h,8,0.306785361404897,7223,7242,4.0,1749672000000.0,2875.72,2801.5,2865.2,2813.35,2831.21,2743.75,2771.61
4h,8,0.306785361404897,7223,7242,5.0,1749686400000.0,2831.21,2743.75,2813.32,2771.61,2784.83,2746.49,2765.08
4h,8,0.306785361404897,7223,7242,6.0,1749700800000.0,2784.83,2746.49,2771.6,2765.08,2777.21,2733.68,2741.0
4h,8,0.306785361404897,7223,7242,7.0,1749715200000.0,2777.21,2733.68,2765.08,2741.0,2762.11,2720.38,2729.8
4h,8,0.306785361404897,7223,7242,8.0,1749729600000.0,2762.11,2720.38,2740.99,2729.8,2773.21,2711.94,2719.79
4h,8,0.306785361404897,7223,7242,9.0,1749744000000.0,2773.21,2711.94,2729.8,2719.79,2771.0,2690.93,2695.0
4h,8,0.306785361404897,7223,7242,10.0,1749758400000.0,2771.0,2690.93,2719.79,2695.0,2703.6,2616.24,2642.65
4h,8,0.306785361404897,7223,7242,11.0,1749772800000.0,2703.6,2616.24,2695.0,2642.65,2645.45,2436.98,2514.33
4h,8,0.306785361404897,7223,7242,12.0,1749787200000.0,2645.45,2436.98,2642.66,2514.33,2542.26,2492.0,2526.45
4h,8,0.306785361404897,7223,7242,13.0,1749801600000.0,2542.26,2492.0,2526.45,2514.32,2545.55,2506.84,2545.4
4h,8,0.306785361404897,7223,7242,14.0,1749816000000.0,2545.55,2506.84,2545.4,2526.46,2563.24,2502.9,2551.27
4h,8,0.306785361404897,7223,7242,15.0,1749830400000.0,2563.24,2502.9,2551.27,2545.41,2585.2,2510.0,2527.72
4h,8,0.306785361404897,7223,7242,16.0,1749844800000.0,2585.2,2510.0,2551.28,2527.72,2583.24,2524.19,2579.19
4h,8,0.306785361404897,7223,7242,17.0,1749859200000.0,2583.24,2524.19,2579.19,2527.72,2579.43,2547.03,2548.76
4h,8,0.306785361404897,7223,7242,18.0,1749873600000.0,2579.43,2547.03,2579.19,2548.76,2556.62,2525.72,2537.5
4h,8,0.306785361404897,7223,7242,19.0,1749888000000.0,2556.62,2525.72,2548.76,2537.5,2539.79,2518.51,2538.52
4h,9,0.3062930836026302,4939,4958,1.0,1716739200000.0,3875.8,3792.14,3833.05,3813.79,3884.2,3831.26,3878.86
4h,9,0.3062930836026302,4939,4958,2.0,1716753600000.0,3884.2,3831.26,3878.86,3833.06,3879.63,3817.39,3826.47
4h,9,0.3062930836026302,4939,4958,3.0,1716768000000.0,3879.63,3817.39,3878.86,3826.47,3939.59,3823.37,3919.58
4h,9,0.3062930836026302,4939,4958,4.0,1716782400000.0,3939.59,3823.37,3919.58,3826.47,3935.0,3888.71,3914.01
4h,9,0.3062930836026302,4939,4958,5.0,1716796800000.0,3935.0,3888.71,3919.59,3914.01,3954.35,3884.17,3900.49
4h,9,0.3062930836026302,4939,4958,6.0,1716811200000.0,3954.35,3884.17,3914.01,3900.49,3977.0,3891.81,3963.39
4h,9,0.3062930836026302,4939,4958,7.0,1716825600000.0,3977.0,3891.81,3963.39,3900.5,3974.3,3854.16,3873.25
4h,9,0.3062930836026302,4939,4958,8.0,1716840000000.0,3974.3,3854.16,3963.39,3873.25,3905.14,3860.71,3894.22
4h,9,0.3062930836026302,4939,4958,9.0,1716854400000.0,3905.14,3860.71,3894.22,3873.26,3910.0,3827.41,3849.71
4h,9,0.3062930836026302,4939,4958,10.0,1716868800000.0,3910.0,3827.41,3894.21,3849.71,3864.85,3821.63,3847.29
4h,9,0.3062930836026302,4939,4958,11.0,1716883200000.0,3864.85,3821.63,3849.72,3847.29,3931.09,3839.0,3904.34
4h,9,0.3062930836026302,4939,4958,12.0,1716897600000.0,3931.09,3839.0,3904.34,3847.3,3912.0,3831.29,3861.1
4h,9,0.3062930836026302,4939,4958,13.0,1716912000000.0,3912.0,3831.29,3904.34,3861.1,3869.14,3773.9,3840.81
4h,9,0.3062930836026302,4939,4958,14.0,1716926400000.0,3869.14,3773.9,3861.1,3840.81,3871.76,3823.0,3844.69
4h,9,0.3062930836026302,4939,4958,15.0,1716940800000.0,3871.76,3823.0,3844.69,3840.8,3862.41,3835.15,3851.0
4h,9,0.3062930836026302,4939,4958,16.0,1716955200000.0,3862.41,3835.15,3851.0,3844.69,3888.55,3818.48,3820.0
4h,9,0.3062930836026302,4939,4958,17.0,1716969600000.0,3888.55,3818.48,3850.99,3820.0,3828.88,3781.0,3811.16
4h,9,0.3062930836026302,4939,4958,18.0,1716984000000.0,3828.88,3781.0,3819.99,3811.16,3838.83,3750.6,3759.85
4h,9,0.3062930836026302,4939,4958,19.0,1716998400000.0,3838.83,3750.6,3811.15,3759.85,3780.0,3744.41,3749.66
4h,10,0.3060926861932875,6762,6781,1.0,1742990400000.0,2075.76,2057.6,2069.26,2068.51,2070.52,2006.66,2012.27
4h,10,0.3060926861932875,6762,6781,2.0,1743004800000.0,2070.52,2006.66,2068.52,2012.27,2022.13,1981.6,1999.92
4h,10,0.3060926861932875,6762,6781,3.0,1743019200000.0,2022.13,1981.6,2012.27,1999.92,2017.92,1991.85,2009.52
4h,10,0.3060926861932875,6762,6781,4.0,1743033600000.0,2017.92,1991.85,2009.52,1999.91,2037.38,2006.78,2031.32
4h,10,0.3060926861932875,6762,6781,5.0,1743048000000.0,2037.38,2006.78,2031.32,2009.52,2032.87,2020.95,2026.43
4h,10,0.3060926861932875,6762,6781,6.0,1743062400000.0,2032.87,2020.95,2031.32,2026.43,2035.92,2012.21,2016.21
4h,10,0.3060926861932875,6762,6781,7.0,1743076800000.0,2035.92,2012.21,2026.42,2016.21,2026.32,1987.06,2005.49
4h,10,0.3060926861932875,6762,6781,8.0,1743091200000.0,2026.32,1987.06,2016.21,2005.49,2015.16,1993.65,2004.08
4h,10,0.3060926861932875,6762,6781,9.0,1743105600000.0,2015.16,1993.65,2005.48,2004.08,2020.0,1999.68,2003.66
4h,10,0.3060926861932875,6762,6781,10.0,1743120000000.0,2020.0,1999.68,2004.13,2003.66,2015.93,1991.63,1999.84
4h,10,0.3060926861932875,6762,6781,11.0,1743134400000.0,2015.93,1991.63,2003.67,1999.84,2004.7,1900.0,1910.21
4h,10,0.3060926861932875,6762,6781,12.0,1743148800000.0,2004.7,1900.0,1999.84,1910.21,1925.0,1860.0,1900.48
4h,10,0.3060926861932875,6762,6781,13.0,1743163200000.0,1925.0,1860.0,1910.21,1900.48,1903.87,1871.58,1872.13
4h,10,0.3060926861932875,6762,6781,14.0,1743177600000.0,1903.87,1871.58,1900.47,1872.13,1887.28,1862.14,1874.16
4h,10,0.3060926861932875,6762,6781,15.0,1743192000000.0,1887.28,1862.14,1874.16,1872.13,1902.0,1873.75,1896.9
4h,10,0.3060926861932875,6762,6781,16.0,1743206400000.0,1902.0,1873.75,1896.9,1874.17,1913.6,1886.27,1899.83
4h,10,0.3060926861932875,6762,6781,17.0,1743220800000.0,1913.6,1886.27,1899.83,1896.9,1904.96,1875.41,1880.14
4h,10,0.3060926861932875,6762,6781,18.0,1743235200000.0,1904.96,1875.41,1899.84,1880.14,1887.28,1833.5,1844.55
4h,10,0.3060926861932875,6762,6781,19.0,1743249600000.0,1887.28,1833.5,1880.14,1844.55,1863.75,1833.84,1840.24
4h,11,0.3060018420674329,3274,3293,1.0,1692763200000.0,1642.47,1629.05,1635.0,1632.01,1658.09,1630.85,1645.3
4h,11,0.3060018420674329,3274,3293,2.0,1692777600000.0,1658.09,1630.85,1645.3,1632.0,1648.95,1639.89,1642.39
4h,11,0.3060018420674329,3274,3293,3.0,1692792000000.0,1648.95,1639.89,1645.3,1642.39,1660.0,1634.46,1657.37
4h,11,0.3060018420674329,3274,3293,4.0,1692806400000.0,1660.0,1634.46,1657.37,1642.39,1702.11,1655.8,1687.2
4h,11,0.3060018420674329,3274,3293,5.0,1692820800000.0,1702.11,1655.8,1687.2,1657.37,1692.78,1660.0,1679.61
4h,11,0.3060018420674329,3274,3293,6.0,1692835200000.0,1692.78,1660.0,1687.2,1679.61,1683.37,1672.36,1675.54
4h,11,0.3060018420674329,3274,3293,7.0,1692849600000.0,1683.37,1672.36,1679.61,1675.54,1679.0,1672.5,1674.69
4h,11,0.3060018420674329,3274,3293,8.0,1692864000000.0,1679.0,1672.5,1675.53,1674.69,1677.86,1666.2,1667.68
4h,11,0.3060018420674329,3274,3293,9.0,1692878400000.0,1677.86,1666.2,1674.69,1667.68,1669.79,1642.02,1643.4
4h,11,0.3060018420674329,3274,3293,10.0,1692892800000.0,1669.79,1642.02,1667.68,1643.4,1656.53,1635.28,1649.99
4h,11,0.3060018420674329,3274,3293,11.0,1692907200000.0,1656.53,1635.28,1649.99,1643.4,1665.28,1643.52,1661.16
4h,11,0.3060018420674329,3274,3293,12.0,1692921600000.0,1665.28,1643.52,1661.16,1649.99,1664.28,1645.66,1655.29
4h,11,0.3060018420674329,3274,3293,13.0,1692936000000.0,1664.28,1645.66,1661.16,1655.29,1655.8,1646.81,1651.3
4h,11,0.3060018420674329,3274,3293,14.0,1692950400000.0,1655.8,1646.81,1655.29,1651.3,1658.96,1651.16,1654.1
4h,11,0.3060018420674329,3274,3293,15.0,1692964800000.0,1658.96,1651.16,1654.1,1651.3,1677.22,1636.22,1646.26
4h,11,0.3060018420674329,3274,3293,16.0,1692979200000.0,1677.22,1636.22,1654.11,1646.26,1655.65,1635.51,1647.01
4h,11,0.3060018420674329,3274,3293,17.0,1692993600000.0,1655.65,1635.51,1647.01,1646.27,1655.0,1645.81,1653.8
4h,11,0.3060018420674329,3274,3293,18.0,1693008000000.0,1655.0,1645.81,1653.8,1647.0,1655.59,1651.62,1654.62
4h,11,0.3060018420674329,3274,3293,19.0,1693022400000.0,1655.59,1651.62,1654.62,1653.79,1654.77,1650.83,1652.83
4h,12,0.3025347724007012,8091,8110,1.0,1762128000000.0,3916.27,3844.05,3906.58,3855.99,3914.29,3728.09,3736.23
4h,12,0.3025347724007012,8091,8110,2.0,1762142400000.0,3914.29,3728.09,3906.58,3736.23,3765.46,3684.0,3714.58
4h,12,0.3025347724007012,8091,8110,3.0,1762156800000.0,3765.46,3684.0,3736.23,3714.58,3740.0,3662.88,3711.68
4h,12,0.3025347724007012,8091,8110,4.0,1762171200000.0,3740.0,3662.88,3714.54,3711.68,3748.64,3582.29,3588.89
4h,12,0.3025347724007012,8091,8110,5.0,1762185600000.0,3748.64,3582.29,3711.68,3588.89,3682.35,3564.13,3631.5
4h,12,0.3025347724007012,8091,8110,6.0,1762200000000.0,3682.35,3564.13,3631.5,3588.89,3636.69,3558.82,3603.83
4h,12,0.3025347724007012,8091,8110,7.0,1762214400000.0,3636.69,3558.82,3631.5,3603.83,3654.54,3567.27,3642.29
4h,12,0.3025347724007012,8091,8110,8.0,1762228800000.0,3654.54,3567.27,3642.29,3603.84,3647.95,3474.1,3494.56
4h,12,0.3025347724007012,8091,8110,9.0,1762243200000.0,3647.95,3474.1,3642.3,3494.56,3534.0,3460.3,3529.52
4h,12,0.3025347724007012,8091,8110,10.0,1762257600000.0,3534.0,3460.3,3529.52,3494.56,3587.66,3474.0,3507.58
4h,12,0.3025347724007012,8091,8110,11.0,1762272000000.0,3587.66,3474.0,3529.53,3507.58,3520.58,3226.16,3230.94
4h,12,0.3025347724007012,8091,8110,12.0,1762286400000.0,3520.58,3226.16,3507.59,3230.94,3304.49,3057.0,3287.05
4h,12,0.3025347724007012,8091,8110,13.0,1762300800000.0,3304.49,3057.0,3287.05,3230.94,3349.12,3166.66,3334.83
4h,12,0.3025347724007012,8091,8110,14.0,1762315200000.0,3349.12,3166.66,3334.83,3287.05,3354.6,3300.89,3331.08
4h,12,0.3025347724007012,8091,8110,15.0,1762329600000.0,3354.6,3300.89,3334.83,3331.08,3331.09,3274.54,3322.55
4h,12,0.3025347724007012,8091,8110,16.0,1762344000000.0,3331.09,3274.54,3331.09,3322.55,3399.19,3312.93,3398.36
4h,12,0.3025347724007012,8091,8110,17.0,1762358400000.0,3399.19,3312.93,3398.36,3322.58,3479.16,3370.82,3455.12
4h,12,0.3025347724007012,8091,8110,18.0,1762372800000.0,3479.16,3370.82,3455.12,3398.37,3480.46,3415.29,3424.29
4h,12,0.3025347724007012,8091,8110,19.0,1762387200000.0,3480.46,3415.29,3455.11,3424.29,3450.5,3375.13,3432.9
4h,13,0.30232305820650707,4783,4802,1.0,1714492800000.0,3037.42,2966.01,3007.45,2994.12,2998.6,2921.0,2928.96
4h,13,0.30232305820650707,4783,4802,2.0,1714507200000.0,2998.6,2921.0,2994.11,2928.96,3029.4,2928.0,3014.05
4h,13,0.30232305820650707,4783,4802,3.0,1714521600000.0,3029.4,2928.0,3014.05,2928.96,3023.24,2960.03,3004.37
4h,13,0.30232305820650707,4783,4802,4.0,1714536000000.0,3023.24,2960.03,3014.04,3004.37,3013.87,2859.0,2869.71
4h,13,0.30232305820650707,4783,4802,5.0,1714550400000.0,3013.87,2859.0,3004.37,2869.71,2906.27,2817.0,2905.39
4h,13,0.30232305820650707,4783,4802,6.0,1714564800000.0,2906.27,2817.0,2905.39,2869.7,2934.0,2865.91,2885.45
4h,13,0.30232305820650707,4783,4802,7.0,1714579200000.0,2934.0,2865.91,2905.4,2885.45,3015.73,2868.72,2926.06
4h,13,0.30232305820650707,4783,4802,8.0,1714593600000.0,3015.73,2868.72,2926.06,2885.46,2984.89,2914.42,2972.46
4h,13,0.30232305820650707,4783,4802,9.0,1714608000000.0,2984.89,2914.42,2972.46,2926.05,2982.18,2893.26,2929.33
4h,13,0.30232305820650707,4783,4802,10.0,1714622400000.0,2982.18,2893.26,2972.46,2929.33,2938.0,2898.2,2921.22
4h,13,0.30232305820650707,4783,4802,11.0,1714636800000.0,2938.0,2898.2,2929.34,2921.22,3002.51,2916.73,2995.55
4h,13,0.30232305820650707,4783,4802,12.0,1714651200000.0,3002.51,2916.73,2995.55,2921.22,3013.0,2952.4,2990.17
4h,13,0.30232305820650707,4783,4802,13.0,1714665600000.0,3013.0,2952.4,2995.54,2990.17,3006.0,2972.0,2999.81
4h,13,0.30232305820650707,4783,4802,14.0,1714680000000.0,3006.0,2972.0,2999.81,2990.16,3016.72,2968.84,2986.19
4h,13,0.30232305820650707,4783,4802,15.0,1714694400000.0,3016.72,2968.84,2999.8,2986.19,3036.17,2977.7,3010.15
4h,13,0.30232305820650707,4783,4802,16.0,1714708800000.0,3036.17,2977.7,3010.15,2986.19,3017.2,2958.71,2969.0
4h,13,0.30232305820650707,4783,4802,17.0,1714723200000.0,3017.2,2958.71,3010.14,2969.0,2990.62,2958.32,2979.5
4h,13,0.30232305820650707,4783,4802,18.0,1714737600000.0,2990.62,2958.32,2979.5,2969.0,3086.0,2969.75,3075.52
4h,13,0.30232305820650707,4783,4802,19.0,1714752000000.0,3086.0,2969.75,3075.52,2979.49,3087.99,3062.61,3072.5
4h,14,0.3021690943548673,5353,5372,1.0,1722700800000.0,3018.02,2938.88,2997.2,2942.4,2955.39,2878.0,2893.53
4h,14,0.3021690943548673,5353,5372,2.0,1722715200000.0,2955.39,2878.0,2942.4,2893.53,2922.41,2859.0,2903.64
4h,14,0.3021690943548673,5353,5372,3.0,1722729600000.0,2922.41,2859.0,2903.64,2893.53,2935.46,2876.22,2915.78
4h,14,0.3021690943548673,5353,5372,4.0,1722744000000.0,2935.46,2876.22,2915.78,2903.65,2922.0,2888.0,2893.24
4h,14,0.3021690943548673,5353,5372,5.0,1722758400000.0,2922.0,2888.0,2915.79,2893.24,2925.0,2876.93,2914.22
4h,14,0.3021690943548673,5353,5372,6.0,1722772800000.0,2925.0,2876.93,2914.22,2893.24,2925.8,2819.5,2826.98
4h,14,0.3021690943548673,5353,5372,7.0,1722787200000.0,2925.8,2819.5,2914.22,2826.98,2837.96,2630.0,2757.55
4h,14,0.3021690943548673,5353,5372,8.0,1722801600000.0,2837.96,2630.0,2827.0,2757.55,2772.74,2681.04,2688.92
4h,14,0.3021690943548673,5353,5372,9.0,1722816000000.0,2772.74,2681.04,2757.55,2688.92,2697.44,2111.0,2312.72
4h,14,0.3021690943548673,5353,5372,10.0,1722830400000.0,2697.44,2111.0,2688.91,2312.72,2386.44,2160.0,2357.55
4h,14,0.3021690943548673,5353,5372,11.0,1722844800000.0,2386.44,2160.0,2357.55,2312.72,2362.24,2224.22,2290.57
4h,14,0.3021690943548673,5353,5372,12.0,1722859200000.0,2362.24,2224.22,2357.54,2290.57,2462.9,2183.51,2450.8
4h,14,0.3021690943548673,5353,5372,13.0,1722873600000.0,2462.9,2183.51,2450.8,2290.6,2518.0,2364.14,2404.9
4h,14,0.3021690943548673,5353,5372,14.0,1722888000000.0,2518.0,2364.14,2450.8,2404.9,2474.75,2401.53,2419.59
4h,14,0.3021690943548673,5353,5372,15.0,1722902400000.0,2474.75,2401.53,2419.59,2404.89,2547.43,2415.8,2491.9
4h,14,0.3021690943548673,5353,5372,16.0,1722916800000.0,2547.43,2415.8,2491.9,2419.76,2535.19,2478.53,2523.41
4h,14,0.3021690943548673,5353,5372,17.0,1722931200000.0,2535.19,2478.53,2523.41,2491.9,2525.0,2440.32,2458.91
4h,14,0.3021690943548673,5353,5372,18.0,1722945600000.0,2525.0,2440.32,2523.42,2458.91,2556.23,2414.19,2527.6
4h,14,0.3021690943548673,5353,5372,19.0,1722960000000.0,2556.23,2414.19,2527.6,2458.9,2549.73,2480.99,2493.04
4h,15,0.30119770414292935,6474,6493,1.0,1738843200000.0,2857.64,2793.05,2831.33,2803.92,2807.77,2683.71,2705.57
4h,15,0.30119770414292935,6474,6493,2.0,1738857600000.0,2807.77,2683.71,2803.92,2705.57,2726.75,2672.03,2689.57
4h,15,0.30119770414292935,6474,6493,3.0,1738872000000.0,2726.75,2672.03,2705.57,2689.57,2725.6,2655.28,2686.64
4h,15,0.30119770414292935,6474,6493,4.0,1738886400000.0,2725.6,2655.28,2689.56,2686.64,2739.61,2679.79,2715.58
4h,15,0.30119770414292935,6474,6493,5.0,1738900800000.0,2739.61,2679.79,2715.58,2686.63,2731.0,2668.03,2713.07
4h,15,0.30119770414292935,6474,6493,6.0,1738915200000.0,2731.0,2668.03,2715.58,2713.07,2764.78,2705.56,2762.69
4h,15,0.30119770414292935,6474,6493,7.0,1738929600000.0,2764.78,2705.56,2762.69,2713.06,2797.5,2710.97,2721.73
4h,15,0.30119770414292935,6474,6493,8.0,1738944000000.0,2797.5,2710.97,2762.69,2721.73,2727.78,2655.8,2659.3
4h,15,0.30119770414292935,6474,6493,9.0,1738958400000.0,2727.78,2655.8,2721.74,2659.3,2661.85,2562.51,2622.1
4h,15,0.30119770414292935,6474,6493,10.0,1738972800000.0,2661.85,2562.51,2659.3,2622.1,2667.3,2615.88,2641.66
4h,15,0.30119770414292935,6474,6493,11.0,1738987200000.0,2667.3,2615.88,2641.66,2622.11,2648.99,2594.63,2629.61
4h,15,0.30119770414292935,6474,6493,12.0,1739001600000.0,2648.99,2594.63,2641.67,2629.61,2632.5,2601.4,2613.32
4h,15,0.30119770414292935,6474,6493,13.0,1739016000000.0,2632.5,2601.4,2629.61,2613.32,2636.9,2588.8,2605.24
4h,15,0.30119770414292935,6474,6493,14.0,1739030400000.0,2636.9,2588.8,2613.3,2605.24,2649.9,2589.97,2637.89
4h,15,0.30119770414292935,6474,6493,15.0,1739044800000.0,2649.9,2589.97,2637.89,2605.24,2645.6,2623.78,2632.46
4h,15,0.30119770414292935,6474,6493,16.0,1739059200000.0,2645.6,2623.78,2637.89,2632.46,2698.9,2626.63,2678.54
4h,15,0.30119770414292935,6474,6493,17.0,1739073600000.0,2698.9,2626.63,2678.54,2632.46,2678.9,2649.29,2662.59
4h,15,0.30119770414292935,6474,6493,18.0,1739088000000.0,2678.9,2649.29,2678.53,2662.59,2673.38,2650.99,2654.78
4h,15,0.30119770414292935,6474,6493,19.0,1739102400000.0,2673.38,2650.99,2662.59,2654.78,2661.81,2611.78,2653.21
4h,16,0.3006036084050496,3147,3166,1.0,1690934400000.0,1875.62,1846.71,1873.47,1850.95,1879.74,1863.04,1863.28
4h,16,0.3006036084050496,3147,3166,2.0,1690948800000.0,1879.74,1863.04,1873.48,1863.28,1865.0,1856.16,1857.08
4h,16,0.3006036084050496,3147,3166,3.0,1690963200000.0,1865.0,1856.16,1863.29,1857.08,1861.01,1853.66,1859.9
4h,16,0.3006036084050496,3147,3166,4.0,1690977600000.0,1861.01,1853.66,1859.9,1857.08,1861.0,1834.44,1842.42
4h,16,0.3006036084050496,3147,3166,5.0,1690992000000.0,1861.0,1834.44,1859.89,1842.42,1847.53,1821.21,1841.84
4h,16,0.3006036084050496,3147,3166,6.0,1691006400000.0,1847.53,1821.21,1842.42,1841.84,1845.58,1837.6,1839.9
4h,16,0.3006036084050496,3147,3166,7.0,1691020800000.0,1845.58,1837.6,1841.85,1839.9,1846.07,1837.2,1840.73
4h,16,0.3006036084050496,3147,3166,8.0,1691035200000.0,1846.07,1837.2,1840.73,1839.9,1840.98,1832.0,1832.16
4h,16,0.3006036084050496,3147,3166,9.0,1691049600000.0,1840.98,1832.0,1840.72,1832.16,1838.78,1826.0,1837.62
4h,16,0.3006036084050496,3147,3166,10.0,1691064000000.0,1838.78,1826.0,1837.62,1832.16,1850.0,1833.7,1840.5
4h,16,0.3006036084050496,3147,3166,11.0,1691078400000.0,1850.0,1833.7,1840.5,1837.63,1859.12,1839.31,1845.48
4h,16,0.3006036084050496,3147,3166,12.0,1691092800000.0,1859.12,1839.31,1845.48,1840.49,1853.7,1831.11,1835.81
4h,16,0.3006036084050496,3147,3166,13.0,1691107200000.0,1853.7,1831.11,1845.47,1835.81,1839.07,1828.35,1834.3
4h,16,0.3006036084050496,3147,3166,14.0,1691121600000.0,1839.07,1828.35,1835.81,1834.3,1838.27,1831.21,1837.8
4h,16,0.3006036084050496,3147,3166,15.0,1691136000000.0,1838.27,1831.21,1837.8,1834.3,1840.58,1833.38,1834.6
4h,16,0.3006036084050496,3147,3166,16.0,1691150400000.0,1840.58,1833.38,1837.81,1834.6,1851.31,1831.5,1847.26
4h,16,0.3006036084050496,3147,3166,17.0,1691164800000.0,1851.31,1831.5,1847.26,1834.6,1848.57,1827.16,1831.33
4h,16,0.3006036084050496,3147,3166,18.0,1691179200000.0,1848.57,1827.16,1847.26,1831.33,1834.2,1815.74,1830.23
4h,16,0.3006036084050496,3147,3166,19.0,1691193600000.0,1834.2,1815.74,1831.34,1830.23,1834.02,1827.5,1832.49
4h,17,0.3005878781476463,529,548,1.0,1653235200000.0,2032.71,1991.0,2017.36,2004.58,2022.8,1992.57,2007.41
4h,17,0.3005878781476463,529,548,2.0,1653249600000.0,2022.8,1992.57,2007.41,2004.58,2056.41,2006.26,2043.19
4h,17,0.3005878781476463,529,548,3.0,1653264000000.0,2056.41,2006.26,2043.19,2007.41,2057.87,2019.5,2030.84
4h,17,0.3005878781476463,529,548,4.0,1653278400000.0,2057.87,2019.5,2043.19,2030.84,2081.74,2025.62,2066.77
4h,17,0.3005878781476463,529,548,5.0,1653292800000.0,2081.74,2025.62,2066.77,2030.85,2085.0,2051.67,2068.96
4h,17,0.3005878781476463,529,548,6.0,1653307200000.0,2085.0,2051.67,2068.96,2066.76,2088.5,2035.71,2065.0
4h,17,0.3005878781476463,529,548,7.0,1653321600000.0,2088.5,2035.71,2068.96,2065.0,2078.83,1978.59,1981.0
4h,17,0.3005878781476463,529,548,8.0,1653336000000.0,2078.83,1978.59,2065.01,1981.0,2004.86,1957.12,1973.32
4h,17,0.3005878781476463,529,548,9.0,1653350400000.0,2004.86,1957.12,1980.99,1973.32,1990.75,1969.05,1987.9
4h,17,0.3005878781476463,529,548,10.0,1653364800000.0,1990.75,1969.05,1987.9,1973.33,1993.83,1974.26,1985.22
4h,17,0.3005878781476463,529,548,11.0,1653379200000.0,1993.83,1974.26,1987.9,1985.22,1985.59,1952.35,1966.36
4h,17,0.3005878781476463,529,548,12.0,1653393600000.0,1985.59,1952.35,1985.22,1966.36,1975.55,1913.02,1962.72
4h,17,0.3005878781476463,529,548,13.0,1653408000000.0,1975.55,1913.02,1966.37,1962.72,1976.99,1934.9,1962.85
4h,17,0.3005878781476463,529,548,14.0,1653422400000.0,1976.99,1934.9,1962.85,1962.71,1990.0,1951.53,1979.41
4h,17,0.3005878781476463,529,548,15.0,1653436800000.0,1990.0,1951.53,1979.41,1962.85,2022.34,1970.23,2014.2
4h,17,0.3005878781476463,529,548,16.0,1653451200000.0,2022.34,1970.23,2014.2,1979.4,2015.3,1973.33,1977.04
4h,17,0.3005878781476463,529,548,17.0,1653465600000.0,2015.3,1973.33,2014.2,1977.04,1981.98,1942.3,1944.07
4h,17,0.3005878781476463,529,548,18.0,1653480000000.0,1981.98,1942.3,1977.04,1944.07,1985.75,1934.61,1964.53
4h,17,0.3005878781476463,529,548,19.0,1653494400000.0,1985.75,1934.61,1964.53,1944.08,1982.84,1944.09,1951.59
4h,18,0.296204025641452,1728,1747,1.0,1670500800000.0,1245.41,1228.2,1240.4,1232.73,1253.65,1235.97,1249.91
4h,18,0.296204025641452,1728,1747,2.0,1670515200000.0,1253.65,1235.97,1249.91,1240.4,1292.58,1248.71,1283.9
4h,18,0.296204025641452,1728,1747,3.0,1670529600000.0,1292.58,1248.71,1283.9,1249.91,1286.44,1275.78,1280.18
4h,18,0.296204025641452,1728,1747,4.0,1670544000000.0,1286.44,1275.78,1283.9,1280.18,1290.91,1273.13,1283.98
4h,18,0.296204025641452,1728,1747,5.0,1670558400000.0,1290.91,1273.13,1283.98,1280.18,1285.83,1277.5,1282.43
4h,18,0.296204025641452,1728,1747,6.0,1670572800000.0,1285.83,1277.5,1283.97,1282.43,1292.95,1278.89,1287.83
4h,18,0.296204025641452,1728,1747,7.0,1670587200000.0,1292.95,1278.89,1287.83,1282.44,1296.64,1250.0,1277.6
4h,18,0.296204025641452,1728,1747,8.0,1670601600000.0,1296.64,1250.0,1287.84,1277.6,1278.0,1263.4,1269.05
4h,18,0.296204025641452,1728,1747,9.0,1670616000000.0,1278.0,1263.4,1277.6,1269.05,1269.25,1255.83,1263.1
4h,18,0.296204025641452,1728,1747,10.0,1670630400000.0,1269.25,1255.83,1269.06,1263.1,1268.6,1261.52,1265.2
4h,18,0.296204025641452,1728,1747,11.0,1670644800000.0,1268.6,1261.52,1265.2,1263.11,1266.67,1262.55,1264.57
4h,18,0.296204025641452,1728,1747,12.0,1670659200000.0,1266.67,1262.55,1265.2,1264.57,1267.67,1259.6,1266.18
4h,18,0.296204025641452,1728,1747,13.0,1670673600000.0,1267.67,1259.6,1266.18,1264.58,1279.26,1263.61,1278.26
4h,18,0.296204025641452,1728,1747,14.0,1670688000000.0,1279.26,1263.61,1278.26,1266.19,1283.61,1266.48,1272.2
4h,18,0.296204025641452,1728,1747,15.0,1670702400000.0,1283.61,1266.48,1278.26,1272.2,1273.68,1261.95,1266.35
4h,18,0.296204025641452,1728,1747,16.0,1670716800000.0,1273.68,1261.95,1272.21,1266.35,1273.37,1265.4,1272.68
4h,18,0.296204025641452,1728,1747,17.0,1670731200000.0,1273.37,1265.4,1272.68,1266.35,1278.13,1272.36,1276.49
4h,18,0.296204025641452,1728,1747,18.0,1670745600000.0,1278.13,1272.36,1276.49,1272.67,1277.17,1270.82,1273.45
4h,18,0.296204025641452,1728,1747,19.0,1670760000000.0,1277.17,1270.82,1276.49,1273.45,1275.98,1269.1,1273.38
4h,19,0.2959883142294938,8006,8025,1.0,1760904000000.0,4026.95,3958.71,3985.75,3978.65,4030.94,3970.0,3982.58
4h,19,0.2959883142294938,8006,8025,2.0,1760918400000.0,4030.94,3970.0,3985.75,3982.58,4038.88,3908.73,4026.9
4h,19,0.2959883142294938,8006,8025,3.0,1760932800000.0,4038.88,3908.73,4026.9,3982.58,4085.3,4023.07,4055.03
4h,19,0.2959883142294938,8006,8025,4.0,1760947200000.0,4085.3,4023.07,4055.03,4026.9,4070.92,4012.21,4035.02
4h,19,0.2959883142294938,8006,8025,5.0,1760961600000.0,4070.92,4012.21,4055.03,4035.02,4049.51,4002.07,4003.98
4h,19,0.2959883142294938,8006,8025,6.0,1760976000000.0,4049.51,4002.07,4035.03,4003.98,4003.99,3922.0,3981.36
4h,19,0.2959883142294938,8006,8025,7.0,1760990400000.0,4003.99,3922.0,4003.99,3981.36,4003.2,3971.01,3979.22
4h,19,0.2959883142294938,8006,8025,8.0,1761004800000.0,4003.2,3971.01,3981.36,3979.22,3985.76,3918.39,3922.66
4h,19,0.2959883142294938,8006,8025,9.0,1761019200000.0,3985.76,3918.39,3979.22,3922.66,3922.66,3840.24,3892.95
4h,19,0.2959883142294938,8006,8025,10.0,1761033600000.0,3922.66,3840.24,3922.66,3892.95,3897.77,3851.0,3890.07
4h,19,0.2959883142294938,8006,8025,11.0,1761048000000.0,3897.77,3851.0,3892.95,3890.07,4084.91,3852.06,4081.66
4h,19,0.2959883142294938,8006,8025,12.0,1761062400000.0,4084.91,3852.06,4081.66,3890.06,4110.0,3965.47,3995.69
4h,19,0.2959883142294938,8006,8025,13.0,1761076800000.0,4110.0,3965.47,4081.66,3995.69,4001.13,3858.0,3873.05
4h,19,0.2959883142294938,8006,8025,14.0,1761091200000.0,4001.13,3858.0,3995.7,3873.05,3889.27,3821.64,3859.57
4h,19,0.2959883142294938,8006,8025,15.0,1761105600000.0,3889.27,3821.64,3873.04,3859.57,3884.34,3838.31,3868.72
4h,19,0.2959883142294938,8006,8025,16.0,1761120000000.0,3884.34,3838.31,3868.72,3859.58,3868.91,3770.02,3829.0
4h,19,0.2959883142294938,8006,8025,17.0,1761134400000.0,3868.91,3770.02,3868.72,3829.0,3876.92,3780.32,3841.76
4h,19,0.2959883142294938,8006,8025,18.0,1761148800000.0,3876.92,3780.32,3841.76,3829.01,3861.9,3784.0,3804.0
4h,19,0.2959883142294938,8006,8025,19.0,1761163200000.0,3861.9,3784.0,3841.76,3804.0,3816.5,3710.0,3805.53
4h,20,0.29596488452121533,9321,9340,1.0,1779840000000.0,2078.78,2065.98,2074.3,2073.77,2084.23,2068.9,2070.0
4h,20,0.29596488452121533,9321,9340,2.0,1779854400000.0,2084.23,2068.9,2073.77,2070.0,2084.16,2056.31,2083.78
4h,20,0.29596488452121533,9321,9340,3.0,1779868800000.0,2084.16,2056.31,2083.78,2070.01,2096.71,2078.26,2080.55
4h,20,0.29596488452121533,9321,9340,4.0,1779883200000.0,2096.71,2078.26,2083.77,2080.55,2097.4,2051.96,2071.38
4h,20,0.29596488452121533,9321,9340,5.0,1779897600000.0,2097.4,2051.96,2080.56,2071.38,2074.5,2043.31,2057.47
4h,20,0.29596488452121533,9321,9340,6.0,1779912000000.0,2074.5,2043.31,2071.39,2057.47,2066.14,2016.0,2024.84
4h,20,0.29596488452121533,9321,9340,7.0,1779926400000.0,2066.14,2016.0,2057.47,2024.84,2029.2,1972.0,1981.55
4h,20,0.29596488452121533,9321,9340,8.0,1779940800000.0,2029.2,1972.0,2024.83,1981.55,1996.78,1967.0,1995.56
4h,20,0.29596488452121533,9321,9340,9.0,1779955200000.0,1996.78,1967.0,1995.56,1981.55,1998.4,1984.85,1989.89
4h,20,0.29596488452121533,9321,9340,10.0,1779969600000.0,1998.4,1984.85,1995.56,1989.89,2002.5,1967.38,1990.65
4h,20,0.29596488452121533,9321,9340,11.0,1779984000000.0,2002.5,1967.38,1990.65,1989.88,2030.0,1985.22,2014.55
4h,20,0.29596488452121533,9321,9340,12.0,1779998400000.0,2030.0,1985.22,2014.55,1990.65,2024.63,2005.43,2009.9
4h,20,0.29596488452121533,9321,9340,13.0,1780012800000.0,2024.63,2005.43,2014.54,2009.9,2017.17,1997.24,2002.78
4h,20,0.29596488452121533,9321,9340,14.0,1780027200000.0,2017.17,1997.24,2009.89,2002.78,2021.51,1998.4,2007.62
4h,20,0.29596488452121533,9321,9340,15.0,1780041600000.0,2021.51,1998.4,2007.62,2002.79,2016.11,2002.35,2007.58
4h,20,0.29596488452121533,9321,9340,16.0,1780056000000.0,2016.11,2002.35,2007.61,2007.58,2046.59,1976.48,2031.62
4h,20,0.29596488452121533,9321,9340,17.0,1780070400000.0,2046.59,1976.48,2031.62,2007.58,2044.29,2005.0,2016.96
4h,20,0.29596488452121533,9321,9340,18.0,1780084800000.0,2044.29,2005.0,2031.62,2016.96,2023.99,2007.0,2014.54
4h,20,0.29596488452121533,9321,9340,19.0,1780099200000.0,2023.99,2007.0,2016.96,2014.54,2023.55,2010.69,2016.83
4h,21,0.295415198889369,6995,7014,1.0,1746345600000.0,1849.95,1829.66,1840.98,1831.89,1841.34,1822.0,1827.6
4h,21,0.295415198889369,6995,7014,2.0,1746360000000.0,1841.34,1822.0,1840.98,1827.6,1833.99,1818.57,1830.8
4h,21,0.295415198889369,6995,7014,3.0,1746374400000.0,1833.99,1818.57,1830.8,1827.61,1833.49,1822.08,1828.4
4h,21,0.295415198889369,6995,7014,4.0,1746388800000.0,1833.49,1822.08,1830.81,1828.4,1842.15,1803.0,1808.86
4h,21,0.295415198889369,6995,7014,5.0,1746403200000.0,1842.15,1803.0,1828.4,1808.86,1818.49,1781.85,1794.51
4h,21,0.295415198889369,6995,7014,6.0,1746417600000.0,1818.49,1781.85,1808.86,1794.51,1829.84,1792.82,1826.59
4h,21,0.295415198889369,6995,7014,7.0,1746432000000.0,1829.84,1792.82,1826.59,1794.5,1831.55,1798.3,1804.63
4h,21,0.295415198889369,6995,7014,8.0,1746446400000.0,1831.55,1798.3,1826.58,1804.63,1815.63,1794.47,1800.99
4h,21,0.295415198889369,6995,7014,9.0,1746460800000.0,1815.63,1794.47,1804.64,1800.99,1828.5,1800.78,1816.44
4h,21,0.295415198889369,6995,7014,10.0,1746475200000.0,1828.5,1800.78,1816.44,1801.0,1833.55,1799.52,1820.19
4h,21,0.295415198889369,6995,7014,11.0,1746489600000.0,1833.55,1799.52,1820.19,1816.44,1820.9,1792.49,1806.35
4h,21,0.295415198889369,6995,7014,12.0,1746504000000.0,1820.9,1792.49,1820.19,1806.35,1809.26,1797.78,1806.03
4h,21,0.295415198889369,6995,7014,13.0,1746518400000.0,1809.26,1797.78,1806.35,1806.03,1806.1,1757.34,1769.92
4h,21,0.295415198889369,6995,7014,14.0,1746532800000.0,1806.1,1757.34,1806.03,1769.92,1779.68,1752.0,1770.09
4h,21,0.295415198889369,6995,7014,15.0,1746547200000.0,1779.68,1752.0,1770.09,1769.92,1798.8,1762.16,1784.79
4h,21,0.295415198889369,6995,7014,16.0,1746561600000.0,1798.8,1762.16,1784.79,1770.09,1819.41,1765.5,1817.0
4h,21,0.295415198889369,6995,7014,17.0,1746576000000.0,1819.41,1765.5,1817.0,1784.8,1850.0,1814.59,1826.48
4h,21,0.295415198889369,6995,7014,18.0,1746590400000.0,1850.0,1814.59,1826.48,1817.0,1838.43,1824.57,1838.24
4h,21,0.295415198889369,6995,7014,19.0,1746604800000.0,1838.43,1824.57,1838.24,1826.48,1847.05,1830.51,1836.35
4h,22,0.2945715490571879,4944,4963,1.0,1716811200000.0,3954.35,3884.17,3914.01,3900.49,3977.0,3891.81,3963.39
4h,22,0.2945715490571879,4944,4963,2.0,1716825600000.0,3977.0,3891.81,3963.39,3900.5,3974.3,3854.16,3873.25
4h,22,0.2945715490571879,4944,4963,3.0,1716840000000.0,3974.3,3854.16,3963.39,3873.25,3905.14,3860.71,3894.22
4h,22,0.2945715490571879,4944,4963,4.0,1716854400000.0,3905.14,3860.71,3894.22,3873.26,3910.0,3827.41,3849.71
4h,22,0.2945715490571879,4944,4963,5.0,1716868800000.0,3910.0,3827.41,3894.21,3849.71,3864.85,3821.63,3847.29
4h,22,0.2945715490571879,4944,4963,6.0,1716883200000.0,3864.85,3821.63,3849.72,3847.29,3931.09,3839.0,3904.34
4h,22,0.2945715490571879,4944,4963,7.0,1716897600000.0,3931.09,3839.0,3904.34,3847.3,3912.0,3831.29,3861.1
4h,22,0.2945715490571879,4944,4963,8.0,1716912000000.0,3912.0,3831.29,3904.34,3861.1,3869.14,3773.9,3840.81
4h,22,0.2945715490571879,4944,4963,9.0,1716926400000.0,3869.14,3773.9,3861.1,3840.81,3871.76,3823.0,3844.69
4h,22,0.2945715490571879,4944,4963,10.0,1716940800000.0,3871.76,3823.0,3844.69,3840.8,3862.41,3835.15,3851.0
4h,22,0.2945715490571879,4944,4963,11.0,1716955200000.0,3862.41,3835.15,3851.0,3844.69,3888.55,3818.48,3820.0
4h,22,0.2945715490571879,4944,4963,12.0,1716969600000.0,3888.55,3818.48,3850.99,3820.0,3828.88,3781.0,3811.16
4h,22,0.2945715490571879,4944,4963,13.0,1716984000000.0,3828.88,3781.0,3819.99,3811.16,3838.83,3750.6,3759.85
4h,22,0.2945715490571879,4944,4963,14.0,1716998400000.0,3838.83,3750.6,3811.15,3759.85,3780.0,3744.41,3749.66
4h,22,0.2945715490571879,4944,4963,15.0,1717012800000.0,3780.0,3744.41,3759.84,3749.66,3792.99,3742.59,3767.43
4h,22,0.2945715490571879,4944,4963,16.0,1717027200000.0,3792.99,3742.59,3767.43,3749.66,3797.79,3750.75,3791.31
4h,22,0.2945715490571879,4944,4963,17.0,1717041600000.0,3797.79,3750.75,3791.31,3767.44,3801.65,3712.73,3720.32
4h,22,0.2945715490571879,4944,4963,18.0,1717056000000.0,3801.65,3712.73,3791.3,3720.32,3757.25,3702.58,3737.0
4h,22,0.2945715490571879,4944,4963,19.0,1717070400000.0,3757.25,3702.58,3737.0,3720.32,3798.97,3733.39,3776.12
4h,23,0.2944653126117805,2769,2788,1.0,1685491200000.0,1914.78,1897.35,1907.33,1900.59,1907.13,1884.29,1897.71
4h,23,0.2944653126117805,2769,2788,2.0,1685505600000.0,1907.13,1884.29,1900.58,1897.71,1898.53,1857.67,1869.31
4h,23,0.2944653126117805,2769,2788,3.0,1685520000000.0,1898.53,1857.67,1897.71,1869.31,1873.46,1862.2,1865.19
4h,23,0.2944653126117805,2769,2788,4.0,1685534400000.0,1873.46,1862.2,1869.3,1865.19,1875.02,1846.95,1857.94
4h,23,0.2944653126117805,2769,2788,5.0,1685548800000.0,1875.02,1846.95,1865.2,1857.94,1869.75,1854.28,1863.63
4h,23,0.2944653126117805,2769,2788,6.0,1685563200000.0,1869.75,1854.28,1863.63,1857.95,1878.14,1861.48,1873.63
4h,23,0.2944653126117805,2769,2788,7.0,1685577600000.0,1878.14,1861.48,1873.63,1863.63,1889.2,1840.0,1855.5
4h,23,0.2944653126117805,2769,2788,8.0,1685592000000.0,1889.2,1840.0,1873.63,1855.5,1860.38,1851.4,1854.21
4h,23,0.2944653126117805,2769,2788,9.0,1685606400000.0,1860.38,1851.4,1855.5,1854.21,1865.96,1852.02,1861.5
4h,23,0.2944653126117805,2769,2788,10.0,1685620800000.0,1865.96,1852.02,1861.5,1854.22,1866.56,1855.68,1863.36
4h,23,0.2944653126117805,2769,2788,11.0,1685635200000.0,1866.56,1855.68,1863.36,1861.5,1882.86,1857.02,1869.27
4h,23,0.2944653126117805,2769,2788,12.0,1685649600000.0,1882.86,1857.02,1869.27,1863.36,1873.6,1852.66,1861.78
4h,23,0.2944653126117805,2769,2788,13.0,1685664000000.0,1873.6,1852.66,1869.28,1861.78,1880.62,1847.51,1878.64
4h,23,0.2944653126117805,2769,2788,14.0,1685678400000.0,1880.62,1847.51,1878.64,1861.78,1897.4,1875.68,1885.65
4h,23,0.2944653126117805,2769,2788,15.0,1685692800000.0,1897.4,1875.68,1885.65,1878.64,1900.64,1885.64,1894.96
4h,23,0.2944653126117805,2769,2788,16.0,1685707200000.0,1900.64,1885.64,1894.96,1885.64,1899.0,1876.65,1892.0
4h,23,0.2944653126117805,2769,2788,17.0,1685721600000.0,1899.0,1876.65,1894.95,1892.0,1910.0,1887.05,1907.6
4h,23,0.2944653126117805,2769,2788,18.0,1685736000000.0,1910.0,1887.05,1907.6,1892.01,1910.0,1902.62,1906.68
4h,23,0.2944653126117805,2769,2788,19.0,1685750400000.0,1910.0,1902.62,1907.61,1906.68,1907.92,1897.42,1899.84
4h,24,0.293969646000924,9109,9128,1.0,1776787200000.0,2327.5,2290.35,2320.45,2310.24,2332.0,2284.19,2298.41
4h,24,0.293969646000924,9109,9128,2.0,1776801600000.0,2332.0,2284.19,2310.25,2298.41,2329.47,2296.04,2327.14
4h,24,0.293969646000924,9109,9128,3.0,1776816000000.0,2329.47,2296.04,2327.14,2298.42,2379.66,2312.95,2363.62
4h,24,0.293969646000924,9109,9128,4.0,1776830400000.0,2379.66,2312.95,2363.62,2327.15,2413.83,2358.41,2389.97
4h,24,0.293969646000924,9109,9128,5.0,1776844800000.0,2413.83,2358.41,2389.97,2363.63,2400.78,2383.0,2398.44
4h,24,0.293969646000924,9109,9128,6.0,1776859200000.0,2400.78,2383.0,2398.44,2389.98,2423.75,2390.9,2403.83
4h,24,0.293969646000924,9109,9128,7.0,1776873600000.0,2423.75,2390.9,2403.83,2398.44,2413.75,2384.17,2397.79
4h,24,0.293969646000924,9109,9128,8.0,1776888000000.0,2413.75,2384.17,2403.84,2397.79,2406.11,2373.95,2374.07
4h,24,0.293969646000924,9109,9128,9.0,1776902400000.0,2406.11,2373.95,2397.8,2374.07,2382.0,2331.5,2340.81
4h,24,0.293969646000924,9109,9128,10.0,1776916800000.0,2382.0,2331.5,2374.08,2340.81,2358.93,2337.12,2344.43
4h,24,0.293969646000924,9109,9128,11.0,1776931200000.0,2358.93,2337.12,2344.43,2340.82,2345.0,2305.61,2328.97
4h,24,0.293969646000924,9109,9128,12.0,1776945600000.0,2345.0,2305.61,2344.43,2328.97,2343.58,2315.23,2333.26
4h,24,0.293969646000924,9109,9128,13.0,1776960000000.0,2343.58,2315.23,2333.26,2328.96,2335.76,2285.42,2312.88
4h,24,0.293969646000924,9109,9128,14.0,1776974400000.0,2335.76,2285.42,2333.26,2312.88,2338.79,2312.74,2330.26
4h,24,0.293969646000924,9109,9128,15.0,1776988800000.0,2338.79,2312.74,2330.26,2312.87,2337.5,2301.35,2308.64
4h,24,0.293969646000924,9109,9128,16.0,1777003200000.0,2337.5,2301.35,2330.27,2308.64,2317.35,2300.22,2311.63
4h,24,0.293969646000924,9109,9128,17.0,1777017600000.0,2317.35,2300.22,2311.63,2308.63,2332.26,2303.74,2328.1
4h,24,0.293969646000924,9109,9128,18.0,1777032000000.0,2332.26,2303.74,2328.1,2311.63,2331.85,2301.61,2323.81
4h,24,0.293969646000924,9109,9128,19.0,1777046400000.0,2331.85,2301.61,2328.1,2323.81,2325.0,2308.82,2321.6
4h,25,0.2939434656237131,1700,1719,1.0,1670097600000.0,1271.48,1262.34,1271.04,1266.19,1266.64,1236.26,1240.51
4h,25,0.2939434656237131,1700,1719,2.0,1670112000000.0,1266.64,1236.26,1266.2,1240.51,1263.73,1240.1,1257.04
4h,25,0.2939434656237131,1700,1719,3.0,1670126400000.0,1263.73,1240.1,1257.04,1240.5,1267.35,1253.5,1257.03
4h,25,0.2939434656237131,1700,1719,4.0,1670140800000.0,1267.35,1253.5,1257.03,1257.03,1263.65,1251.64,1254.94
4h,25,0.2939434656237131,1700,1719,5.0,1670155200000.0,1263.65,1251.64,1257.02,1254.94,1262.48,1249.65,1259.83
4h,25,0.2939434656237131,1700,1719,6.0,1670169600000.0,1262.48,1249.65,1259.83,1254.94,1282.76,1256.65,1278.5
4h,25,0.2939434656237131,1700,1719,7.0,1670184000000.0,1282.76,1256.65,1278.5,1259.84,1287.19,1272.31,1279.41
4h,25,0.2939434656237131,1700,1719,8.0,1670198400000.0,1287.19,1272.31,1279.41,1278.49,1297.58,1276.68,1290.85
4h,25,0.2939434656237131,1700,1719,9.0,1670212800000.0,1297.58,1276.68,1290.85,1279.4,1304.77,1289.75,1297.08
4h,25,0.2939434656237131,1700,1719,10.0,1670227200000.0,1304.77,1289.75,1297.08,1290.86,1305.11,1291.86,1295.13
4h,25,0.2939434656237131,1700,1719,11.0,1670241600000.0,1305.11,1291.86,1297.09,1295.13,1295.13,1259.19,1266.59
4h,25,0.2939434656237131,1700,1719,12.0,1670256000000.0,1295.13,1259.19,1295.13,1266.59,1270.24,1246.61,1253.67
4h,25,0.2939434656237131,1700,1719,13.0,1670270400000.0,1270.24,1246.61,1266.59,1253.67,1260.64,1251.76,1259.41
4h,25,0.2939434656237131,1700,1719,14.0,1670284800000.0,1260.64,1251.76,1259.41,1253.67,1270.08,1259.38,1261.82
4h,25,0.2939434656237131,1700,1719,15.0,1670299200000.0,1270.08,1259.38,1261.82,1259.41,1263.1,1254.4,1260.39
4h,25,0.2939434656237131,1700,1719,16.0,1670313600000.0,1263.1,1254.4,1261.81,1260.39,1264.97,1242.0,1256.08
4h,25,0.2939434656237131,1700,1719,17.0,1670328000000.0,1264.97,1242.0,1260.39,1256.08,1262.16,1244.92,1254.4
4h,25,0.2939434656237131,1700,1719,18.0,1670342400000.0,1262.16,1244.92,1256.09,1254.4,1259.24,1241.56,1250.13
4h,25,0.2939434656237131,1700,1719,19.0,1670356800000.0,1259.24,1241.56,1254.39,1250.13,1274.76,1247.71,1271.32
1d,1,0.27433409943675846,1065,1084,1.0,1622505600000.0,2720.0,2271.44,2706.15,2385.82,2740.0,2523.74,2634.57
1d,1,0.27433409943675846,1065,1084,2.0,1622592000000.0,2740.0,2523.74,2706.15,2634.57,2802.99,2550.0,2706.22
1d,1,0.27433409943675846,1065,1084,3.0,1622678400000.0,2802.99,2550.0,2706.22,2634.31,2891.95,2662.4,2857.25
1d,1,0.27433409943675846,1065,1084,4.0,1622764800000.0,2891.95,2662.4,2857.25,2706.21,2860.0,2552.0,2689.51
1d,1,0.27433409943675846,1065,1084,5.0,1622851200000.0,2860.0,2552.0,2857.25,2689.51,2816.87,2552.23,2627.73
1d,1,0.27433409943675846,1065,1084,6.0,1622937600000.0,2816.87,2552.23,2689.54,2627.73,2745.0,2614.0,2711.92
1d,1,0.27433409943675846,1065,1084,7.0,1623024000000.0,2745.0,2614.0,2711.92,2627.63,2847.55,2570.0,2592.05
1d,1,0.27433409943675846,1065,1084,8.0,1623110400000.0,2847.55,2570.0,2711.92,2592.05,2620.99,2304.91,2507.23
1d,1,0.27433409943675846,1065,1084,9.0,1623196800000.0,2620.99,2304.91,2592.05,2507.23,2626.63,2405.28,2610.18
1d,1,0.27433409943675846,1065,1084,10.0,1623283200000.0,2626.63,2405.28,2610.18,2507.43,2624.46,2425.11,2471.09
1d,1,0.27433409943675846,1065,1084,11.0,1623369600000.0,2624.46,2425.11,2610.2,2471.09,2497.99,2321.37,2354.01
1d,1,0.27433409943675846,1065,1084,12.0,1623456000000.0,2497.99,2321.37,2471.01,2354.01,2454.53,2256.22,2370.74
1d,1,0.27433409943675846,1065,1084,13.0,1623542400000.0,2454.53,2256.22,2370.74,2354.09,2548.41,2308.41,2509.33
1d,1,0.27433409943675846,1065,1084,14.0,1623628800000.0,2548.41,2308.41,2509.33,2370.64,2609.17,2461.0,2580.77
1d,1,0.27433409943675846,1065,1084,15.0,1623715200000.0,2609.17,2461.0,2580.77,2509.33,2640.0,2507.7,2543.54
1d,1,0.27433409943675846,1065,1084,16.0,1623801600000.0,2640.0,2507.7,2580.58,2543.54,2556.19,2351.18,2367.89
1d,1,0.27433409943675846,1065,1084,17.0,1623888000000.0,2556.19,2351.18,2543.55,2367.89,2460.5,2306.0,2373.28
1d,1,0.27433409943675846,1065,1084,18.0,1623974400000.0,2460.5,2306.0,2373.28,2368.02,2378.0,2139.0,2234.09
1d,1,0.27433409943675846,1065,1084,19.0,1624060800000.0,2378.0,2139.0,2373.28,2234.09,2278.82,2161.67,2164.67
1d,2,0.2738171051226423,1891,1910,1.0,1693872000000.0,1644.82,1616.32,1635.84,1630.51,1648.02,1609.69,1634.45
1d,2,0.2738171051226423,1891,1910,2.0,1693958400000.0,1648.02,1609.69,1634.45,1630.52,1670.0,1609.2,1633.15
1d,2,0.2738171051226423,1891,1910,3.0,1694044800000.0,1670.0,1609.2,1634.46,1633.15,1660.0,1623.4,1648.11
1d,2,0.2738171051226423,1891,1910,4.0,1694131200000.0,1660.0,1623.4,1648.11,1633.15,1658.93,1616.21,1636.44
1d,2,0.2738171051226423,1891,1910,5.0,1694217600000.0,1658.93,1616.21,1648.11,1636.44,1637.52,1629.74,1635.54
1d,2,0.2738171051226423,1891,1910,6.0,1694304000000.0,1637.52,1629.74,1636.43,1635.54,1635.7,1600.0,1617.42
1d,2,0.2738171051226423,1891,1910,7.0,1694390400000.0,1635.7,1600.0,1635.53,1617.42,1619.0,1531.01,1551.85
1d,2,0.2738171051226423,1891,1910,8.0,1694476800000.0,1619.0,1531.01,1617.42,1551.85,1626.0,1549.67,1592.97
1d,2,0.2738171051226423,1891,1910,9.0,1694563200000.0,1626.0,1549.67,1592.97,1551.84,1619.3,1581.88,1607.62
1d,2,0.2738171051226423,1891,1910,10.0,1694649600000.0,1619.3,1581.88,1607.62,1592.97,1644.29,1607.05,1626.47
1d,2,0.2738171051226423,1891,1910,11.0,1694736000000.0,1644.29,1607.05,1626.47,1607.61,1654.08,1611.42,1641.29
1d,2,0.2738171051226423,1891,1910,12.0,1694822400000.0,1654.08,1611.42,1641.29,1626.48,1653.17,1631.31,1634.4
1d,2,0.2738171051226423,1891,1910,13.0,1694908800000.0,1653.17,1631.31,1641.3,1634.4,1635.0,1612.0,1622.48
1d,2,0.2738171051226423,1891,1910,14.0,1694995200000.0,1635.0,1612.0,1634.4,1622.48,1669.5,1603.88,1636.66
1d,2,0.2738171051226423,1891,1910,15.0,1695081600000.0,1669.5,1603.88,1636.66,1622.48,1661.04,1626.32,1643.12
1d,2,0.2738171051226423,1891,1910,16.0,1695168000000.0,1661.04,1626.32,1643.12,1636.66,1649.34,1604.51,1622.26
1d,2,0.2738171051226423,1891,1910,17.0,1695254400000.0,1649.34,1604.51,1643.13,1622.26,1625.3,1567.77,1583.94
1d,2,0.2738171051226423,1891,1910,18.0,1695340800000.0,1625.3,1567.77,1622.27,1583.94,1602.68,1576.58,1593.08
1d,2,0.2738171051226423,1891,1910,19.0,1695427200000.0,1602.68,1576.58,1593.08,1583.94,1598.24,1587.45,1593.86
1d,3,0.2734563558174049,391,410,1.0,1564272000000.0,223.3,203.0,218.81,207.3,213.52,198.24,211.62
1d,3,0.2734563558174049,391,410,2.0,1564358400000.0,213.52,198.24,211.62,207.3,215.83,206.59,210.89
1d,3,0.2734563558174049,391,410,3.0,1564444800000.0,215.83,206.59,211.58,210.89,214.36,204.4,209.58
1d,3,0.2734563558174049,391,410,4.0,1564531200000.0,214.36,204.4,210.84,209.58,218.79,209.2,218.42
1d,3,0.2734563558174049,391,410,5.0,1564617600000.0,218.79,209.2,218.42,209.57,219.39,210.54,216.84
1d,3,0.2734563558174049,391,410,6.0,1564704000000.0,219.39,210.54,218.42,216.84,222.18,214.31,217.61
1d,3,0.2734563558174049,391,410,7.0,1564790400000.0,222.18,214.31,217.61,216.8,224.51,216.62,222.14
1d,3,0.2734563558174049,391,410,8.0,1564876800000.0,224.51,216.62,222.14,217.69,223.34,216.9,221.79
1d,3,0.2734563558174049,391,410,9.0,1564963200000.0,223.34,216.9,222.14,221.79,236.25,221.79,233.54
1d,3,0.2734563558174049,391,410,10.0,1565049600000.0,236.25,221.79,233.54,221.79,239.15,223.03,226.28
1d,3,0.2734563558174049,391,410,11.0,1565136000000.0,239.15,223.03,233.53,226.28,231.25,220.95,226.1
1d,3,0.2734563558174049,391,410,12.0,1565222400000.0,231.25,220.95,226.31,226.1,228.5,215.51,221.39
1d,3,0.2734563558174049,391,410,13.0,1565308800000.0,228.5,215.51,226.11,221.39,221.79,207.3,210.53
1d,3,0.2734563558174049,391,410,14.0,1565395200000.0,221.79,207.3,221.38,210.53,215.0,202.6,206.48
1d,3,0.2734563558174049,391,410,15.0,1565481600000.0,215.0,202.6,210.52,206.48,216.94,206.14,216.42
1d,3,0.2734563558174049,391,410,16.0,1565568000000.0,216.94,206.14,216.42,206.48,216.81,209.75,211.41
1d,3,0.2734563558174049,391,410,17.0,1565654400000.0,216.81,209.75,216.41,211.41,214.3,204.0,209.3
1d,3,0.2734563558174049,391,410,18.0,1565740800000.0,214.3,204.0,211.58,209.3,209.9,183.49,187.1
1d,3,0.2734563558174049,391,410,19.0,1565827200000.0,209.9,183.49,209.31,187.1,189.95,181.23,188.03
1d,4,0.2721544206195058,144,163,1.0,1542931200000.0,140.4,125.64,138.36,126.63,128.9,118.56,125.02
1d,4,0.2721544206195058,144,163,2.0,1543017600000.0,128.9,118.56,126.58,125.02,130.81,112.32,114.89
1d,4,0.2721544206195058,144,163,3.0,1543104000000.0,130.81,112.32,125.0,114.89,122.35,102.95,118.67
1d,4,0.2721544206195058,144,163,4.0,1543190400000.0,122.35,102.95,118.67,114.83,121.5,106.41,110.68
1d,4,0.2721544206195058,144,163,5.0,1543276800000.0,121.5,106.41,118.65,110.68,114.31,102.36,111.43
1d,4,0.2721544206195058,144,163,6.0,1543363200000.0,114.31,102.36,111.43,110.66,126.8,111.37,122.9
1d,4,0.2721544206195058,144,163,7.0,1543449600000.0,126.8,111.37,122.9,111.38,124.0,114.78,117.98
1d,4,0.2721544206195058,144,163,8.0,1543536000000.0,124.0,114.78,122.88,117.98,120.26,111.09,113.73
1d,4,0.2721544206195058,144,163,9.0,1543622400000.0,120.26,111.09,117.99,113.73,120.8,111.35,118.1
1d,4,0.2721544206195058,144,163,10.0,1543708800000.0,120.8,111.35,118.1,113.71,120.73,116.0,116.57
1d,4,0.2721544206195058,144,163,11.0,1543795200000.0,120.73,116.0,118.09,116.57,116.96,106.7,108.76
1d,4,0.2721544206195058,144,163,12.0,1543881600000.0,116.96,106.7,116.63,108.76,113.2,106.0,109.94
1d,4,0.2721544206195058,144,163,13.0,1543968000000.0,113.2,106.0,109.94,108.76,110.58,102.38,102.71
1d,4,0.2721544206195058,144,163,14.0,1544054400000.0,110.58,102.38,109.92,102.71,104.68,90.2,91.0
1d,4,0.2721544206195058,144,163,15.0,1544140800000.0,104.68,90.2,102.73,91.0,96.9,82.07,93.05
1d,4,0.2721544206195058,144,163,16.0,1544227200000.0,96.9,82.07,93.05,91.18,98.0,84.55,90.38
1d,4,0.2721544206195058,144,163,17.0,1544313600000.0,98.0,84.55,93.06,90.38,98.7,88.63,93.26
1d,4,0.2721544206195058,144,163,18.0,1544400000000.0,98.7,88.63,93.26,90.39,95.21,88.11,89.91
1d,4,0.2721544206195058,144,163,19.0,1544486400000.0,95.21,88.11,93.26,89.91,91.65,85.83,87.76
1d,5,0.2714769692971006,2714,2733,1.0,1764979200000.0,3193.33,2983.08,3133.26,3021.78,3069.0,3012.58,3038.06
1d,5,0.2714769692971006,2714,2733,2.0,1765065600000.0,3069.0,3012.58,3038.06,3021.77,3150.0,2907.52,3059.85
1d,5,0.2714769692971006,2714,2733,3.0,1765152000000.0,3150.0,2907.52,3059.85,3038.06,3180.51,3040.87,3124.16
1d,5,0.2714769692971006,2714,2733,4.0,1765238400000.0,3180.51,3040.87,3124.16,3059.86,3397.85,3090.8,3318.04
1d,5,0.2714769692971006,2714,2733,5.0,1765324800000.0,3397.85,3090.8,3318.04,3124.16,3447.44,3288.1,3324.14
1d,5,0.2714769692971006,2714,2733,6.0,1765411200000.0,3447.44,3288.1,3324.14,3318.04,3327.37,3145.28,3237.39
1d,5,0.2714769692971006,2714,2733,7.0,1765497600000.0,3327.37,3145.28,3324.14,3237.39,3265.5,3045.31,3084.86
1d,5,0.2714769692971006,2714,2733,8.0,1765584000000.0,3265.5,3045.31,3237.38,3084.86,3135.68,3078.6,3114.64
1d,5,0.2714769692971006,2714,2733,9.0,1765670400000.0,3135.68,3078.6,3114.64,3084.86,3129.54,3024.44,3063.5
1d,5,0.2714769692971006,2714,2733,10.0,1765756800000.0,3129.54,3024.44,3114.64,3063.5,3177.5,2894.57,2964.85
1d,5,0.2714769692971006,2714,2733,11.0,1765843200000.0,3177.5,2894.57,3063.49,2964.85,2981.87,2876.0,2962.3
1d,5,0.2714769692971006,2714,2733,12.0,1765929600000.0,2981.87,2876.0,2964.85,2962.3,3030.92,2791.02,2833.49
1d,5,0.2714769692971006,2714,2733,13.0,1766016000000.0,3030.92,2791.02,2962.3,2833.49,2997.4,2775.19,2828.57
1d,5,0.2714769692971006,2714,2733,14.0,1766102400000.0,2997.4,2775.19,2833.5,2828.57,3020.0,2808.63,2979.5
1d,5,0.2714769692971006,2714,2733,15.0,1766188800000.0,3020.0,2808.63,2979.5,2828.56,2994.41,2964.17,2977.93
1d,5,0.2714769692971006,2714,2733,16.0,1766275200000.0,2994.41,2964.17,2979.49,2977.93,3013.4,2944.0,3002.02
1d,5,0.2714769692971006,2714,2733,17.0,1766361600000.0,3013.4,2944.0,3002.02,2977.93,3077.39,2963.43,3009.49
1d,5,0.2714769692971006,2714,2733,18.0,1766448000000.0,3077.39,2963.43,3009.49,3002.03,3035.79,2900.93,2965.02
1d,5,0.2714769692971006,2714,2733,19.0,1766534400000.0,3035.79,2900.93,3009.48,2965.02,2978.15,2888.7,2947.47
1d,6,0.2688190496102354,981,1000,1.0,1615248000000.0,1843.59,1664.96,1833.18,1726.46,1870.77,1798.2,1870.51
1d,6,0.2688190496102354,981,1000,2.0,1615334400000.0,1870.77,1798.2,1870.51,1833.22,1877.69,1757.0,1795.12
1d,6,0.2688190496102354,981,1000,3.0,1615420800000.0,1877.69,1757.0,1870.5,1795.12,1846.7,1725.0,1825.78
1d,6,0.2688190496102354,981,1000,4.0,1615507200000.0,1846.7,1725.0,1825.78,1795.28,1841.88,1719.72,1766.1
1d,6,0.2688190496102354,981,1000,5.0,1615593600000.0,1841.88,1719.72,1825.78,1766.1,1944.3,1727.75,1922.35
1d,6,0.2688190496102354,981,1000,6.0,1615680000000.0,1944.3,1727.75,1922.35,1766.13,1933.1,1836.0,1848.1
1d,6,0.2688190496102354,981,1000,7.0,1615766400000.0,1933.1,1836.0,1922.35,1848.1,1891.76,1730.0,1793.48
1d,6,0.2688190496102354,981,1000,8.0,1615852800000.0,1891.76,1730.0,1848.1,1793.48,1819.5,1711.68,1805.12
1d,6,0.2688190496102354,981,1000,9.0,1615939200000.0,1819.5,1711.68,1805.12,1793.99,1838.88,1741.18,1823.58
1d,6,0.2688190496102354,981,1000,10.0,1616025600000.0,1838.88,1741.18,1823.58,1805.01,1850.0,1759.04,1776.08
1d,6,0.2688190496102354,981,1000,11.0,1616112000000.0,1850.0,1759.04,1823.58,1776.08,1840.61,1733.47,1809.1
1d,6,0.2688190496102354,981,1000,12.0,1616198400000.0,1840.61,1733.47,1809.1,1775.92,1868.83,1800.86,1806.1
1d,6,0.2688190496102354,981,1000,13.0,1616284800000.0,1868.83,1800.86,1809.01,1806.1,1817.16,1747.0,1782.98
1d,6,0.2688190496102354,981,1000,14.0,1616371200000.0,1817.16,1747.0,1806.57,1782.98,1807.51,1655.15,1680.97
1d,6,0.2688190496102354,981,1000,15.0,1616457600000.0,1807.51,1655.15,1783.23,1680.97,1721.17,1650.0,1668.08
1d,6,0.2688190496102354,981,1000,16.0,1616544000000.0,1721.17,1650.0,1681.17,1668.08,1740.86,1536.92,1581.84
1d,6,0.2688190496102354,981,1000,17.0,1616630400000.0,1740.86,1536.92,1668.2,1581.84,1622.0,1549.4,1585.74
1d,6,0.2688190496102354,981,1000,18.0,1616716800000.0,1622.0,1549.4,1585.74,1581.88,1699.93,1585.79,1698.84
1d,6,0.2688190496102354,981,1000,19.0,1616803200000.0,1699.93,1585.79,1698.84,1585.83,1732.67,1666.41,1712.63
1d,7,0.26519060866981164,1072,1091,1.0,1623110400000.0,2847.55,2570.0,2711.92,2592.05,2620.99,2304.91,2507.23
1d,7,0.26519060866981164,1072,1091,2.0,1623196800000.0,2620.99,2304.91,2592.05,2507.23,2626.63,2405.28,2610.18
1d,7,0.26519060866981164,1072,1091,3.0,1623283200000.0,2626.63,2405.28,2610.18,2507.43,2624.46,2425.11,2471.09
1d,7,0.26519060866981164,1072,1091,4.0,1623369600000.0,2624.46,2425.11,2610.2,2471.09,2497.99,2321.37,2354.01
1d,7,0.26519060866981164,1072,1091,5.0,1623456000000.0,2497.99,2321.37,2471.01,2354.01,2454.53,2256.22,2370.74
1d,7,0.26519060866981164,1072,1091,6.0,1623542400000.0,2454.53,2256.22,2370.74,2354.09,2548.41,2308.41,2509.33
1d,7,0.26519060866981164,1072,1091,7.0,1623628800000.0,2548.41,2308.41,2509.33,2370.64,2609.17,2461.0,2580.77
1d,7,0.26519060866981164,1072,1091,8.0,1623715200000.0,2609.17,2461.0,2580.77,2509.33,2640.0,2507.7,2543.54
1d,7,0.26519060866981164,1072,1091,9.0,1623801600000.0,2640.0,2507.7,2580.58,2543.54,2556.19,2351.18,2367.89
1d,7,0.26519060866981164,1072,1091,10.0,1623888000000.0,2556.19,2351.18,2543.55,2367.89,2460.5,2306.0,2373.28
1d,7,0.26519060866981164,1072,1091,11.0,1623974400000.0,2460.5,2306.0,2373.28,2368.02,2378.0,2139.0,2234.09
1d,7,0.26519060866981164,1072,1091,12.0,1624060800000.0,2378.0,2139.0,2373.28,2234.09,2278.82,2161.67,2164.67
1d,7,0.26519060866981164,1072,1091,13.0,1624147200000.0,2278.82,2161.67,2234.09,2164.67,2280.01,2040.68,2243.47
1d,7,0.26519060866981164,1072,1091,14.0,1624233600000.0,2280.01,2040.68,2243.47,2165.34,2260.16,1865.54,1885.49
1d,7,0.26519060866981164,1072,1091,15.0,1624320000000.0,2260.16,1865.54,2243.49,1885.49,1998.0,1700.48,1879.28
1d,7,0.26519060866981164,1072,1091,16.0,1624406400000.0,1998.0,1700.48,1885.27,1879.28,2045.0,1821.95,1968.14
1d,7,0.26519060866981164,1072,1091,17.0,1624492800000.0,2045.0,1821.95,1968.14,1879.29,2036.61,1884.79,1989.52
1d,7,0.26519060866981164,1072,1091,18.0,1624579200000.0,2036.61,1884.79,1989.52,1967.95,2019.99,1791.22,1808.82
1d,7,0.26519060866981164,1072,1091,19.0,1624665600000.0,2019.99,1791.22,1989.53,1808.82,1852.8,1717.32,1829.64
1d,8,0.2647747289045391,2896,2915,1.0,1780704000000.0,1774.99,1540.19,1770.76,1583.4,1601.22,1505.68,1569.69
1d,8,0.2647747289045391,2896,2915,2.0,1780790400000.0,1601.22,1505.68,1583.4,1569.69,1721.93,1564.1,1690.51
1d,8,0.2647747289045391,2896,2915,3.0,1780876800000.0,1721.93,1564.1,1690.51,1569.68,1714.5,1645.0,1690.49
1d,8,0.2647747289045391,2896,2915,4.0,1780963200000.0,1714.5,1645.0,1690.5,1690.49,1696.88,1614.02,1639.52
1d,8,0.2647747289045391,2896,2915,5.0,1781049600000.0,1696.88,1614.02,1690.48,1639.52,1667.96,1603.44,1621.59
1d,8,0.2647747289045391,2896,2915,6.0,1781136000000.0,1667.96,1603.44,1639.52,1621.59,1693.59,1621.6,1673.46
1d,8,0.2647747289045391,2896,2915,7.0,1781222400000.0,1693.59,1621.6,1673.46,1621.6,1691.07,1652.09,1666.41
1d,8,0.2647747289045391,2896,2915,8.0,1781308800000.0,1691.07,1652.09,1673.46,1666.41,1697.28,1662.2,1681.18
1d,8,0.2647747289045391,2896,2915,9.0,1781395200000.0,1697.28,1662.2,1681.18,1666.42,1732.28,1654.9,1725.62
1d,8,0.2647747289045391,2896,2915,10.0,1781481600000.0,1732.28,1654.9,1725.62,1681.19,1849.54,1709.66,1796.13
1d,8,0.2647747289045391,2896,2915,11.0,1781568000000.0,1849.54,1709.66,1796.13,1725.63,1839.77,1758.0,1792.99
1d,8,0.2647747289045391,2896,2915,12.0,1781654400000.0,1839.77,1758.0,1796.14,1792.99,1810.21,1725.34,1750.6
1d,8,0.2647747289045391,2896,2915,13.0,1781740800000.0,1810.21,1725.34,1793.0,1750.6,1762.99,1671.79,1711.11
1d,8,0.2647747289045391,2896,2915,14.0,1781827200000.0,1762.99,1671.79,1750.61,1711.11,1719.51,1679.11,1711.19
1d,8,0.2647747289045391,2896,2915,15.0,1781913600000.0,1719.51,1679.11,1711.19,1711.11,1749.55,1704.06,1741.08
1d,8,0.2647747289045391,2896,2915,16.0,1782000000000.0,1749.55,1704.06,1741.08,1711.18,1741.45,1702.0,1706.94
1d,8,0.2647747289045391,2896,2915,17.0,1782086400000.0,1741.45,1702.0,1741.08,1706.94,1779.9,1706.94,1728.19
1d,8,0.2647747289045391,2896,2915,18.0,1782172800000.0,1779.9,1706.94,1728.19,1706.94,1736.25,1635.65,1667.13
1d,8,0.2647747289045391,2896,2915,19.0,1782259200000.0,1736.25,1635.65,1728.19,1667.13,1693.67,1552.95,1622.17
1d,9,0.2638811950598586,662,681,1.0,1587686400000.0,193.63,178.16,185.51,182.7,189.8,184.72,187.59
1d,9,0.2638811950598586,662,681,2.0,1587772800000.0,189.8,184.72,187.59,185.57,198.36,185.76,194.21
1d,9,0.2638811950598586,662,681,3.0,1587859200000.0,198.36,185.76,194.21,187.6,200.0,192.3,197.38
1d,9,0.2638811950598586,662,681,4.0,1587945600000.0,200.0,192.3,197.38,194.21,199.05,189.29,196.34
1d,9,0.2638811950598586,662,681,5.0,1588032000000.0,199.05,189.29,197.39,196.34,198.5,192.36,196.24
1d,9,0.2638811950598586,662,681,6.0,1588118400000.0,198.5,192.36,196.33,196.24,218.77,196.22,215.36
1d,9,0.2638811950598586,662,681,7.0,1588204800000.0,218.77,196.22,215.36,196.24,227.3,202.0,206.08
1d,9,0.2638811950598586,662,681,8.0,1588291200000.0,227.3,202.0,215.4,206.08,217.14,205.91,212.02
1d,9,0.2638811950598586,662,681,9.0,1588377600000.0,217.14,205.91,212.02,206.07,215.37,210.36,213.9
1d,9,0.2638811950598586,662,681,10.0,1588464000000.0,215.37,210.36,213.9,212.01,219.3,203.92,209.86
1d,9,0.2638811950598586,662,681,11.0,1588550400000.0,219.3,203.92,213.89,209.86,210.65,194.88,206.48
1d,9,0.2638811950598586,662,681,12.0,1588636800000.0,210.65,194.88,209.86,206.48,211.68,201.0,205.29
1d,9,0.2638811950598586,662,681,13.0,1588723200000.0,211.68,201.0,206.47,205.29,210.77,197.71,198.97
1d,9,0.2638811950598586,662,681,14.0,1588809600000.0,210.77,197.71,205.3,198.97,215.1,196.43,212.0
1d,9,0.2638811950598586,662,681,15.0,1588896000000.0,215.1,196.43,212.0,198.92,216.61,206.9,211.31
1d,9,0.2638811950598586,662,681,16.0,1588982400000.0,216.61,206.9,212.01,211.31,214.6,208.4,210.07
1d,9,0.2638811950598586,662,681,17.0,1589068800000.0,214.6,208.4,211.32,210.07,210.18,179.59,187.54
1d,9,0.2638811950598586,662,681,18.0,1589155200000.0,210.18,179.59,210.09,187.54,193.5,176.0,185.73
1d,9,0.2638811950598586,662,681,19.0,1589241600000.0,193.5,176.0,187.62,185.73,192.24,185.48,189.76
1d,10,0.26183563727713444,1068,1087,1.0,1622764800000.0,2891.95,2662.4,2857.25,2706.21,2860.0,2552.0,2689.51
1d,10,0.26183563727713444,1068,1087,2.0,1622851200000.0,2860.0,2552.0,2857.25,2689.51,2816.87,2552.23,2627.73
1d,10,0.26183563727713444,1068,1087,3.0,1622937600000.0,2816.87,2552.23,2689.54,2627.73,2745.0,2614.0,2711.92
1d,10,0.26183563727713444,1068,1087,4.0,1623024000000.0,2745.0,2614.0,2711.92,2627.63,2847.55,2570.0,2592.05
1d,10,0.26183563727713444,1068,1087,5.0,1623110400000.0,2847.55,2570.0,2711.92,2592.05,2620.99,2304.91,2507.23
1d,10,0.26183563727713444,1068,1087,6.0,1623196800000.0,2620.99,2304.91,2592.05,2507.23,2626.63,2405.28,2610.18
1d,10,0.26183563727713444,1068,1087,7.0,1623283200000.0,2626.63,2405.28,2610.18,2507.43,2624.46,2425.11,2471.09
1d,10,0.26183563727713444,1068,1087,8.0,1623369600000.0,2624.46,2425.11,2610.2,2471.09,2497.99,2321.37,2354.01
1d,10,0.26183563727713444,1068,1087,9.0,1623456000000.0,2497.99,2321.37,2471.01,2354.01,2454.53,2256.22,2370.74
1d,10,0.26183563727713444,1068,1087,10.0,1623542400000.0,2454.53,2256.22,2370.74,2354.09,2548.41,2308.41,2509.33
1d,10,0.26183563727713444,1068,1087,11.0,1623628800000.0,2548.41,2308.41,2509.33,2370.64,2609.17,2461.0,2580.77
1d,10,0.26183563727713444,1068,1087,12.0,1623715200000.0,2609.17,2461.0,2580.77,2509.33,2640.0,2507.7,2543.54
1d,10,0.26183563727713444,1068,1087,13.0,1623801600000.0,2640.0,2507.7,2580.58,2543.54,2556.19,2351.18,2367.89
1d,10,0.26183563727713444,1068,1087,14.0,1623888000000.0,2556.19,2351.18,2543.55,2367.89,2460.5,2306.0,2373.28
1d,10,0.26183563727713444,1068,1087,15.0,1623974400000.0,2460.5,2306.0,2373.28,2368.02,2378.0,2139.0,2234.09
1d,10,0.26183563727713444,1068,1087,16.0,1624060800000.0,2378.0,2139.0,2373.28,2234.09,2278.82,2161.67,2164.67
1d,10,0.26183563727713444,1068,1087,17.0,1624147200000.0,2278.82,2161.67,2234.09,2164.67,2280.01,2040.68,2243.47
1d,10,0.26183563727713444,1068,1087,18.0,1624233600000.0,2280.01,2040.68,2243.47,2165.34,2260.16,1865.54,1885.49
1d,10,0.26183563727713444,1068,1087,19.0,1624320000000.0,2260.16,1865.54,2243.49,1885.49,1998.0,1700.48,1879.28
1d,11,0.26182512670138164,1234,1253,1.0,1637107200000.0,4563.77,4103.0,4563.77,4209.76,4299.91,4063.48,4287.8
1d,11,0.26182512670138164,1234,1253,2.0,1637193600000.0,4299.91,4063.48,4287.8,4209.59,4344.81,3956.44,3996.9
1d,11,0.26182512670138164,1234,1253,3.0,1637280000000.0,4344.81,3956.44,4288.07,3996.9,4308.97,3973.01,4294.76
1d,11,0.26182512670138164,1234,1253,4.0,1637366400000.0,4308.97,3973.01,4294.76,3996.9,4435.88,4199.86,4412.17
1d,11,0.26182512670138164,1234,1253,5.0,1637452800000.0,4435.88,4199.86,4412.17,4294.75,4451.0,4242.41,4258.31
1d,11,0.26182512670138164,1234,1253,6.0,1637539200000.0,4451.0,4242.41,4412.17,4258.31,4320.0,4022.74,4085.97
1d,11,0.26182512670138164,1234,1253,7.0,1637625600000.0,4320.0,4022.74,4259.7,4085.97,4385.59,4059.62,4339.44
1d,11,0.26182512670138164,1234,1253,8.0,1637712000000.0,4385.59,4059.62,4339.44,4086.28,4373.94,4167.65,4269.36
1d,11,0.26182512670138164,1234,1253,9.0,1637798400000.0,4373.94,4167.65,4339.45,4269.36,4550.0,4248.27,4524.85
1d,11,0.26182512670138164,1234,1253,10.0,1637884800000.0,4550.0,4248.27,4524.85,4270.1,4551.0,3913.0,4041.2
1d,11,0.26182512670138164,1234,1253,11.0,1637971200000.0,4551.0,3913.0,4524.48,4041.2,4183.66,4028.34,4095.29
1d,11,0.26182512670138164,1234,1253,12.0,1638057600000.0,4183.66,4028.34,4095.29,4041.2,4298.51,3964.0,4294.78
1d,11,0.26182512670138164,1234,1253,13.0,1638144000000.0,4298.51,3964.0,4294.78,4095.29,4458.92,4276.89,4444.53
1d,11,0.26182512670138164,1234,1253,14.0,1638230400000.0,4458.92,4276.89,4444.53,4294.77,4753.0,4346.36,4630.26
1d,11,0.26182512670138164,1234,1253,15.0,1638316800000.0,4753.0,4346.36,4630.26,4444.54,4778.75,4523.99,4582.95
1d,11,0.26182512670138164,1234,1253,16.0,1638403200000.0,4778.75,4523.99,4630.25,4582.95,4634.83,4433.0,4511.21
1d,11,0.26182512670138164,1234,1253,17.0,1638489600000.0,4634.83,4433.0,4582.95,4511.21,4654.88,4032.5,4215.73
1d,11,0.26182512670138164,1234,1253,18.0,1638576000000.0,4654.88,4032.5,4511.35,4215.73,4238.59,3503.68,4117.25
1d,11,0.26182512670138164,1234,1253,19.0,1638662400000.0,4238.59,3503.68,4215.01,4117.25,4248.19,4031.39,4196.44
1d,12,0.26131651866956906,1795,1814,1.0,1685577600000.0,1907.13,1846.95,1900.58,1873.63,1889.2,1840.0,1861.78
1d,12,0.26131651866956906,1795,1814,2.0,1685664000000.0,1889.2,1840.0,1873.63,1861.78,1910.0,1847.51,1906.68
1d,12,0.26131651866956906,1795,1814,3.0,1685750400000.0,1910.0,1847.51,1906.68,1861.78,1907.92,1881.6,1892.06
1d,12,0.26131651866956906,1795,1814,4.0,1685836800000.0,1907.92,1881.6,1906.69,1892.06,1914.63,1884.22,1890.01
1d,12,0.26131651866956906,1795,1814,5.0,1685923200000.0,1914.63,1884.22,1892.05,1890.01,1890.63,1778.0,1810.5
1d,12,0.26131651866956906,1795,1814,6.0,1686009600000.0,1890.63,1778.0,1890.0,1810.5,1898.29,1797.18,1884.64
1d,12,0.26131651866956906,1795,1814,7.0,1686096000000.0,1898.29,1797.18,1884.64,1810.49,1897.8,1821.18,1832.13
1d,12,0.26131651866956906,1795,1814,8.0,1686182400000.0,1897.8,1821.18,1884.65,1832.13,1861.28,1828.31,1845.64
1d,12,0.26131651866956906,1795,1814,9.0,1686268800000.0,1861.28,1828.31,1845.64,1832.12,1855.0,1827.0,1840.37
1d,12,0.26131651866956906,1795,1814,10.0,1686355200000.0,1855.0,1827.0,1845.65,1840.37,1844.99,1715.03,1751.53
1d,12,0.26131651866956906,1795,1814,11.0,1686441600000.0,1844.99,1715.03,1840.37,1751.53,1778.25,1738.72,1752.76
1d,12,0.26131651866956906,1795,1814,12.0,1686528000000.0,1778.25,1738.72,1752.76,1751.52,1759.33,1720.0,1742.57
1d,12,0.26131651866956906,1795,1814,13.0,1686614400000.0,1759.33,1720.0,1752.77,1742.57,1770.13,1724.22,1740.12
1d,12,0.26131651866956906,1795,1814,14.0,1686700800000.0,1770.13,1724.22,1742.57,1740.12,1750.03,1630.43,1650.95
1d,12,0.26131651866956906,1795,1814,15.0,1686787200000.0,1750.03,1630.43,1740.12,1650.95,1680.91,1626.01,1666.96
1d,12,0.26131651866956906,1795,1814,16.0,1686873600000.0,1680.91,1626.01,1666.96,1650.95,1729.5,1649.86,1717.92
1d,12,0.26131651866956906,1795,1814,17.0,1686960000000.0,1729.5,1649.86,1717.92,1666.96,1770.0,1714.26,1727.76
1d,12,0.26131651866956906,1795,1814,18.0,1687046400000.0,1770.0,1714.26,1727.76,1717.91,1747.84,1712.0,1720.95
1d,12,0.26131651866956906,1795,1814,19.0,1687132800000.0,1747.84,1712.0,1727.75,1720.95,1752.19,1698.0,1737.11
1d,13,0.2608597763334945,2444,2463,1.0,1741651200000.0,2152.4,1810.01,2020.43,1865.1,1963.2,1754.28,1923.43
1d,13,0.2608597763334945,2444,2463,2.0,1741737600000.0,1963.2,1754.28,1923.43,1865.11,1960.0,1829.72,1908.2
1d,13,0.2608597763334945,2444,2463,3.0,1741824000000.0,1960.0,1829.72,1923.42,1908.2,1923.09,1821.81,1864.59
1d,13,0.2608597763334945,2444,2463,4.0,1741910400000.0,1923.09,1821.81,1908.2,1864.59,1945.64,1861.31,1911.65
1d,13,0.2608597763334945,2444,2463,5.0,1741996800000.0,1945.64,1861.31,1911.65,1864.59,1957.19,1903.75,1937.17
1d,13,0.2608597763334945,2444,2463,6.0,1742083200000.0,1957.19,1903.75,1937.17,1911.64,1940.87,1860.38,1887.0
1d,13,0.2608597763334945,2444,2463,7.0,1742169600000.0,1940.87,1860.38,1937.18,1887.0,1952.4,1879.98,1926.31
1d,13,0.2608597763334945,2444,2463,8.0,1742256000000.0,1952.4,1879.98,1926.31,1887.01,1936.2,1872.31,1931.54
1d,13,0.2608597763334945,2444,2463,9.0,1742342400000.0,1936.2,1872.31,1931.54,1926.3,2069.9,1927.58,2056.06
1d,13,0.2608597763334945,2444,2463,10.0,1742428800000.0,2069.9,1927.58,2056.06,1931.54,2067.9,1952.17,1983.79
1d,13,0.2608597763334945,2444,2463,11.0,1742515200000.0,2067.9,1952.17,2056.05,1983.79,1996.73,1937.1,1965.75
1d,13,0.2608597763334945,2444,2463,12.0,1742601600000.0,1996.73,1937.1,1983.79,1965.75,2006.61,1964.34,1980.69
1d,13,0.2608597763334945,2444,2463,13.0,1742688000000.0,2006.61,1964.34,1980.69,1965.74,2020.74,1976.81,2005.99
1d,13,0.2608597763334945,2444,2463,14.0,1742774400000.0,2020.74,1976.81,2005.99,1980.68,2104.11,1977.67,2081.2
1d,13,0.2608597763334945,2444,2463,15.0,1742860800000.0,2104.11,1977.67,2081.2,2005.99,2097.7,2037.08,2066.15
1d,13,0.2608597763334945,2444,2463,16.0,1742947200000.0,2097.7,2037.08,2081.2,2066.15,2079.21,1981.6,2009.52
1d,13,0.2608597763334945,2444,2463,17.0,1743033600000.0,2079.21,1981.6,2066.16,2009.52,2037.38,1987.06,2003.66
1d,13,0.2608597763334945,2444,2463,18.0,1743120000000.0,2037.38,1987.06,2009.52,2003.66,2015.93,1860.0,1896.9
1d,13,0.2608597763334945,2444,2463,19.0,1743206400000.0,2015.93,1860.0,2003.67,1896.9,1913.6,1797.2,1828.08
1d,14,0.26057492887255074,2231,2250,1.0,1723248000000.0,2707.98,2552.61,2682.5,2598.78,2644.7,2576.49,2609.92
1d,14,0.26057492887255074,2231,2250,2.0,1723334400000.0,2644.7,2576.49,2609.92,2598.79,2720.0,2540.0,2555.38
1d,14,0.26057492887255074,2231,2250,3.0,1723420800000.0,2720.0,2540.0,2609.92,2555.38,2750.0,2510.05,2722.3
1d,14,0.26057492887255074,2231,2250,4.0,1723507200000.0,2750.0,2510.05,2722.3,2555.38,2738.4,2611.37,2702.44
1d,14,0.26057492887255074,2231,2250,5.0,1723593600000.0,2738.4,2611.37,2722.3,2702.44,2780.0,2632.2,2661.45
1d,14,0.26057492887255074,2231,2250,6.0,1723680000000.0,2780.0,2632.2,2702.44,2661.45,2675.6,2515.71,2569.89
1d,14,0.26057492887255074,2231,2250,7.0,1723766400000.0,2675.6,2515.71,2661.45,2569.89,2630.97,2550.04,2592.73
1d,14,0.26057492887255074,2231,2250,8.0,1723852800000.0,2630.97,2550.04,2592.73,2569.9,2629.69,2587.5,2614.51
1d,14,0.26057492887255074,2231,2250,9.0,1723939200000.0,2629.69,2587.5,2614.51,2592.72,2689.16,2594.53,2612.15
1d,14,0.26057492887255074,2231,2250,10.0,1724025600000.0,2689.16,2594.53,2614.51,2612.15,2648.08,2563.58,2636.36
1d,14,0.26057492887255074,2231,2250,11.0,1724112000000.0,2648.08,2563.58,2636.36,2612.15,2695.0,2555.0,2572.82
1d,14,0.26057492887255074,2231,2250,12.0,1724198400000.0,2695.0,2555.0,2636.36,2572.82,2663.74,2536.22,2630.71
1d,14,0.26057492887255074,2231,2250,13.0,1724284800000.0,2663.74,2536.22,2630.71,2572.81,2644.69,2584.2,2622.88
1d,14,0.26057492887255074,2231,2250,14.0,1724371200000.0,2644.69,2584.2,2630.71,2622.88,2799.13,2621.4,2762.48
1d,14,0.26057492887255074,2231,2250,15.0,1724457600000.0,2799.13,2621.4,2762.48,2622.89,2820.0,2731.26,2768.0
1d,14,0.26057492887255074,2231,2250,16.0,1724544000000.0,2820.0,2731.26,2768.0,2762.49,2792.28,2733.21,2746.13
1d,14,0.26057492887255074,2231,2250,17.0,1724630400000.0,2792.28,2733.21,2768.01,2746.13,2762.0,2666.66,2680.49
1d,14,0.26057492887255074,2231,2250,18.0,1724716800000.0,2762.0,2666.66,2746.12,2680.49,2699.98,2392.96,2457.33
1d,14,0.26057492887255074,2231,2250,19.0,1724803200000.0,2699.98,2392.96,2680.49,2457.33,2554.6,2418.8,2528.33
1d,15,0.26017771827303643,1791,1810,1.0,1685232000000.0,1836.12,1812.18,1829.89,1827.8,1918.65,1823.6,1908.64
1d,15,0.26017771827303643,1791,1810,2.0,1685318400000.0,1918.65,1823.6,1908.64,1829.89,1927.62,1873.65,1892.6
1d,15,0.26017771827303643,1791,1810,3.0,1685404800000.0,1927.62,1873.65,1908.64,1892.6,1917.0,1881.19,1900.59
1d,15,0.26017771827303643,1791,1810,4.0,1685491200000.0,1917.0,1881.19,1900.59,1892.6,1907.13,1846.95,1873.63
1d,15,0.26017771827303643,1791,1810,5.0,1685577600000.0,1907.13,1846.95,1900.58,1873.63,1889.2,1840.0,1861.78
1d,15,0.26017771827303643,1791,1810,6.0,1685664000000.0,1889.2,1840.0,1873.63,1861.78,1910.0,1847.51,1906.68
1d,15,0.26017771827303643,1791,1810,7.0,1685750400000.0,1910.0,1847.51,1906.68,1861.78,1907.92,1881.6,1892.06
1d,15,0.26017771827303643,1791,1810,8.0,1685836800000.0,1907.92,1881.6,1906.69,1892.06,1914.63,1884.22,1890.01
1d,15,0.26017771827303643,1791,1810,9.0,1685923200000.0,1914.63,1884.22,1892.05,1890.01,1890.63,1778.0,1810.5
1d,15,0.26017771827303643,1791,1810,10.0,1686009600000.0,1890.63,1778.0,1890.0,1810.5,1898.29,1797.18,1884.64
1d,15,0.26017771827303643,1791,1810,11.0,1686096000000.0,1898.29,1797.18,1884.64,1810.49,1897.8,1821.18,1832.13
1d,15,0.26017771827303643,1791,1810,12.0,1686182400000.0,1897.8,1821.18,1884.65,1832.13,1861.28,1828.31,1845.64
1d,15,0.26017771827303643,1791,1810,13.0,1686268800000.0,1861.28,1828.31,1845.64,1832.12,1855.0,1827.0,1840.37
1d,15,0.26017771827303643,1791,1810,14.0,1686355200000.0,1855.0,1827.0,1845.65,1840.37,1844.99,1715.03,1751.53
1d,15,0.26017771827303643,1791,1810,15.0,1686441600000.0,1844.99,1715.03,1840.37,1751.53,1778.25,1738.72,1752.76
1d,15,0.26017771827303643,1791,1810,16.0,1686528000000.0,1778.25,1738.72,1752.76,1751.52,1759.33,1720.0,1742.57
1d,15,0.26017771827303643,1791,1810,17.0,1686614400000.0,1759.33,1720.0,1752.77,1742.57,1770.13,1724.22,1740.12
1d,15,0.26017771827303643,1791,1810,18.0,1686700800000.0,1770.13,1724.22,1742.57,1740.12,1750.03,1630.43,1650.95
1d,15,0.26017771827303643,1791,1810,19.0,1686787200000.0,1750.03,1630.43,1740.12,1650.95,1680.91,1626.01,1666.96
1d,16,0.25983361705314156,1321,1340,1.0,1644624000000.0,3138.62,2879.0,3072.36,2927.54,2985.98,2858.3,2918.88
1d,16,0.25983361705314156,1321,1340,2.0,1644710400000.0,2985.98,2858.3,2927.54,2918.88,2954.4,2836.7,2871.13
1d,16,0.25983361705314156,1321,1340,3.0,1644796800000.0,2954.4,2836.7,2918.58,2871.13,2964.97,2829.01,2929.75
1d,16,0.25983361705314156,1321,1340,4.0,1644883200000.0,2964.97,2829.01,2929.75,2871.14,3196.19,2912.06,3183.52
1d,16,0.25983361705314156,1321,1340,5.0,1644969600000.0,3196.19,2912.06,3183.52,2929.75,3186.77,3044.03,3122.3
1d,16,0.25983361705314156,1321,1340,6.0,1645056000000.0,3186.77,3044.03,3183.53,3122.3,3160.0,2851.55,2891.87
1d,16,0.25983361705314156,1321,1340,7.0,1645142400000.0,3160.0,2851.55,3122.31,2891.87,2943.97,2750.0,2779.48
1d,16,0.25983361705314156,1321,1340,8.0,1645228800000.0,2943.97,2750.0,2891.88,2779.48,2830.96,2694.45,2763.63
1d,16,0.25983361705314156,1321,1340,9.0,1645315200000.0,2830.96,2694.45,2779.3,2763.63,2764.64,2576.0,2621.99
1d,16,0.25983361705314156,1321,1340,10.0,1645401600000.0,2764.64,2576.0,2763.63,2621.99,2759.51,2558.0,2568.02
1d,16,0.25983361705314156,1321,1340,11.0,1645488000000.0,2759.51,2558.0,2621.99,2568.02,2665.74,2500.0,2636.29
1d,16,0.25983361705314156,1321,1340,12.0,1645574400000.0,2665.74,2500.0,2636.29,2568.03,2753.55,2575.83,2579.71
1d,16,0.25983361705314156,1321,1340,13.0,1645660800000.0,2753.55,2575.83,2636.28,2579.71,2740.0,2300.0,2596.2
1d,16,0.25983361705314156,1321,1340,14.0,1645747200000.0,2740.0,2300.0,2596.2,2579.7,2834.97,2571.72,2768.49
1d,16,0.25983361705314156,1321,1340,15.0,1645833600000.0,2834.97,2571.72,2768.49,2596.26,2878.0,2727.5,2779.47
1d,16,0.25983361705314156,1321,1340,16.0,1645920000000.0,2878.0,2727.5,2779.47,2768.05,2836.33,2557.98,2616.79
1d,16,0.25983361705314156,1321,1340,17.0,1646006400000.0,2836.33,2557.98,2779.47,2616.79,2951.6,2568.62,2920.95
1d,16,0.25983361705314156,1321,1340,18.0,1646092800000.0,2951.6,2568.62,2920.95,2616.79,3037.94,2854.09,2976.33
1d,16,0.25983361705314156,1321,1340,19.0,1646179200000.0,3037.94,2854.09,2976.33,2920.83,3043.91,2914.21,2947.3
1d,17,0.2593606741549332,1446,1465,1.0,1655424000000.0,1257.85,1051.55,1237.53,1068.5,1118.0,1051.11,1086.94
1d,17,0.2593606741549332,1446,1465,2.0,1655510400000.0,1118.0,1051.11,1086.94,1068.5,1097.58,881.56,995.13
1d,17,0.2593606741549332,1446,1465,3.0,1655596800000.0,1097.58,881.56,1086.93,995.13,1158.62,936.15,1128.53
1d,17,0.2593606741549332,1446,1465,4.0,1655683200000.0,1158.62,936.15,1128.53,995.12,1170.0,1053.0,1128.24
1d,17,0.2593606741549332,1446,1465,5.0,1655769600000.0,1170.0,1053.0,1128.53,1128.24,1194.0,1109.23,1125.85
1d,17,0.2593606741549332,1446,1465,6.0,1655856000000.0,1194.0,1109.23,1128.24,1125.85,1127.33,1043.65,1050.19
1d,17,0.2593606741549332,1446,1465,7.0,1655942400000.0,1127.33,1043.65,1125.86,1050.19,1155.0,1045.3,1144.72
1d,17,0.2593606741549332,1446,1465,8.0,1656028800000.0,1155.0,1045.3,1144.72,1050.19,1245.43,1132.0,1225.02
1d,17,0.2593606741549332,1446,1465,9.0,1656115200000.0,1245.43,1132.0,1225.02,1144.71,1256.77,1180.0,1242.36
1d,17,0.2593606741549332,1446,1465,10.0,1656201600000.0,1256.77,1180.0,1242.36,1225.02,1280.0,1194.6,1197.79
1d,17,0.2593606741549332,1446,1465,11.0,1656288000000.0,1280.0,1194.6,1242.31,1197.79,1238.93,1172.49,1192.51
1d,17,0.2593606741549332,1446,1465,12.0,1656374400000.0,1238.93,1172.49,1197.79,1192.51,1237.99,1136.32,1144.05
1d,17,0.2593606741549332,1446,1465,13.0,1656460800000.0,1237.99,1136.32,1192.51,1144.05,1156.8,1087.42,1100.21
1d,17,0.2593606741549332,1446,1465,14.0,1656547200000.0,1156.8,1087.42,1144.05,1100.21,1106.62,998.0,1071.01
1d,17,0.2593606741549332,1446,1465,15.0,1656633600000.0,1106.62,998.0,1100.21,1071.01,1117.0,1033.44,1059.73
1d,17,0.2593606741549332,1446,1465,16.0,1656720000000.0,1117.0,1033.44,1071.02,1059.73,1078.88,1028.29,1067.01
1d,17,0.2593606741549332,1446,1465,17.0,1656806400000.0,1078.88,1028.29,1067.01,1059.73,1088.34,1040.78,1074.26
1d,17,0.2593606741549332,1446,1465,18.0,1656892800000.0,1088.34,1040.78,1074.26,1067.01,1160.9,1045.37,1151.0
1d,17,0.2593606741549332,1446,1465,19.0,1656979200000.0,1160.9,1045.37,1151.0,1074.26,1174.9,1076.34,1132.5
1d,18,0.2587049972105805,23,42,1.0,1532476800000.0,484.27,448.47,479.28,450.05,485.77,464.0,472.1
1d,18,0.2587049972105805,23,42,2.0,1532563200000.0,485.77,464.0,479.24,472.1,485.0,460.0,462.64
1d,18,0.2587049972105805,23,42,3.0,1532649600000.0,485.0,460.0,472.11,462.64,474.0,455.84,470.09
1d,18,0.2587049972105805,23,42,4.0,1532736000000.0,474.0,455.84,470.09,462.17,472.0,460.82,469.29
1d,18,0.2587049972105805,23,42,5.0,1532822400000.0,472.0,460.82,470.09,469.29,472.0,461.6,466.4
1d,18,0.2587049972105805,23,42,6.0,1532908800000.0,472.0,461.6,468.44,466.4,469.79,446.1,456.23
1d,18,0.2587049972105805,23,42,7.0,1532995200000.0,469.79,446.1,466.4,456.23,457.3,427.0,432.22
1d,18,0.2587049972105805,23,42,8.0,1533081600000.0,457.3,427.0,456.19,432.22,434.99,406.55,420.41
1d,18,0.2587049972105805,23,42,9.0,1533168000000.0,434.99,406.55,432.2,420.41,425.52,407.43,410.62
1d,18,0.2587049972105805,23,42,10.0,1533254400000.0,425.52,407.43,420.37,410.62,420.01,396.61,417.52
1d,18,0.2587049972105805,23,42,11.0,1533340800000.0,420.01,396.61,417.52,410.62,419.53,401.86,407.21
1d,18,0.2587049972105805,23,42,12.0,1533427200000.0,419.53,401.86,417.58,407.21,413.24,400.16,408.79
1d,18,0.2587049972105805,23,42,13.0,1533513600000.0,413.24,400.16,408.79,407.21,413.28,397.08,405.28
1d,18,0.2587049972105805,23,42,14.0,1533600000000.0,413.28,397.08,408.77,405.28,412.76,369.19,378.21
1d,18,0.2587049972105805,23,42,15.0,1533686400000.0,412.76,369.19,405.19,378.21,380.42,347.25,355.48
1d,18,0.2587049972105805,23,42,16.0,1533772800000.0,380.42,347.25,378.2,355.48,369.9,350.51,363.3
1d,18,0.2587049972105805,23,42,17.0,1533859200000.0,369.9,350.51,363.3,355.48,365.87,325.95,331.81
1d,18,0.2587049972105805,23,42,18.0,1533945600000.0,365.87,325.95,363.21,331.81,332.98,304.45,317.69
1d,18,0.2587049972105805,23,42,19.0,1534032000000.0,332.98,304.45,331.88,317.69,327.13,313.42,317.89
1d,19,0.25775985473890634,281,300,1.0,1554768000000.0,185.87,170.9,178.72,174.29,179.17,171.05,174.6
1d,19,0.25775985473890634,281,300,2.0,1554854400000.0,179.17,171.05,178.71,174.6,183.77,168.0,177.12
1d,19,0.25775985473890634,281,300,3.0,1554940800000.0,183.77,168.0,177.12,174.58,177.48,158.27,164.07
1d,19,0.25775985473890634,281,300,4.0,1555027200000.0,177.48,158.27,177.12,164.07,166.5,158.11,163.19
1d,19,0.25775985473890634,281,300,5.0,1555113600000.0,166.5,158.11,164.06,163.19,165.37,160.74,162.99
1d,19,0.25775985473890634,281,300,6.0,1555200000000.0,165.37,160.74,163.2,162.99,168.11,161.2,167.23
1d,19,0.25775985473890634,281,300,7.0,1555286400000.0,168.11,161.2,167.23,162.99,168.81,155.7,159.95
1d,19,0.25775985473890634,281,300,8.0,1555372800000.0,168.81,155.7,167.21,159.95,166.73,159.41,165.37
1d,19,0.25775985473890634,281,300,9.0,1555459200000.0,166.73,159.41,165.37,159.91,167.28,163.78,165.75
1d,19,0.25775985473890634,281,300,10.0,1555545600000.0,167.28,163.78,165.75,165.41,175.2,165.04,173.33
1d,19,0.25775985473890634,281,300,11.0,1555632000000.0,175.2,165.04,173.33,165.75,173.55,168.59,172.64
1d,19,0.25775985473890634,281,300,12.0,1555718400000.0,173.55,168.59,173.34,172.64,176.97,169.87,172.88
1d,19,0.25775985473890634,281,300,13.0,1555804800000.0,176.97,169.87,172.88,172.66,173.48,164.82,168.59
1d,19,0.25775985473890634,281,300,14.0,1555891200000.0,173.48,164.82,172.89,168.59,172.3,167.0,170.52
1d,19,0.25775985473890634,281,300,15.0,1555977600000.0,172.3,167.0,170.52,168.59,175.83,167.78,169.16
1d,19,0.25775985473890634,281,300,16.0,1556064000000.0,175.83,167.78,170.52,169.16,169.87,159.26,164.78
1d,19,0.25775985473890634,281,300,17.0,1556150400000.0,169.87,159.26,169.15,164.78,165.49,150.35,154.72
1d,19,0.25775985473890634,281,300,18.0,1556236800000.0,165.49,150.35,164.78,154.72,162.56,151.4,157.95
1d,19,0.25775985473890634,281,300,19.0,1556323200000.0,162.56,151.4,157.95,154.7,166.24,156.35,159.31
1d,20,0.2577281015079168,979,998,1.0,1615075200000.0,1671.58,1513.03,1650.35,1528.08,1734.16,1630.35,1726.16
1d,20,0.2577281015079168,979,998,2.0,1615161600000.0,1734.16,1630.35,1726.16,1650.68,1843.59,1664.96,1833.18
1d,20,0.2577281015079168,979,998,3.0,1615248000000.0,1843.59,1664.96,1833.18,1726.46,1870.77,1798.2,1870.51
1d,20,0.2577281015079168,979,998,4.0,1615334400000.0,1870.77,1798.2,1870.51,1833.22,1877.69,1757.0,1795.12
1d,20,0.2577281015079168,979,998,5.0,1615420800000.0,1877.69,1757.0,1870.5,1795.12,1846.7,1725.0,1825.78
1d,20,0.2577281015079168,979,998,6.0,1615507200000.0,1846.7,1725.0,1825.78,1795.28,1841.88,1719.72,1766.1
1d,20,0.2577281015079168,979,998,7.0,1615593600000.0,1841.88,1719.72,1825.78,1766.1,1944.3,1727.75,1922.35
1d,20,0.2577281015079168,979,998,8.0,1615680000000.0,1944.3,1727.75,1922.35,1766.13,1933.1,1836.0,1848.1
1d,20,0.2577281015079168,979,998,9.0,1615766400000.0,1933.1,1836.0,1922.35,1848.1,1891.76,1730.0,1793.48
1d,20,0.2577281015079168,979,998,10.0,1615852800000.0,1891.76,1730.0,1848.1,1793.48,1819.5,1711.68,1805.12
1d,20,0.2577281015079168,979,998,11.0,1615939200000.0,1819.5,1711.68,1805.12,1793.99,1838.88,1741.18,1823.58
1d,20,0.2577281015079168,979,998,12.0,1616025600000.0,1838.88,1741.18,1823.58,1805.01,1850.0,1759.04,1776.08
1d,20,0.2577281015079168,979,998,13.0,1616112000000.0,1850.0,1759.04,1823.58,1776.08,1840.61,1733.47,1809.1
1d,20,0.2577281015079168,979,998,14.0,1616198400000.0,1840.61,1733.47,1809.1,1775.92,1868.83,1800.86,1806.1
1d,20,0.2577281015079168,979,998,15.0,1616284800000.0,1868.83,1800.86,1809.01,1806.1,1817.16,1747.0,1782.98
1d,20,0.2577281015079168,979,998,16.0,1616371200000.0,1817.16,1747.0,1806.57,1782.98,1807.51,1655.15,1680.97
1d,20,0.2577281015079168,979,998,17.0,1616457600000.0,1807.51,1655.15,1783.23,1680.97,1721.17,1650.0,1668.08
1d,20,0.2577281015079168,979,998,18.0,1616544000000.0,1721.17,1650.0,1681.17,1668.08,1740.86,1536.92,1581.84
1d,20,0.2577281015079168,979,998,19.0,1616630400000.0,1740.86,1536.92,1668.2,1581.84,1622.0,1549.4,1585.74
1d,21,0.2574517554701999,68,87,1.0,1536364800000.0,234.69,213.5,229.73,215.22,220.2,190.01,196.71
1d,21,0.2574517554701999,68,87,2.0,1536451200000.0,220.2,190.01,215.19,196.71,208.6,185.02,195.81
1d,21,0.2574517554701999,68,87,3.0,1536537600000.0,208.6,185.02,196.87,195.81,203.42,187.1,197.15
1d,21,0.2574517554701999,68,87,4.0,1536624000000.0,203.42,187.1,197.15,196.13,200.2,176.16,185.18
1d,21,0.2574517554701999,68,87,5.0,1536710400000.0,200.2,176.16,197.22,185.18,185.22,167.32,183.12
1d,21,0.2574517554701999,68,87,6.0,1536796800000.0,185.22,167.32,185.14,183.12,215.0,183.15,210.68
1d,21,0.2574517554701999,68,87,7.0,1536883200000.0,215.0,183.15,210.68,183.17,224.2,202.6,208.82
1d,21,0.2574517554701999,68,87,8.0,1536969600000.0,224.2,202.6,210.91,208.82,227.42,207.64,221.29
1d,21,0.2574517554701999,68,87,9.0,1537056000000.0,227.42,207.64,221.29,208.55,223.5,208.1,220.17
1d,21,0.2574517554701999,68,87,10.0,1537142400000.0,223.5,208.1,221.62,220.17,225.0,192.4,196.16
1d,21,0.2574517554701999,68,87,11.0,1537228800000.0,225.0,192.4,220.24,196.16,215.47,193.47,208.17
1d,21,0.2574517554701999,68,87,12.0,1537315200000.0,215.47,193.47,208.17,196.25,214.84,197.58,209.79
1d,21,0.2574517554701999,68,87,13.0,1537401600000.0,214.84,197.58,209.79,208.42,226.68,205.56,224.0
1d,21,0.2574517554701999,68,87,14.0,1537488000000.0,226.68,205.56,224.0,209.79,252.11,220.66,247.73
1d,21,0.2574517554701999,68,87,15.0,1537574400000.0,252.11,220.66,247.73,224.0,255.13,232.7,241.01
1d,21,0.2574517554701999,68,87,16.0,1537660800000.0,255.13,232.7,247.67,241.01,249.73,237.0,244.5
1d,21,0.2574517554701999,68,87,17.0,1537747200000.0,249.73,237.0,244.5,241.01,246.2,225.3,228.06
1d,21,0.2574517554701999,68,87,18.0,1537833600000.0,246.2,225.3,244.54,228.06,228.1,203.61,219.62
1d,21,0.2574517554701999,68,87,19.0,1537920000000.0,228.1,203.61,228.06,219.62,223.6,207.5,214.42
1d,22,0.2568240925431699,2782,2801,1.0,1770854400000.0,2032.31,1903.19,2022.67,1941.18,2001.42,1897.24,1947.85
1d,22,0.2568240925431699,2782,2801,2.0,1770940800000.0,2001.42,1897.24,1947.85,1941.19,2073.68,1924.72,2048.72
1d,22,0.2568240925431699,2782,2801,3.0,1771027200000.0,2073.68,1924.72,2048.72,1947.85,2107.67,2042.37,2086.59
1d,22,0.2568240925431699,2782,2801,4.0,1771113600000.0,2107.67,2042.37,2086.59,2048.72,2103.32,1928.88,1966.58
1d,22,0.2568240925431699,2782,2801,5.0,1771200000000.0,2103.32,1928.88,2086.59,1966.58,2023.51,1937.24,1998.33
1d,22,0.2568240925431699,2782,2801,6.0,1771286400000.0,2023.51,1937.24,1998.33,1966.59,2015.33,1941.66,1991.66
1d,22,0.2568240925431699,2782,2801,7.0,1771372800000.0,2015.33,1941.66,1998.34,1991.66,2039.05,1923.78,1955.91
1d,22,0.2568240925431699,2782,2801,8.0,1771459200000.0,2039.05,1923.78,1991.67,1955.91,1987.55,1907.0,1949.08
1d,22,0.2568240925431699,2782,2801,9.0,1771545600000.0,1987.55,1907.0,1955.9,1949.08,1981.18,1922.97,1968.88
1d,22,0.2568240925431699,2782,2801,10.0,1771632000000.0,1981.18,1922.97,1968.88,1949.08,1995.56,1955.62,1973.35
1d,22,0.2568240925431699,2782,2801,11.0,1771718400000.0,1995.56,1955.62,1973.35,1968.88,1983.13,1935.0,1957.82
1d,22,0.2568240925431699,2782,2801,12.0,1771804800000.0,1983.13,1935.0,1973.35,1957.82,1958.33,1837.13,1856.3
1d,22,0.2568240925431699,2782,2801,13.0,1771891200000.0,1958.33,1837.13,1957.82,1856.3,1869.58,1800.0,1851.94
1d,22,0.2568240925431699,2782,2801,14.0,1771977600000.0,1869.58,1800.0,1856.3,1851.94,2148.39,1846.74,2057.48
1d,22,0.2568240925431699,2782,2801,15.0,1772064000000.0,2148.39,1846.74,2057.48,1851.95,2083.33,1975.35,2027.68
1d,22,0.2568240925431699,2782,2801,16.0,1772150400000.0,2083.33,1975.35,2057.48,2027.68,2063.52,1887.0,1929.84
1d,22,0.2568240925431699,2782,2801,17.0,1772236800000.0,2063.52,1887.0,2027.68,1929.84,1984.99,1835.36,1964.51
1d,22,0.2568240925431699,2782,2801,18.0,1772323200000.0,1984.99,1835.36,1964.51,1929.84,2054.8,1907.41,1939.71
1d,22,0.2568240925431699,2782,2801,19.0,1772409600000.0,2054.8,1907.41,1964.51,1939.71,2090.0,1920.0,2027.35
1d,23,0.25656555663145875,1055,1074,1.0,1621641600000.0,2938.54,2101.0,2767.87,2430.98,2485.0,2145.0,2294.87
1d,23,0.25656555663145875,1055,1074,2.0,1621728000000.0,2485.0,2145.0,2430.98,2294.87,2381.57,1728.74,2096.39
1d,23,0.25656555663145875,1055,1074,3.0,1621814400000.0,2381.57,1728.74,2295.45,2096.39,2675.0,2079.94,2648.43
1d,23,0.25656555663145875,1055,1074,4.0,1621900800000.0,2675.0,2079.94,2648.43,2096.63,2750.0,2378.54,2705.11
1d,23,0.25656555663145875,1055,1074,5.0,1621987200000.0,2750.0,2378.54,2705.11,2647.92,2910.0,2643.0,2884.94
1d,23,0.25656555663145875,1055,1074,6.0,1622073600000.0,2910.0,2643.0,2884.94,2705.1,2889.74,2633.68,2742.23
1d,23,0.25656555663145875,1055,1074,7.0,1622160000000.0,2889.74,2633.68,2884.82,2742.23,2762.45,2327.38,2412.1
1d,23,0.25656555663145875,1055,1074,8.0,1622246400000.0,2762.45,2327.38,2742.23,2412.1,2574.27,2204.1,2278.74
1d,23,0.25656555663145875,1055,1074,9.0,1622332800000.0,2574.27,2204.1,2412.34,2278.74,2476.42,2180.53,2385.98
1d,23,0.25656555663145875,1055,1074,10.0,1622419200000.0,2476.42,2180.53,2385.98,2278.74,2720.0,2271.44,2706.15
1d,23,0.25656555663145875,1055,1074,11.0,1622505600000.0,2720.0,2271.44,2706.15,2385.82,2740.0,2523.74,2634.57
1d,23,0.25656555663145875,1055,1074,12.0,1622592000000.0,2740.0,2523.74,2706.15,2634.57,2802.99,2550.0,2706.22
1d,23,0.25656555663145875,1055,1074,13.0,1622678400000.0,2802.99,2550.0,2706.22,2634.31,2891.95,2662.4,2857.25
1d,23,0.25656555663145875,1055,1074,14.0,1622764800000.0,2891.95,2662.4,2857.25,2706.21,2860.0,2552.0,2689.51
1d,23,0.25656555663145875,1055,1074,15.0,1622851200000.0,2860.0,2552.0,2857.25,2689.51,2816.87,2552.23,2627.73
1d,23,0.25656555663145875,1055,1074,16.0,1622937600000.0,2816.87,2552.23,2689.54,2627.73,2745.0,2614.0,2711.92
1d,23,0.25656555663145875,1055,1074,17.0,1623024000000.0,2745.0,2614.0,2711.92,2627.63,2847.55,2570.0,2592.05
1d,23,0.25656555663145875,1055,1074,18.0,1623110400000.0,2847.55,2570.0,2711.92,2592.05,2620.99,2304.91,2507.23
1d,23,0.25656555663145875,1055,1074,19.0,1623196800000.0,2620.99,2304.91,2592.05,2507.23,2626.63,2405.28,2610.18
1d,24,0.2555745519677011,1571,1590,1.0,1666224000000.0,1313.5,1280.31,1310.71,1285.09,1310.87,1270.36,1282.57
1d,24,0.2555745519677011,1571,1590,2.0,1666310400000.0,1310.87,1270.36,1285.09,1282.57,1306.97,1252.65,1299.75
1d,24,0.2555745519677011,1571,1590,3.0,1666396800000.0,1306.97,1252.65,1299.75,1282.57,1320.2,1294.32,1313.61
1d,24,0.2555745519677011,1571,1590,4.0,1666483200000.0,1320.2,1294.32,1313.61,1299.76,1371.55,1299.44,1364.2
1d,24,0.2555745519677011,1571,1590,5.0,1666569600000.0,1371.55,1299.44,1364.2,1313.62,1370.6,1324.17,1343.61
1d,24,0.2555745519677011,1571,1590,6.0,1666656000000.0,1370.6,1324.17,1364.19,1343.61,1525.16,1334.94,1459.74
1d,24,0.2555745519677011,1571,1590,7.0,1666742400000.0,1525.16,1334.94,1459.74,1343.61,1594.99,1457.44,1566.1
1d,24,0.2555745519677011,1571,1590,8.0,1666828800000.0,1594.99,1457.44,1566.1,1459.74,1578.58,1503.2,1514.05
1d,24,0.2555745519677011,1571,1590,9.0,1666915200000.0,1578.58,1503.2,1566.11,1514.05,1574.9,1479.82,1554.41
1d,24,0.2555745519677011,1571,1590,10.0,1667001600000.0,1574.9,1479.82,1554.41,1514.04,1663.06,1547.66,1619.55
1d,24,0.2555745519677011,1571,1590,11.0,1667088000000.0,1663.06,1547.66,1619.55,1554.4,1640.06,1576.56,1590.44
1d,24,0.2555745519677011,1571,1590,12.0,1667174400000.0,1640.06,1576.56,1619.55,1590.44,1635.8,1545.43,1572.69
1d,24,0.2555745519677011,1571,1590,13.0,1667260800000.0,1635.8,1545.43,1590.45,1572.69,1612.92,1563.69,1578.48
1d,24,0.2555745519677011,1571,1590,14.0,1667347200000.0,1612.92,1563.69,1578.48,1572.69,1621.68,1502.32,1518.34
1d,24,0.2555745519677011,1571,1590,15.0,1667433600000.0,1621.68,1502.32,1578.47,1518.34,1559.01,1515.17,1531.01
1d,24,0.2555745519677011,1571,1590,16.0,1667520000000.0,1559.01,1515.17,1531.01,1518.33,1680.0,1528.4,1644.78
1d,24,0.2555745519677011,1571,1590,17.0,1667606400000.0,1680.0,1528.4,1644.78,1531.01,1666.97,1621.42,1626.98
1d,24,0.2555745519677011,1571,1590,18.0,1667692800000.0,1666.97,1621.42,1644.78,1626.98,1639.02,1564.39,1568.29
1d,24,0.2555745519677011,1571,1590,19.0,1667779200000.0,1639.02,1564.39,1626.98,1568.29,1608.04,1545.03,1568.1
1d,25,0.254708755165269,1873,1892,1.0,1692316800000.0,1809.99,1550.0,1807.81,1681.49,1699.4,1641.02,1661.59
1d,25,0.254708755165269,1873,1892,2.0,1692403200000.0,1699.4,1641.02,1681.49,1661.59,1696.72,1654.31,1669.67
1d,25,0.254708755165269,1873,1892,3.0,1692489600000.0,1696.72,1654.31,1669.67,1661.6,1694.75,1662.03,1685.24
1d,25,0.254708755165269,1873,1892,4.0,1692576000000.0,1694.75,1662.03,1685.24,1669.68,1688.59,1649.4,1667.55
1d,25,0.254708755165269,1873,1892,5.0,1692662400000.0,1688.59,1649.4,1685.23,1667.55,1669.38,1580.0,1634.99
1d,25,0.254708755165269,1873,1892,6.0,1692748800000.0,1669.38,1580.0,1667.56,1634.99,1702.11,1629.05,1679.61
1d,25,0.254708755165269,1873,1892,7.0,1692835200000.0,1702.11,1629.05,1679.61,1635.0,1683.37,1635.28,1661.16
1d,25,0.254708755165269,1873,1892,8.0,1692921600000.0,1683.37,1635.28,1679.61,1661.16,1677.22,1635.51,1653.8
1d,25,0.254708755165269,1873,1892,9.0,1693008000000.0,1677.22,1635.51,1661.16,1653.8,1655.59,1644.0,1647.04
1d,25,0.254708755165269,1873,1892,10.0,1693094400000.0,1655.59,1644.0,1653.79,1647.04,1660.24,1646.32,1658.33
1d,25,0.254708755165269,1873,1892,11.0,1693180800000.0,1660.24,1646.32,1658.33,1647.03,1664.34,1621.75,1653.08
1d,25,0.254708755165269,1873,1892,12.0,1693267200000.0,1664.34,1621.75,1658.33,1653.08,1745.84,1640.0,1729.42
1d,25,0.254708755165269,1873,1892,13.0,1693353600000.0,1745.84,1640.0,1729.42,1653.08,1730.93,1694.34,1705.23
1d,25,0.254708755165269,1873,1892,14.0,1693440000000.0,1730.93,1694.34,1729.41,1705.23,1729.0,1630.0,1645.76
1d,25,0.254708755165269,1873,1892,15.0,1693526400000.0,1729.0,1630.0,1705.23,1645.76,1654.53,1602.33,1629.12
1d,25,0.254708755165269,1873,1892,16.0,1693612800000.0,1654.53,1602.33,1645.77,1629.12,1645.0,1628.03,1637.03
1d,25,0.254708755165269,1873,1892,17.0,1693699200000.0,1645.0,1628.03,1637.03,1629.13,1647.5,1625.14,1635.84
1d,25,0.254708755165269,1873,1892,18.0,1693785600000.0,1647.5,1625.14,1637.02,1635.84,1644.82,1616.32,1630.51
1d,25,0.254708755165269,1873,1892,19.0,1693872000000.0,1644.82,1616.32,1635.84,1630.51,1648.02,1609.69,1634.45
